concept_key,preferred_name,semantic_definition,entity_level,value_type,cardinality,structured_shape_ref,source_of_truth_kind,read_contract,write_contract,applicability_kind,owner_candidate,representation_candidate,localization_kind,vocabulary_kind,concept_status,evidence_platforms,evidence_coverage_count,alias_concept_keys,broader_concept_key,conflicts_with_concept_keys,decision_reference,confidence,review_status,review_note
adobe:alias:attribute_set,"alias:attribute set","Adobe-local semantic represented by frozen provider evidence.",ProviderContextual,attribute_set_reference,context_dependent,not_applicable,mixed_provider_representation,import_representation|surface_defined,surface_defined|writable,provider_context,AttributeSchema,id_code_resolution,store_scope_not_localization,provider_controlled_or_typed,governance,adobe_commerce,4,not_applicable,not_applicable,not_applicable,not_applicable,supported,PROVIDER_VERIFIED,"Attribute Set ID and code require connector-context resolution."
adobe:alias:bundle_composition,"alias:bundle composition","Adobe-local semantic represented by frozen provider evidence.",ProviderContextual,bundle_composition,context_dependent,not_applicable,mixed_provider_representation,import_representation|surface_defined,surface_defined|writable,provider_context,BundleComposition,structured_surface_equivalence,store_scope_not_localization,provider_controlled_or_typed,deferred,adobe_commerce,6,not_applicable,not_applicable,not_applicable,queue:adobe_composition_mapping,supported,DEFERRED_REVIEW,"Import bulk values and REST option/link objects describe bundle composition through non-equal structures."
adobe:alias:bundle_price_type,"alias:bundle price type","Adobe-local semantic represented by frozen provider evidence.",ProviderContextual,provider_enum,context_dependent,not_applicable,mixed_provider_representation,import_representation|surface_defined,surface_defined|writable,provider_context,BundleComposition,translated_bundle_setting,store_scope_not_localization,provider_controlled_or_typed,domain,adobe_commerce,3,not_applicable,not_applicable,not_applicable,queue:adobe_composition_mapping,supported,DEFERRED_REVIEW,"REST/EAV and Import bundle price modes require value translation."
adobe:alias:bundle_price_view,"alias:bundle price view","Adobe-local semantic represented by frozen provider evidence.",ProviderContextual,provider_enum,context_dependent,not_applicable,mixed_provider_representation,import_representation|surface_defined,surface_defined|writable,provider_context,BundleComposition,bundle_setting_alias,store_scope_not_localization,provider_controlled_or_typed,domain,adobe_commerce,3,not_applicable,not_applicable,not_applicable,queue:adobe_composition_mapping,supported,DEFERRED_REVIEW,"REST/EAV and Import bundle price display modes share a surface-translated setting."
adobe:alias:bundle_shipment_type,"alias:bundle shipment type","Adobe-local semantic represented by frozen provider evidence.",ProviderContextual,provider_enum,context_dependent,not_applicable,mixed_provider_representation,import_representation|surface_defined,surface_defined|writable,provider_context,BundleComposition,bundle_setting_alias,store_scope_not_localization,provider_controlled_or_typed,domain,adobe_commerce,3,not_applicable,not_applicable,not_applicable,queue:adobe_composition_mapping,supported,DEFERRED_REVIEW,"REST/EAV and Import bundle shipment modes share a surface-translated setting."
adobe:alias:bundle_sku_type,"alias:bundle sku type","Adobe-local semantic represented by frozen provider evidence.",ProviderContextual,provider_enum,context_dependent,not_applicable,mixed_provider_representation,import_representation|surface_defined,surface_defined|writable,provider_context,BundleComposition,bundle_setting_alias,store_scope_not_localization,provider_controlled_or_typed,domain,adobe_commerce,3,not_applicable,not_applicable,not_applicable,queue:adobe_composition_mapping,supported,DEFERRED_REVIEW,"REST/EAV and Import bundle SKU modes share a domain setting with surface-specific keys."
adobe:alias:bundle_weight_type,"alias:bundle weight type","Adobe-local semantic represented by frozen provider evidence.",ProviderContextual,provider_enum,context_dependent,not_applicable,mixed_provider_representation,import_representation|surface_defined,surface_defined|writable,provider_context,BundleComposition,bundle_setting_alias,store_scope_not_localization,provider_controlled_or_typed,domain,adobe_commerce,3,not_applicable,not_applicable,not_applicable,queue:adobe_composition_mapping,supported,DEFERRED_REVIEW,"REST/EAV and Import bundle weight modes share a surface-translated setting."
adobe:alias:category_assignment,"alias:category assignment","Adobe-local semantic represented by frozen provider evidence.",ProviderContextual,category_relation,context_dependent,not_applicable,mixed_provider_representation,import_representation|read_projection|surface_defined,read_only|surface_defined|writable,provider_context,Category,id_list_object_resolution,store_scope_not_localization,provider_controlled_or_typed,domain,adobe_commerce,5,not_applicable,not_applicable,not_applicable,not_applicable,supported,PROVIDER_VERIFIED,"Import category forms, REST category links, and GraphQL categories preserve different read/write shapes."
adobe:alias:configurable_composition,"alias:configurable composition","Adobe-local semantic represented by frozen provider evidence.",ProviderContextual,configurable_composition,context_dependent,not_applicable,mixed_provider_representation,import_representation|surface_defined,surface_defined|writable,provider_context,VariantComposition,structured_surface_equivalence,store_scope_not_localization,provider_controlled_or_typed,deferred,adobe_commerce,8,not_applicable,not_applicable,not_applicable,queue:adobe_composition_mapping,supported,DEFERRED_REVIEW,"Import variation/label forms and REST option/link objects are explicitly related without flattening."
adobe:alias:giftcard_amount,"alias:giftcard amount","Adobe-local semantic represented by frozen provider evidence.",ProviderContextual,money_amount,context_dependent,not_applicable,mixed_provider_representation,import_representation|read_projection|surface_defined,read_only|surface_defined|writable,provider_context,GiftCard,import_graphql_amount_translation,store_scope_not_localization,provider_controlled_or_typed,domain,adobe_commerce,4,not_applicable,not_applicable,not_applicable,not_applicable,supported,PROVIDER_VERIFIED,"Import preset amounts and GraphQL read amount objects share Gift Card semantics through explicit shape translation."
adobe:alias:grouped_composition,"alias:grouped composition","Adobe-local semantic represented by frozen provider evidence.",ProviderContextual,grouped_composition,context_dependent,not_applicable,mixed_provider_representation,import_representation|surface_defined,surface_defined|writable,provider_context,GroupedComposition,structured_surface_equivalence,store_scope_not_localization,provider_controlled_or_typed,deferred,adobe_commerce,3,not_applicable,not_applicable,not_applicable,queue:adobe_composition_mapping,supported,DEFERRED_REVIEW,"Import associated SKUs and typed associated product links require structured translation."
adobe:alias:meta_keyword,"alias:meta keyword","Adobe-local semantic represented by frozen provider evidence.",ProviderContextual,text,context_dependent,not_applicable,mixed_provider_representation,import_representation|surface_defined,surface_defined|writable,provider_context,ProductData,surface_alias,store_scope_not_localization,provider_controlled_or_typed,reusable_candidate,adobe_commerce,4,not_applicable,not_applicable,not_applicable,not_applicable,supported,PROVIDER_VERIFIED,"Singular REST/EAV and plural Import keys represent the same text semantic."
adobe:alias:product_type,"alias:product type","Adobe-local semantic represented by frozen provider evidence.",ProviderContextual,provider_enum,context_dependent,not_applicable,mixed_provider_representation,import_representation|surface_defined,surface_defined|writable,provider_context,Connector,execution_type_discriminator,store_scope_not_localization,provider_controlled_or_typed,deferred,adobe_commerce,4,not_applicable,not_applicable,not_applicable,queue:adobe_product_type_execution,supported,DEFERRED_REVIEW,"REST type ID and Import product type are translated execution discriminators; raw equality is not assumed."
adobe:alias:status,alias:status,"Adobe-local semantic represented by frozen provider evidence.",ProviderContextual,enabled_state,context_dependent,not_applicable,mixed_provider_representation,import_representation|surface_defined,surface_defined|writable,provider_context,UnresolvedLifecycleOwner,enabled_state_with_surface_translation,store_scope_not_localization,provider_controlled_or_typed,deferred,adobe_commerce,4,not_applicable,not_applicable,not_applicable,queue:adobe_status_lifecycle,supported,DEFERRED_REVIEW,"REST status and Import product_online encode Adobe enabled state through translated values; platform lifecycle equivalence remains open."
adobe:alias:tax_class,"alias:tax class","Adobe-local semantic represented by frozen provider evidence.",ProviderContextual,tax_class_reference,context_dependent,not_applicable,mixed_provider_representation,import_representation|surface_defined,surface_defined|writable,provider_context,PricingTax,id_name_resolution,store_scope_not_localization,provider_controlled_or_typed,deferred,adobe_commerce,4,not_applicable,not_applicable,not_applicable,queue:adobe_tax_portability,supported,DEFERRED_REVIEW,"Tax ID and name require tax-configuration resolution and are not raw equal."
adobe:alias:tier_price_customer_group,"alias:tier price customer group","Adobe-local semantic represented by frozen provider evidence.",ProviderRepresentation,customer_group_reference,context_dependent,not_applicable,mixed_provider_representation,import_representation|surface_defined,surface_defined|writable,provider_context,Pricing,id_code_resolution,store_scope_not_localization,provider_controlled_or_typed,domain,adobe_commerce,2,not_applicable,not_applicable,not_applicable,not_applicable,supported,PROVIDER_VERIFIED,"Customer group code and Catalog Pricing representation require group identity resolution."
adobe:alias:website_assignment,"alias:website assignment","Adobe-local semantic represented by frozen provider evidence.",ProviderContextual,website_assignment,context_dependent,not_applicable,mixed_provider_representation,import_representation|surface_defined,surface_defined|writable,provider_context,Connector,id_code_list_resolution,store_scope_not_localization,provider_controlled_or_typed,channel,adobe_commerce,6,not_applicable,not_applicable,not_applicable,not_applicable,supported,PROVIDER_VERIFIED,"Website ID, code list, and structured assignment preserve distinct surfaces and require resolution."
adobe:attribute_schema:attribute_definition,"attribute schema:attribute definition","Adobe-local semantic represented by frozen provider evidence.",ProductOrProviderContext,scalar_or_context,optional_one,not_applicable,merchant_or_domain,surface_defined,surface_defined,provider_context,AttributeSchema,schema_or_attribute_set_context,store_scope_not_localization,provider_controlled_or_typed,governance,adobe_commerce,1,not_applicable,not_applicable,not_applicable,not_applicable,supported,PROVIDER_VERIFIED,"Provider-local concept; no cross-platform merge asserted."
adobe:attribute_schema:attribute_set_membership,"attribute schema:attribute set membership","Adobe-local semantic represented by frozen provider evidence.",ProductOrProviderContext,scalar_or_context,optional_one,not_applicable,merchant_or_domain,surface_defined,surface_defined,provider_context,AttributeSchema,schema_or_attribute_set_context,store_scope_not_localization,provider_controlled_or_typed,governance,adobe_commerce,1,not_applicable,not_applicable,not_applicable,not_applicable,supported,PROVIDER_VERIFIED,"Provider-local concept; no cross-platform merge asserted."
adobe:attribute_schema:attribute_sets,"attribute schema:attribute sets","Adobe-local semantic represented by frozen provider evidence.",ProductOrProviderContext,scalar_or_context,optional_one,not_applicable,merchant_or_domain,surface_defined,surface_defined,provider_context,AttributeSchema,schema_or_attribute_set_context,store_scope_not_localization,provider_controlled_or_typed,governance,adobe_commerce,1,not_applicable,not_applicable,not_applicable,not_applicable,supported,PROVIDER_VERIFIED,"Provider-local concept; no cross-platform merge asserted."
adobe:b2b_catalog_visibility:shared_catalog_product_membership,"b2b catalog visibility:shared catalog product membership","Adobe-local semantic represented by frozen provider evidence.",ProductOrProviderContext,provider_typed_or_structured,optional_one,not_applicable,merchant_or_domain,surface_defined,surface_defined,provider_context,SharedCatalog,provider_domain_capability,store_scope_not_localization,provider_controlled_or_typed,domain,adobe_commerce,1,not_applicable,not_applicable,not_applicable,queue:adobe_b2b_shared_catalog,supported,DEFERRED_REVIEW,"Provider-local concept; no cross-platform merge asserted."
adobe:b2b_pricing:shared_catalog_tier_prices,"b2b pricing:shared catalog tier prices","Adobe-local semantic represented by frozen provider evidence.",ProductOrProviderContext,provider_typed_or_structured,optional_one,not_applicable,merchant_or_domain,surface_defined,surface_defined,provider_context,Pricing,provider_domain_capability,store_scope_not_localization,provider_controlled_or_typed,domain,adobe_commerce,1,not_applicable,not_applicable,not_applicable,queue:adobe_b2b_shared_catalog,supported,DEFERRED_REVIEW,"Provider-local concept; no cross-platform merge asserted."
adobe:catalog_scope_and_connector_context:store_view_code,"catalog scope and connector context:store view code","Adobe-local semantic represented by frozen provider evidence.",ProductOrProviderContext,scalar_or_context,optional_one,not_applicable,merchant_or_domain,surface_defined,surface_defined,provider_context,Connector,provider_scope_context,store_scope_not_localization,provider_controlled_or_typed,channel,adobe_commerce,1,not_applicable,not_applicable,not_applicable,not_applicable,supported,PROVIDER_VERIFIED,"Provider-local concept; no cross-platform merge asserted."
adobe:catalog_scope_and_connector_context:visibility,"catalog scope and connector context:visibility","Adobe-local semantic represented by frozen provider evidence.",ProductOrProviderContext,scalar_or_context,optional_one,not_applicable,merchant_or_domain,surface_defined,surface_defined,provider_context,Connector,provider_scope_context,store_scope_not_localization,provider_controlled_or_typed,channel,adobe_commerce,1,not_applicable,not_applicable,not_applicable,not_applicable,supported,PROVIDER_VERIFIED,"Provider-local concept; no cross-platform merge asserted."
adobe:core_product_scalar:country_of_manufacture,"core product scalar:country of manufacture","Adobe-local semantic represented by frozen provider evidence.",ProductOrProviderContext,scalar_or_context,optional_one,not_applicable,merchant_or_domain,surface_defined,surface_defined,provider_context,ProductData,provider_field_candidate,store_scope_not_localization,provider_controlled_or_typed,reusable_candidate,adobe_commerce,1,not_applicable,not_applicable,not_applicable,not_applicable,supported,PROVIDER_VERIFIED,"Provider-local concept; no cross-platform merge asserted."
adobe:core_product_scalar:description,"core product scalar:description","Adobe-local semantic represented by frozen provider evidence.",ProductOrProviderContext,scalar_or_context,optional_one,not_applicable,merchant_or_domain,surface_defined,surface_defined,provider_context,ProductData,provider_field_candidate,store_scope_not_localization,provider_controlled_or_typed,reusable_candidate,adobe_commerce,1,not_applicable,not_applicable,not_applicable,not_applicable,supported,PROVIDER_VERIFIED,"Provider-local concept; no cross-platform merge asserted."
adobe:core_product_scalar:name,"core product scalar:name","Adobe-local semantic represented by frozen provider evidence.",ProductOrProviderContext,scalar_or_context,optional_one,not_applicable,merchant_or_domain,surface_defined,surface_defined,provider_context,ProductData,provider_field_candidate,store_scope_not_localization,provider_controlled_or_typed,reusable_candidate,adobe_commerce,1,not_applicable,not_applicable,not_applicable,not_applicable,supported,PROVIDER_VERIFIED,"Provider-local concept; no cross-platform merge asserted."
adobe:core_product_scalar:new_from_date,"core product scalar:new from date","Adobe-local semantic represented by frozen provider evidence.",ProductOrProviderContext,scalar_or_context,optional_one,not_applicable,merchant_or_domain,surface_defined,surface_defined,provider_context,ProductData,provider_field_candidate,store_scope_not_localization,provider_controlled_or_typed,reusable_candidate,adobe_commerce,1,not_applicable,not_applicable,not_applicable,not_applicable,supported,PROVIDER_VERIFIED,"Provider-local concept; no cross-platform merge asserted."
adobe:core_product_scalar:new_to_date,"core product scalar:new to date","Adobe-local semantic represented by frozen provider evidence.",ProductOrProviderContext,scalar_or_context,optional_one,not_applicable,merchant_or_domain,surface_defined,surface_defined,provider_context,ProductData,provider_field_candidate,store_scope_not_localization,provider_controlled_or_typed,reusable_candidate,adobe_commerce,1,not_applicable,not_applicable,not_applicable,not_applicable,supported,PROVIDER_VERIFIED,"Provider-local concept; no cross-platform merge asserted."
adobe:core_product_scalar:short_description,"core product scalar:short description","Adobe-local semantic represented by frozen provider evidence.",ProductOrProviderContext,scalar_or_context,optional_one,not_applicable,merchant_or_domain,surface_defined,surface_defined,provider_context,ProductData,provider_field_candidate,store_scope_not_localization,provider_controlled_or_typed,reusable_candidate,adobe_commerce,1,not_applicable,not_applicable,not_applicable,not_applicable,supported,PROVIDER_VERIFIED,"Provider-local concept; no cross-platform merge asserted."
adobe:core_product_scalar:weight,"core product scalar:weight","Adobe-local semantic represented by frozen provider evidence.",ProductOrProviderContext,scalar_or_context,optional_one,not_applicable,merchant_or_domain,surface_defined,surface_defined,provider_context,ProductData,provider_field_candidate,store_scope_not_localization,provider_controlled_or_typed,reusable_candidate,adobe_commerce,1,not_applicable,not_applicable,not_applicable,queue:adobe_weight_semantic,supported,DEFERRED_REVIEW,"Provider-local concept; no cross-platform merge asserted."
adobe:customizable_options:custom_option_definition,"customizable options:custom option definition","Adobe-local semantic represented by frozen provider evidence.",ProductOrProviderContext,provider_typed_or_structured,optional_one,not_applicable,merchant_or_domain,surface_defined,surface_defined,provider_context,OrderCustomization,provider_domain_capability,store_scope_not_localization,provider_controlled_or_typed,domain,adobe_commerce,1,not_applicable,not_applicable,not_applicable,queue:adobe_customization_architecture,supported,DEFERRED_REVIEW,"Provider-local concept; no cross-platform merge asserted."
adobe:customizable_options:custom_options,"customizable options:custom options","Adobe-local semantic represented by frozen provider evidence.",ProductOrProviderContext,provider_typed_or_structured,optional_one,not_applicable,merchant_or_domain,surface_defined,surface_defined,provider_context,OrderCustomization,provider_domain_capability,store_scope_not_localization,provider_controlled_or_typed,domain,adobe_commerce,1,not_applicable,not_applicable,not_applicable,queue:adobe_customization_architecture,supported,DEFERRED_REVIEW,"Provider-local concept; no cross-platform merge asserted."
adobe:customizable_options:display_product_options_in,"customizable options:display product options in","Adobe-local semantic represented by frozen provider evidence.",ProductOrProviderContext,provider_typed_or_structured,optional_one,not_applicable,merchant_or_domain,surface_defined,surface_defined,provider_context,OrderCustomization,provider_domain_capability,store_scope_not_localization,provider_controlled_or_typed,domain,adobe_commerce,1,not_applicable,not_applicable,not_applicable,not_applicable,supported,PROVIDER_VERIFIED,"Provider-local concept; no cross-platform merge asserted."
adobe:customizable_options:has_options,"customizable options:has options","Adobe-local semantic represented by frozen provider evidence.",ProductOrProviderContext,scalar_or_context,optional_one,not_applicable,provider_owned,read_projection,read_only,provider_context,OrderCustomization,provider_metadata_projection,store_scope_not_localization,provider_controlled_or_typed,projection,adobe_commerce,1,not_applicable,not_applicable,not_applicable,not_applicable,supported,PROVIDER_VERIFIED,"Provider-local concept; no cross-platform merge asserted."
adobe:customizable_options:product_options_container,"customizable options:product options container","Adobe-local semantic represented by frozen provider evidence.",ProductOrProviderContext,provider_typed_or_structured,optional_one,not_applicable,merchant_or_domain,surface_defined,surface_defined,provider_context,OrderCustomization,provider_domain_capability,store_scope_not_localization,provider_controlled_or_typed,domain,adobe_commerce,1,not_applicable,not_applicable,not_applicable,not_applicable,supported,PROVIDER_VERIFIED,"Provider-local concept; no cross-platform merge asserted."
adobe:customizable_options:required_options,"customizable options:required options","Adobe-local semantic represented by frozen provider evidence.",ProductOrProviderContext,scalar_or_context,optional_one,not_applicable,provider_owned,read_projection,read_only,provider_context,OrderCustomization,provider_metadata_projection,store_scope_not_localization,provider_controlled_or_typed,projection,adobe_commerce,1,not_applicable,not_applicable,not_applicable,not_applicable,supported,PROVIDER_VERIFIED,"Provider-local concept; no cross-platform merge asserted."
adobe:downloadable_assets:downloadable_link,"downloadable assets:downloadable link","Adobe-local semantic represented by frozen provider evidence.",ProductOrProviderContext,provider_typed_or_structured,optional_one,not_applicable,merchant_or_domain,surface_defined,surface_defined,provider_context,DownloadableComposition,provider_domain_capability,store_scope_not_localization,provider_controlled_or_typed,domain,adobe_commerce,1,not_applicable,not_applicable,not_applicable,not_applicable,supported,PROVIDER_VERIFIED,"Provider-local concept; no cross-platform merge asserted."
adobe:downloadable_assets:downloadable_links,"downloadable assets:downloadable links","Adobe-local semantic represented by frozen provider evidence.",ProductOrProviderContext,provider_typed_or_structured,optional_one,not_applicable,merchant_or_domain,surface_defined,surface_defined,provider_context,DownloadableComposition,provider_domain_capability,store_scope_not_localization,provider_controlled_or_typed,domain,adobe_commerce,1,not_applicable,not_applicable,not_applicable,not_applicable,supported,PROVIDER_VERIFIED,"Provider-local concept; no cross-platform merge asserted."
adobe:downloadable_assets:downloadable_sample,"downloadable assets:downloadable sample","Adobe-local semantic represented by frozen provider evidence.",ProductOrProviderContext,provider_typed_or_structured,optional_one,not_applicable,merchant_or_domain,surface_defined,surface_defined,provider_context,DownloadableComposition,provider_domain_capability,store_scope_not_localization,provider_controlled_or_typed,domain,adobe_commerce,1,not_applicable,not_applicable,not_applicable,not_applicable,supported,PROVIDER_VERIFIED,"Provider-local concept; no cross-platform merge asserted."
adobe:downloadable_assets:downloadable_samples,"downloadable assets:downloadable samples","Adobe-local semantic represented by frozen provider evidence.",ProductOrProviderContext,provider_typed_or_structured,optional_one,not_applicable,merchant_or_domain,surface_defined,surface_defined,provider_context,DownloadableComposition,provider_domain_capability,store_scope_not_localization,provider_controlled_or_typed,domain,adobe_commerce,1,not_applicable,not_applicable,not_applicable,not_applicable,supported,PROVIDER_VERIFIED,"Provider-local concept; no cross-platform merge asserted."
adobe:dynamic_attributes:additional_attributes,"dynamic attributes:additional attributes","Adobe-local semantic represented by frozen provider evidence.",ProductOrProviderContext,provider_typed_or_structured,optional_one,not_applicable,merchant_or_domain,surface_defined,surface_defined,provider_context,DynamicField,provider_domain_capability,store_scope_not_localization,provider_controlled_or_typed,domain,adobe_commerce,1,not_applicable,not_applicable,not_applicable,queue:adobe_dynamic_eav_promotion,supported,DEFERRED_REVIEW,"Provider-local concept; no cross-platform merge asserted."
adobe:dynamic_attributes:brand,"dynamic attributes:brand","Adobe-local semantic represented by frozen provider evidence.",ProductOrProviderContext,scalar_or_context,optional_one,not_applicable,merchant_or_domain,surface_defined,surface_defined,provider_context,ProductData,eav_bound_semantic_candidate,store_scope_not_localization,provider_controlled_or_typed,reusable_candidate,adobe_commerce,1,not_applicable,not_applicable,not_applicable,not_applicable,supported,PROVIDER_VERIFIED,"Provider-local concept; no cross-platform merge asserted."
adobe:dynamic_attributes:color,"dynamic attributes:color","Adobe-local semantic represented by frozen provider evidence.",ProductOrProviderContext,scalar_or_context,optional_one,not_applicable,merchant_or_domain,surface_defined,surface_defined,provider_context,ProductData,eav_bound_semantic_candidate,store_scope_not_localization,provider_controlled_or_typed,reusable_candidate,adobe_commerce,1,not_applicable,not_applicable,not_applicable,not_applicable,supported,PROVIDER_VERIFIED,"Provider-local concept; no cross-platform merge asserted."
adobe:dynamic_attributes:custom_attributes,"dynamic attributes:custom attributes","Adobe-local semantic represented by frozen provider evidence.",ProductOrProviderContext,provider_typed_or_structured,optional_one,not_applicable,merchant_or_domain,surface_defined,surface_defined,provider_context,DynamicField,provider_domain_capability,store_scope_not_localization,provider_controlled_or_typed,domain,adobe_commerce,1,not_applicable,not_applicable,not_applicable,queue:adobe_dynamic_eav_promotion,supported,DEFERRED_REVIEW,"Provider-local concept; no cross-platform merge asserted."
adobe:dynamic_attributes:gtin,"dynamic attributes:gtin","Adobe-local semantic represented by frozen provider evidence.",ProductOrProviderContext,scalar_or_context,optional_one,not_applicable,merchant_or_domain,surface_defined,surface_defined,provider_context,ProductData,eav_bound_semantic_candidate,store_scope_not_localization,provider_controlled_or_typed,reusable_candidate,adobe_commerce,1,not_applicable,not_applicable,not_applicable,not_applicable,supported,PROVIDER_VERIFIED,"Provider-local concept; no cross-platform merge asserted."
adobe:dynamic_attributes:instructions,"dynamic attributes:instructions","Adobe-local semantic represented by frozen provider evidence.",ProductOrProviderContext,scalar_or_context,optional_one,not_applicable,merchant_or_domain,surface_defined,surface_defined,provider_context,ProductData,eav_bound_semantic_candidate,store_scope_not_localization,provider_controlled_or_typed,reusable_candidate,adobe_commerce,1,not_applicable,not_applicable,not_applicable,not_applicable,supported,PROVIDER_VERIFIED,"Provider-local concept; no cross-platform merge asserted."
adobe:dynamic_attributes:manufacturer,"dynamic attributes:manufacturer","Adobe-local semantic represented by frozen provider evidence.",ProductOrProviderContext,scalar_or_context,optional_one,not_applicable,merchant_or_domain,surface_defined,surface_defined,provider_context,ProductData,eav_bound_semantic_candidate,store_scope_not_localization,provider_controlled_or_typed,reusable_candidate,adobe_commerce,1,not_applicable,not_applicable,not_applicable,not_applicable,supported,PROVIDER_VERIFIED,"Provider-local concept; no cross-platform merge asserted."
adobe:dynamic_attributes:material,"dynamic attributes:material","Adobe-local semantic represented by frozen provider evidence.",ProductOrProviderContext,scalar_or_context,optional_one,not_applicable,merchant_or_domain,surface_defined,surface_defined,provider_context,ProductData,eav_bound_semantic_candidate,store_scope_not_localization,provider_controlled_or_typed,reusable_candidate,adobe_commerce,1,not_applicable,not_applicable,not_applicable,not_applicable,supported,PROVIDER_VERIFIED,"Provider-local concept; no cross-platform merge asserted."
adobe:dynamic_attributes:mpn,"dynamic attributes:mpn","Adobe-local semantic represented by frozen provider evidence.",ProductOrProviderContext,scalar_or_context,optional_one,not_applicable,merchant_or_domain,surface_defined,surface_defined,provider_context,ProductData,eav_bound_semantic_candidate,store_scope_not_localization,provider_controlled_or_typed,reusable_candidate,adobe_commerce,1,not_applicable,not_applicable,not_applicable,not_applicable,supported,PROVIDER_VERIFIED,"Provider-local concept; no cross-platform merge asserted."
adobe:dynamic_attributes:saas_attribute_file_value,"dynamic attributes:saas attribute file value","Adobe-local semantic represented by frozen provider evidence.",ProductOrProviderContext,scalar_or_context,optional_one,not_applicable,provider_owned,read_projection,read_only,provider_context,DynamicField,read_projection,store_scope_not_localization,provider_controlled_or_typed,projection,adobe_commerce,1,not_applicable,not_applicable,not_applicable,not_applicable,supported,PROVIDER_VERIFIED,"Provider-local concept; no cross-platform merge asserted."
adobe:dynamic_attributes:saas_attribute_image_value,"dynamic attributes:saas attribute image value","Adobe-local semantic represented by frozen provider evidence.",ProductOrProviderContext,scalar_or_context,optional_one,not_applicable,provider_owned,read_projection,read_only,provider_context,DynamicField,read_projection,store_scope_not_localization,provider_controlled_or_typed,projection,adobe_commerce,1,not_applicable,not_applicable,not_applicable,not_applicable,supported,PROVIDER_VERIFIED,"Provider-local concept; no cross-platform merge asserted."
adobe:dynamic_attributes:size,"dynamic attributes:size","Adobe-local semantic represented by frozen provider evidence.",ProductOrProviderContext,scalar_or_context,optional_one,not_applicable,merchant_or_domain,surface_defined,surface_defined,provider_context,ProductData,eav_bound_semantic_candidate,store_scope_not_localization,provider_controlled_or_typed,reusable_candidate,adobe_commerce,1,not_applicable,not_applicable,not_applicable,not_applicable,supported,PROVIDER_VERIFIED,"Provider-local concept; no cross-platform merge asserted."
adobe:fulfillment_policy:is_returnable,"fulfillment policy:is returnable","Adobe-local semantic represented by frozen provider evidence.",ProductOrProviderContext,scalar_or_context,optional_one,not_applicable,provider_owned,read_projection,read_only,provider_context,Returns,read_projection,store_scope_not_localization,provider_controlled_or_typed,projection,adobe_commerce,1,not_applicable,not_applicable,not_applicable,queue:adobe_rma_write_identity,supported,DEFERRED_REVIEW,"Provider-local concept; no cross-platform merge asserted."
adobe:fulfillment_policy:rma_eligibility,"fulfillment policy:rma eligibility","Adobe-local semantic represented by frozen provider evidence.",ProductOrProviderContext,provider_typed_or_structured,optional_one,not_applicable,merchant_or_domain,surface_defined,not_proven,provider_context,Returns,provider_domain_capability,store_scope_not_localization,provider_controlled_or_typed,domain,adobe_commerce,1,not_applicable,not_applicable,not_applicable,queue:adobe_rma_write_identity,supported,DEFERRED_REVIEW,"Provider-local concept; no cross-platform merge asserted."
adobe:gift_and_merchandising:gift_message_available,"gift and merchandising:gift message available","Adobe-local semantic represented by frozen provider evidence.",ProductOrProviderContext,scalar_or_context,optional_one,not_applicable,merchant_or_domain,surface_defined,surface_defined,provider_context,Merchandising,provider_domain_capability,store_scope_not_localization,provider_controlled_or_typed,domain,adobe_commerce,1,not_applicable,not_applicable,not_applicable,not_applicable,supported,PROVIDER_VERIFIED,"Provider-local concept; no cross-platform merge asserted."
adobe:gift_and_merchandising:gift_wrapping_available,"gift and merchandising:gift wrapping available","Adobe-local semantic represented by frozen provider evidence.",ProductOrProviderContext,scalar_or_context,optional_one,not_applicable,provider_owned,read_projection,read_only,provider_context,Merchandising,read_projection,store_scope_not_localization,provider_controlled_or_typed,projection,adobe_commerce,1,not_applicable,not_applicable,not_applicable,queue:adobe_gift_wrap_write_identity,supported,DEFERRED_REVIEW,"Provider-local concept; no cross-platform merge asserted."
adobe:gift_and_merchandising:gift_wrapping_capability,"gift and merchandising:gift wrapping capability","Adobe-local semantic represented by frozen provider evidence.",ProductOrProviderContext,provider_typed_or_structured,optional_one,not_applicable,merchant_or_domain,surface_defined,not_proven,provider_context,Merchandising,provider_domain_capability,store_scope_not_localization,provider_controlled_or_typed,domain,adobe_commerce,1,not_applicable,not_applicable,not_applicable,queue:adobe_gift_wrap_write_identity,supported,DEFERRED_REVIEW,"Provider-local concept; no cross-platform merge asserted."
adobe:gift_and_merchandising:gift_wrapping_price,"gift and merchandising:gift wrapping price","Adobe-local semantic represented by frozen provider evidence.",ProductOrProviderContext,provider_typed_or_structured,optional_one,not_applicable,merchant_or_domain,readable,not_proven,provider_context,Merchandising,provider_domain_capability,store_scope_not_localization,provider_controlled_or_typed,domain,adobe_commerce,1,not_applicable,not_applicable,not_applicable,queue:adobe_gift_wrap_write_identity,supported,DEFERRED_REVIEW,"Provider-local concept; no cross-platform merge asserted."
adobe:gift_card_product:gift_card_product,"gift card product:gift card product","Adobe-local semantic represented by frozen provider evidence.",ProductOrProviderContext,provider_typed_or_structured,optional_one,not_applicable,merchant_or_domain,surface_defined,surface_defined,provider_context,GiftCard,provider_domain_capability,store_scope_not_localization,provider_controlled_or_typed,domain,adobe_commerce,1,not_applicable,not_applicable,not_applicable,not_applicable,supported,PROVIDER_VERIFIED,"Provider-local concept; no cross-platform merge asserted."
adobe:gift_card_product:giftcard_allow_message,"gift card product:giftcard allow message","Adobe-local semantic represented by frozen provider evidence.",ProductOrProviderContext,provider_typed_or_structured,optional_one,not_applicable,merchant_or_domain,surface_defined,surface_defined,provider_context,GiftCard,provider_domain_capability,store_scope_not_localization,provider_controlled_or_typed,domain,adobe_commerce,1,not_applicable,not_applicable,not_applicable,not_applicable,supported,PROVIDER_VERIFIED,"Provider-local concept; no cross-platform merge asserted."
adobe:gift_card_product:giftcard_allow_open_amount,"gift card product:giftcard allow open amount","Adobe-local semantic represented by frozen provider evidence.",ProductOrProviderContext,provider_typed_or_structured,optional_one,not_applicable,merchant_or_domain,surface_defined,surface_defined,provider_context,GiftCard,provider_domain_capability,store_scope_not_localization,provider_controlled_or_typed,domain,adobe_commerce,1,not_applicable,not_applicable,not_applicable,not_applicable,supported,PROVIDER_VERIFIED,"Provider-local concept; no cross-platform merge asserted."
adobe:gift_card_product:giftcard_email_template,"gift card product:giftcard email template","Adobe-local semantic represented by frozen provider evidence.",ProductOrProviderContext,provider_typed_or_structured,optional_one,not_applicable,merchant_or_domain,surface_defined,surface_defined,provider_context,GiftCard,provider_domain_capability,store_scope_not_localization,provider_controlled_or_typed,domain,adobe_commerce,1,not_applicable,not_applicable,not_applicable,not_applicable,supported,PROVIDER_VERIFIED,"Provider-local concept; no cross-platform merge asserted."
adobe:gift_card_product:giftcard_is_redeemable,"gift card product:giftcard is redeemable","Adobe-local semantic represented by frozen provider evidence.",ProductOrProviderContext,provider_typed_or_structured,optional_one,not_applicable,merchant_or_domain,surface_defined,surface_defined,provider_context,GiftCard,provider_domain_capability,store_scope_not_localization,provider_controlled_or_typed,domain,adobe_commerce,1,not_applicable,not_applicable,not_applicable,not_applicable,supported,PROVIDER_VERIFIED,"Provider-local concept; no cross-platform merge asserted."
adobe:gift_card_product:giftcard_lifetime,"gift card product:giftcard lifetime","Adobe-local semantic represented by frozen provider evidence.",ProductOrProviderContext,provider_typed_or_structured,optional_one,not_applicable,merchant_or_domain,surface_defined,surface_defined,provider_context,GiftCard,provider_domain_capability,store_scope_not_localization,provider_controlled_or_typed,domain,adobe_commerce,1,not_applicable,not_applicable,not_applicable,not_applicable,supported,PROVIDER_VERIFIED,"Provider-local concept; no cross-platform merge asserted."
adobe:gift_card_product:giftcard_open_amount_max,"gift card product:giftcard open amount max","Adobe-local semantic represented by frozen provider evidence.",ProductOrProviderContext,provider_typed_or_structured,optional_one,not_applicable,merchant_or_domain,surface_defined,surface_defined,provider_context,GiftCard,provider_domain_capability,store_scope_not_localization,provider_controlled_or_typed,domain,adobe_commerce,1,not_applicable,not_applicable,not_applicable,not_applicable,supported,PROVIDER_VERIFIED,"Provider-local concept; no cross-platform merge asserted."
adobe:gift_card_product:giftcard_open_amount_min,"gift card product:giftcard open amount min","Adobe-local semantic represented by frozen provider evidence.",ProductOrProviderContext,provider_typed_or_structured,optional_one,not_applicable,merchant_or_domain,surface_defined,surface_defined,provider_context,GiftCard,provider_domain_capability,store_scope_not_localization,provider_controlled_or_typed,domain,adobe_commerce,1,not_applicable,not_applicable,not_applicable,not_applicable,supported,PROVIDER_VERIFIED,"Provider-local concept; no cross-platform merge asserted."
adobe:gift_card_product:giftcard_type,"gift card product:giftcard type","Adobe-local semantic represented by frozen provider evidence.",ProductOrProviderContext,provider_typed_or_structured,optional_one,not_applicable,merchant_or_domain,surface_defined,surface_defined,provider_context,GiftCard,provider_domain_capability,store_scope_not_localization,provider_controlled_or_typed,domain,adobe_commerce,1,not_applicable,not_applicable,not_applicable,not_applicable,supported,PROVIDER_VERIFIED,"Provider-local concept; no cross-platform merge asserted."
adobe:gift_card_product:use_config_allow_message,"gift card product:use config allow message","Adobe-local semantic represented by frozen provider evidence.",ProductOrProviderContext,provider_typed_or_structured,optional_one,not_applicable,merchant_or_domain,surface_defined,surface_defined,provider_context,GiftCard,provider_domain_capability,store_scope_not_localization,provider_controlled_or_typed,domain,adobe_commerce,1,not_applicable,not_applicable,not_applicable,not_applicable,supported,PROVIDER_VERIFIED,"Provider-local concept; no cross-platform merge asserted."
adobe:gift_card_product:use_config_email_template,"gift card product:use config email template","Adobe-local semantic represented by frozen provider evidence.",ProductOrProviderContext,provider_typed_or_structured,optional_one,not_applicable,merchant_or_domain,surface_defined,surface_defined,provider_context,GiftCard,provider_domain_capability,store_scope_not_localization,provider_controlled_or_typed,domain,adobe_commerce,1,not_applicable,not_applicable,not_applicable,not_applicable,supported,PROVIDER_VERIFIED,"Provider-local concept; no cross-platform merge asserted."
adobe:gift_card_product:use_config_is_redeemable,"gift card product:use config is redeemable","Adobe-local semantic represented by frozen provider evidence.",ProductOrProviderContext,provider_typed_or_structured,optional_one,not_applicable,merchant_or_domain,surface_defined,surface_defined,provider_context,GiftCard,provider_domain_capability,store_scope_not_localization,provider_controlled_or_typed,domain,adobe_commerce,1,not_applicable,not_applicable,not_applicable,not_applicable,supported,PROVIDER_VERIFIED,"Provider-local concept; no cross-platform merge asserted."
adobe:gift_card_product:use_config_lifetime,"gift card product:use config lifetime","Adobe-local semantic represented by frozen provider evidence.",ProductOrProviderContext,provider_typed_or_structured,optional_one,not_applicable,merchant_or_domain,surface_defined,surface_defined,provider_context,GiftCard,provider_domain_capability,store_scope_not_localization,provider_controlled_or_typed,domain,adobe_commerce,1,not_applicable,not_applicable,not_applicable,not_applicable,supported,PROVIDER_VERIFIED,"Provider-local concept; no cross-platform merge asserted."
adobe:grouped_composition:grouped_product_item,"grouped composition:grouped product item","Adobe-local semantic represented by frozen provider evidence.",ProductOrProviderContext,provider_typed_or_structured,optional_one,not_applicable,merchant_or_domain,surface_defined,surface_defined,provider_context,GroupedComposition,provider_domain_capability,store_scope_not_localization,provider_controlled_or_typed,domain,adobe_commerce,1,not_applicable,not_applicable,not_applicable,queue:adobe_composition_mapping,supported,DEFERRED_REVIEW,"Provider-local concept; no cross-platform merge asserted."
adobe:identity_lifecycle:created_at,"identity lifecycle:created at","Adobe-local semantic represented by frozen provider evidence.",ProductOrProviderContext,scalar_or_context,optional_one,not_applicable,provider_owned,read_projection,read_only,provider_context,Connector,provider_metadata_projection,store_scope_not_localization,provider_controlled_or_typed,projection,adobe_commerce,1,not_applicable,not_applicable,not_applicable,not_applicable,supported,PROVIDER_VERIFIED,"Provider-local concept; no cross-platform merge asserted."
adobe:identity_lifecycle:entity_id,"identity lifecycle:entity id","Adobe-local semantic represented by frozen provider evidence.",ProductOrProviderContext,scalar_or_context,optional_one,not_applicable,provider_owned,surface_defined,surface_defined,provider_context,Connector,external_record_identity,store_scope_not_localization,provider_controlled_or_typed,governance,adobe_commerce,1,not_applicable,not_applicable,not_applicable,not_applicable,supported,PROVIDER_VERIFIED,"Provider-local concept; no cross-platform merge asserted."
adobe:identity_lifecycle:sku,"identity lifecycle:sku","Adobe-local semantic represented by frozen provider evidence.",ProductOrProviderContext,scalar_or_context,optional_one,not_applicable,merchant_or_domain,surface_defined,surface_defined,provider_context,ProductData,provider_field_candidate,store_scope_not_localization,provider_controlled_or_typed,reusable_candidate,adobe_commerce,1,not_applicable,not_applicable,not_applicable,not_applicable,supported,PROVIDER_VERIFIED,"Provider-local concept; no cross-platform merge asserted."
adobe:identity_lifecycle:updated_at,"identity lifecycle:updated at","Adobe-local semantic represented by frozen provider evidence.",ProductOrProviderContext,scalar_or_context,optional_one,not_applicable,provider_owned,read_projection,read_only,provider_context,Connector,provider_metadata_projection,store_scope_not_localization,provider_controlled_or_typed,projection,adobe_commerce,1,not_applicable,not_applicable,not_applicable,not_applicable,supported,PROVIDER_VERIFIED,"Provider-local concept; no cross-platform merge asserted."
adobe:inventory_availability:allow_backorders,"inventory availability:allow backorders","Adobe-local semantic represented by frozen provider evidence.",ProductOrProviderContext,provider_typed_or_structured,optional_one,not_applicable,merchant_or_domain,surface_defined,surface_defined,provider_context,Availability,provider_domain_capability,store_scope_not_localization,provider_controlled_or_typed,domain,adobe_commerce,1,not_applicable,not_applicable,not_applicable,not_applicable,supported,PROVIDER_VERIFIED,"Provider-local concept; no cross-platform merge asserted."
adobe:inventory_availability:deferred_stock_update,"inventory availability:deferred stock update","Adobe-local semantic represented by frozen provider evidence.",ProductOrProviderContext,provider_typed_or_structured,optional_one,not_applicable,merchant_or_domain,surface_defined,surface_defined,provider_context,Availability,provider_domain_capability,store_scope_not_localization,provider_controlled_or_typed,domain,adobe_commerce,1,not_applicable,not_applicable,not_applicable,not_applicable,supported,PROVIDER_VERIFIED,"Provider-local concept; no cross-platform merge asserted."
adobe:inventory_availability:enable_qty_increments,"inventory availability:enable qty increments","Adobe-local semantic represented by frozen provider evidence.",ProductOrProviderContext,provider_typed_or_structured,optional_one,not_applicable,merchant_or_domain,surface_defined,surface_defined,provider_context,Availability,provider_domain_capability,store_scope_not_localization,provider_controlled_or_typed,domain,adobe_commerce,1,not_applicable,not_applicable,not_applicable,not_applicable,supported,PROVIDER_VERIFIED,"Provider-local concept; no cross-platform merge asserted."
adobe:inventory_availability:is_decimal_divided,"inventory availability:is decimal divided","Adobe-local semantic represented by frozen provider evidence.",ProductOrProviderContext,provider_typed_or_structured,optional_one,not_applicable,merchant_or_domain,surface_defined,surface_defined,provider_context,Availability,provider_domain_capability,store_scope_not_localization,provider_controlled_or_typed,domain,adobe_commerce,1,not_applicable,not_applicable,not_applicable,not_applicable,supported,PROVIDER_VERIFIED,"Provider-local concept; no cross-platform merge asserted."
adobe:inventory_availability:is_in_stock,"inventory availability:is in stock","Adobe-local semantic represented by frozen provider evidence.",ProductOrProviderContext,provider_typed_or_structured,optional_one,not_applicable,merchant_or_domain,surface_defined,surface_defined,provider_context,Availability,provider_domain_capability,store_scope_not_localization,provider_controlled_or_typed,domain,adobe_commerce,1,not_applicable,not_applicable,not_applicable,not_applicable,supported,PROVIDER_VERIFIED,"Provider-local concept; no cross-platform merge asserted."
adobe:inventory_availability:is_qty_decimal,"inventory availability:is qty decimal","Adobe-local semantic represented by frozen provider evidence.",ProductOrProviderContext,provider_typed_or_structured,optional_one,not_applicable,merchant_or_domain,surface_defined,surface_defined,provider_context,Availability,provider_domain_capability,store_scope_not_localization,provider_controlled_or_typed,domain,adobe_commerce,1,not_applicable,not_applicable,not_applicable,not_applicable,supported,PROVIDER_VERIFIED,"Provider-local concept; no cross-platform merge asserted."
adobe:inventory_availability:manage_stock,"inventory availability:manage stock","Adobe-local semantic represented by frozen provider evidence.",ProductOrProviderContext,provider_typed_or_structured,optional_one,not_applicable,merchant_or_domain,surface_defined,surface_defined,provider_context,Availability,provider_domain_capability,store_scope_not_localization,provider_controlled_or_typed,domain,adobe_commerce,1,not_applicable,not_applicable,not_applicable,not_applicable,supported,PROVIDER_VERIFIED,"Provider-local concept; no cross-platform merge asserted."
adobe:inventory_availability:max_cart_qty,"inventory availability:max cart qty","Adobe-local semantic represented by frozen provider evidence.",ProductOrProviderContext,provider_typed_or_structured,optional_one,not_applicable,merchant_or_domain,surface_defined,surface_defined,provider_context,Availability,provider_domain_capability,store_scope_not_localization,provider_controlled_or_typed,domain,adobe_commerce,1,not_applicable,not_applicable,not_applicable,not_applicable,supported,PROVIDER_VERIFIED,"Provider-local concept; no cross-platform merge asserted."
adobe:inventory_availability:min_cart_qty,"inventory availability:min cart qty","Adobe-local semantic represented by frozen provider evidence.",ProductOrProviderContext,provider_typed_or_structured,optional_one,not_applicable,merchant_or_domain,surface_defined,surface_defined,provider_context,Availability,provider_domain_capability,store_scope_not_localization,provider_controlled_or_typed,domain,adobe_commerce,1,not_applicable,not_applicable,not_applicable,not_applicable,supported,PROVIDER_VERIFIED,"Provider-local concept; no cross-platform merge asserted."
adobe:inventory_availability:notify_on_stock_below,"inventory availability:notify on stock below","Adobe-local semantic represented by frozen provider evidence.",ProductOrProviderContext,provider_typed_or_structured,optional_one,not_applicable,merchant_or_domain,surface_defined,surface_defined,provider_context,Availability,provider_domain_capability,store_scope_not_localization,provider_controlled_or_typed,domain,adobe_commerce,1,not_applicable,not_applicable,not_applicable,not_applicable,supported,PROVIDER_VERIFIED,"Provider-local concept; no cross-platform merge asserted."
adobe:inventory_availability:out_of_stock_qty,"inventory availability:out of stock qty","Adobe-local semantic represented by frozen provider evidence.",ProductOrProviderContext,provider_typed_or_structured,optional_one,not_applicable,merchant_or_domain,surface_defined,surface_defined,provider_context,Availability,provider_domain_capability,store_scope_not_localization,provider_controlled_or_typed,domain,adobe_commerce,1,not_applicable,not_applicable,not_applicable,not_applicable,supported,PROVIDER_VERIFIED,"Provider-local concept; no cross-platform merge asserted."
adobe:inventory_availability:qty,"inventory availability:qty","Adobe-local semantic represented by frozen provider evidence.",ProductOrProviderContext,provider_typed_or_structured,optional_one,not_applicable,merchant_or_domain,surface_defined,surface_defined,provider_context,Availability,provider_domain_capability,store_scope_not_localization,provider_controlled_or_typed,domain,adobe_commerce,1,not_applicable,not_applicable,not_applicable,not_applicable,supported,PROVIDER_VERIFIED,"Provider-local concept; no cross-platform merge asserted."
adobe:inventory_availability:qty_increments,"inventory availability:qty increments","Adobe-local semantic represented by frozen provider evidence.",ProductOrProviderContext,provider_typed_or_structured,optional_one,not_applicable,merchant_or_domain,surface_defined,surface_defined,provider_context,Availability,provider_domain_capability,store_scope_not_localization,provider_controlled_or_typed,domain,adobe_commerce,1,not_applicable,not_applicable,not_applicable,not_applicable,supported,PROVIDER_VERIFIED,"Provider-local concept; no cross-platform merge asserted."
adobe:inventory_availability:salable_quantity,"inventory availability:salable quantity","Adobe-local semantic represented by frozen provider evidence.",ProductOrProviderContext,scalar_or_context,optional_one,not_applicable,provider_owned,read_projection,read_only,provider_context,Availability,read_projection,store_scope_not_localization,provider_controlled_or_typed,projection,adobe_commerce,1,not_applicable,not_applicable,not_applicable,not_applicable,supported,PROVIDER_VERIFIED,"Provider-local concept; no cross-platform merge asserted."
adobe:inventory_availability:source_item,"inventory availability:source item","Adobe-local semantic represented by frozen provider evidence.",ProductOrProviderContext,provider_typed_or_structured,optional_one,not_applicable,merchant_or_domain,surface_defined,surface_defined,provider_context,Availability,provider_domain_capability,store_scope_not_localization,provider_controlled_or_typed,domain,adobe_commerce,1,not_applicable,not_applicable,not_applicable,not_applicable,supported,PROVIDER_VERIFIED,"Provider-local concept; no cross-platform merge asserted."
adobe:inventory_availability:stock_and_source_assignment,"inventory availability:stock and source assignment","Adobe-local semantic represented by frozen provider evidence.",ProductOrProviderContext,provider_typed_or_structured,optional_one,not_applicable,merchant_or_domain,surface_defined,surface_defined,provider_context,Availability,provider_domain_capability,store_scope_not_localization,provider_controlled_or_typed,domain,adobe_commerce,1,not_applicable,not_applicable,not_applicable,not_applicable,supported,PROVIDER_VERIFIED,"Provider-local concept; no cross-platform merge asserted."
adobe:inventory_availability:use_config_backorders,"inventory availability:use config backorders","Adobe-local semantic represented by frozen provider evidence.",ProductOrProviderContext,provider_typed_or_structured,optional_one,not_applicable,merchant_or_domain,surface_defined,surface_defined,provider_context,Availability,provider_domain_capability,store_scope_not_localization,provider_controlled_or_typed,domain,adobe_commerce,1,not_applicable,not_applicable,not_applicable,not_applicable,supported,PROVIDER_VERIFIED,"Provider-local concept; no cross-platform merge asserted."
adobe:inventory_availability:use_config_deferred_stock_update,"inventory availability:use config deferred stock update","Adobe-local semantic represented by frozen provider evidence.",ProductOrProviderContext,provider_typed_or_structured,optional_one,not_applicable,merchant_or_domain,surface_defined,surface_defined,provider_context,Availability,provider_domain_capability,store_scope_not_localization,provider_controlled_or_typed,domain,adobe_commerce,1,not_applicable,not_applicable,not_applicable,not_applicable,supported,PROVIDER_VERIFIED,"Provider-local concept; no cross-platform merge asserted."
adobe:inventory_availability:use_config_enable_qty_inc,"inventory availability:use config enable qty inc","Adobe-local semantic represented by frozen provider evidence.",ProductOrProviderContext,provider_typed_or_structured,optional_one,not_applicable,merchant_or_domain,surface_defined,surface_defined,provider_context,Availability,provider_domain_capability,store_scope_not_localization,provider_controlled_or_typed,domain,adobe_commerce,1,not_applicable,not_applicable,not_applicable,not_applicable,supported,PROVIDER_VERIFIED,"Provider-local concept; no cross-platform merge asserted."
adobe:inventory_availability:use_config_manage_stock,"inventory availability:use config manage stock","Adobe-local semantic represented by frozen provider evidence.",ProductOrProviderContext,provider_typed_or_structured,optional_one,not_applicable,merchant_or_domain,surface_defined,surface_defined,provider_context,Availability,provider_domain_capability,store_scope_not_localization,provider_controlled_or_typed,domain,adobe_commerce,1,not_applicable,not_applicable,not_applicable,not_applicable,supported,PROVIDER_VERIFIED,"Provider-local concept; no cross-platform merge asserted."
adobe:inventory_availability:use_config_max_sale_qty,"inventory availability:use config max sale qty","Adobe-local semantic represented by frozen provider evidence.",ProductOrProviderContext,provider_typed_or_structured,optional_one,not_applicable,merchant_or_domain,surface_defined,surface_defined,provider_context,Availability,provider_domain_capability,store_scope_not_localization,provider_controlled_or_typed,domain,adobe_commerce,1,not_applicable,not_applicable,not_applicable,not_applicable,supported,PROVIDER_VERIFIED,"Provider-local concept; no cross-platform merge asserted."
adobe:inventory_availability:use_config_min_qty,"inventory availability:use config min qty","Adobe-local semantic represented by frozen provider evidence.",ProductOrProviderContext,provider_typed_or_structured,optional_one,not_applicable,merchant_or_domain,surface_defined,surface_defined,provider_context,Availability,provider_domain_capability,store_scope_not_localization,provider_controlled_or_typed,domain,adobe_commerce,1,not_applicable,not_applicable,not_applicable,not_applicable,supported,PROVIDER_VERIFIED,"Provider-local concept; no cross-platform merge asserted."
adobe:inventory_availability:use_config_min_sale_qty,"inventory availability:use config min sale qty","Adobe-local semantic represented by frozen provider evidence.",ProductOrProviderContext,provider_typed_or_structured,optional_one,not_applicable,merchant_or_domain,surface_defined,surface_defined,provider_context,Availability,provider_domain_capability,store_scope_not_localization,provider_controlled_or_typed,domain,adobe_commerce,1,not_applicable,not_applicable,not_applicable,not_applicable,supported,PROVIDER_VERIFIED,"Provider-local concept; no cross-platform merge asserted."
adobe:inventory_availability:use_config_notify_stock_qty,"inventory availability:use config notify stock qty","Adobe-local semantic represented by frozen provider evidence.",ProductOrProviderContext,provider_typed_or_structured,optional_one,not_applicable,merchant_or_domain,surface_defined,surface_defined,provider_context,Availability,provider_domain_capability,store_scope_not_localization,provider_controlled_or_typed,domain,adobe_commerce,1,not_applicable,not_applicable,not_applicable,not_applicable,supported,PROVIDER_VERIFIED,"Provider-local concept; no cross-platform merge asserted."
adobe:inventory_availability:use_config_qty_increments,"inventory availability:use config qty increments","Adobe-local semantic represented by frozen provider evidence.",ProductOrProviderContext,provider_typed_or_structured,optional_one,not_applicable,merchant_or_domain,surface_defined,surface_defined,provider_context,Availability,provider_domain_capability,store_scope_not_localization,provider_controlled_or_typed,domain,adobe_commerce,1,not_applicable,not_applicable,not_applicable,not_applicable,supported,PROVIDER_VERIFIED,"Provider-local concept; no cross-platform merge asserted."
adobe:inventory_topology_msi:inventory_sales_channel,"inventory topology msi:inventory sales channel","Adobe-local semantic represented by frozen provider evidence.",ProductOrProviderContext,provider_typed_or_structured,optional_one,not_applicable,merchant_or_domain,surface_defined,surface_defined,provider_context,Inventory,provider_domain_capability,store_scope_not_localization,provider_controlled_or_typed,domain,adobe_commerce,1,not_applicable,not_applicable,not_applicable,not_applicable,supported,PROVIDER_VERIFIED,"Provider-local concept; no cross-platform merge asserted."
adobe:inventory_topology_msi:inventory_source,"inventory topology msi:inventory source","Adobe-local semantic represented by frozen provider evidence.",ProductOrProviderContext,provider_typed_or_structured,optional_one,not_applicable,merchant_or_domain,surface_defined,surface_defined,provider_context,Inventory,provider_domain_capability,store_scope_not_localization,provider_controlled_or_typed,domain,adobe_commerce,1,not_applicable,not_applicable,not_applicable,not_applicable,supported,PROVIDER_VERIFIED,"Provider-local concept; no cross-platform merge asserted."
adobe:inventory_topology_msi:inventory_stock,"inventory topology msi:inventory stock","Adobe-local semantic represented by frozen provider evidence.",ProductOrProviderContext,provider_typed_or_structured,optional_one,not_applicable,merchant_or_domain,surface_defined,surface_defined,provider_context,Inventory,provider_domain_capability,store_scope_not_localization,provider_controlled_or_typed,domain,adobe_commerce,1,not_applicable,not_applicable,not_applicable,not_applicable,supported,PROVIDER_VERIFIED,"Provider-local concept; no cross-platform merge asserted."
adobe:inventory_topology_msi:inventory_stock_source_link,"inventory topology msi:inventory stock source link","Adobe-local semantic represented by frozen provider evidence.",ProductOrProviderContext,provider_typed_or_structured,optional_one,not_applicable,merchant_or_domain,surface_defined,surface_defined,provider_context,Inventory,provider_domain_capability,store_scope_not_localization,provider_controlled_or_typed,domain,adobe_commerce,1,not_applicable,not_applicable,not_applicable,not_applicable,supported,PROVIDER_VERIFIED,"Provider-local concept; no cross-platform merge asserted."
adobe:localization_store_scope:store_view_overrides,"localization store scope:store view overrides","Adobe-local semantic represented by frozen provider evidence.",ProductOrProviderContext,scalar_or_context,optional_one,not_applicable,merchant_or_domain,surface_defined,surface_defined,provider_context,Connector,provider_scope_context,store_scope_not_localization,provider_controlled_or_typed,channel,adobe_commerce,1,not_applicable,not_applicable,not_applicable,queue:adobe_store_scope_localization,supported,DEFERRED_REVIEW,"Provider-local concept; no cross-platform merge asserted."
adobe:media:additional_image_labels,"media:additional image labels","Adobe-local semantic represented by frozen provider evidence.",ProductOrProviderContext,provider_typed_or_structured,optional_one,not_applicable,merchant_or_domain,surface_defined,surface_defined,provider_context,Media,provider_domain_capability,store_scope_not_localization,provider_controlled_or_typed,domain,adobe_commerce,1,not_applicable,not_applicable,not_applicable,not_applicable,supported,PROVIDER_VERIFIED,"Provider-local concept; no cross-platform merge asserted."
adobe:media:additional_images,"media:additional images","Adobe-local semantic represented by frozen provider evidence.",ProductOrProviderContext,provider_typed_or_structured,optional_one,not_applicable,merchant_or_domain,surface_defined,surface_defined,provider_context,Media,provider_domain_capability,store_scope_not_localization,provider_controlled_or_typed,domain,adobe_commerce,1,not_applicable,not_applicable,not_applicable,not_applicable,supported,PROVIDER_VERIFIED,"Provider-local concept; no cross-platform merge asserted."
adobe:media:base_image,"media:base image","Adobe-local semantic represented by frozen provider evidence.",ProductOrProviderContext,provider_typed_or_structured,optional_one,not_applicable,merchant_or_domain,surface_defined,surface_defined,provider_context,Media,provider_domain_capability,store_scope_not_localization,provider_controlled_or_typed,domain,adobe_commerce,1,not_applicable,not_applicable,not_applicable,not_applicable,supported,PROVIDER_VERIFIED,"Provider-local concept; no cross-platform merge asserted."
adobe:media:base_image_label,"media:base image label","Adobe-local semantic represented by frozen provider evidence.",ProductOrProviderContext,provider_typed_or_structured,optional_one,not_applicable,merchant_or_domain,surface_defined,surface_defined,provider_context,Media,provider_domain_capability,store_scope_not_localization,provider_controlled_or_typed,domain,adobe_commerce,1,not_applicable,not_applicable,not_applicable,not_applicable,supported,PROVIDER_VERIFIED,"Provider-local concept; no cross-platform merge asserted."
adobe:media:hide_from_product_page,"media:hide from product page","Adobe-local semantic represented by frozen provider evidence.",ProductOrProviderContext,provider_typed_or_structured,optional_one,not_applicable,merchant_or_domain,surface_defined,surface_defined,provider_context,Media,provider_domain_capability,store_scope_not_localization,provider_controlled_or_typed,domain,adobe_commerce,1,not_applicable,not_applicable,not_applicable,not_applicable,supported,PROVIDER_VERIFIED,"Provider-local concept; no cross-platform merge asserted."
adobe:media:media_gallery_entries,"media:media gallery entries","Adobe-local semantic represented by frozen provider evidence.",ProductOrProviderContext,provider_typed_or_structured,optional_one,not_applicable,merchant_or_domain,surface_defined,surface_defined,provider_context,Media,provider_domain_capability,store_scope_not_localization,provider_controlled_or_typed,domain,adobe_commerce,1,not_applicable,not_applicable,not_applicable,not_applicable,supported,PROVIDER_VERIFIED,"Provider-local concept; no cross-platform merge asserted."
adobe:media:media_video,"media:media video","Adobe-local semantic represented by frozen provider evidence.",ProductOrProviderContext,provider_typed_or_structured,optional_one,not_applicable,merchant_or_domain,surface_defined,surface_defined,provider_context,Media,provider_domain_capability,store_scope_not_localization,provider_controlled_or_typed,domain,adobe_commerce,1,not_applicable,not_applicable,not_applicable,not_applicable,supported,PROVIDER_VERIFIED,"Provider-local concept; no cross-platform merge asserted."
adobe:media:small_image,"media:small image","Adobe-local semantic represented by frozen provider evidence.",ProductOrProviderContext,provider_typed_or_structured,optional_one,not_applicable,merchant_or_domain,surface_defined,surface_defined,provider_context,Media,provider_domain_capability,store_scope_not_localization,provider_controlled_or_typed,domain,adobe_commerce,1,not_applicable,not_applicable,not_applicable,not_applicable,supported,PROVIDER_VERIFIED,"Provider-local concept; no cross-platform merge asserted."
adobe:media:small_image_label,"media:small image label","Adobe-local semantic represented by frozen provider evidence.",ProductOrProviderContext,provider_typed_or_structured,optional_one,not_applicable,merchant_or_domain,surface_defined,surface_defined,provider_context,Media,provider_domain_capability,store_scope_not_localization,provider_controlled_or_typed,domain,adobe_commerce,1,not_applicable,not_applicable,not_applicable,not_applicable,supported,PROVIDER_VERIFIED,"Provider-local concept; no cross-platform merge asserted."
adobe:media:swatch_image,"media:swatch image","Adobe-local semantic represented by frozen provider evidence.",ProductOrProviderContext,provider_typed_or_structured,optional_one,not_applicable,merchant_or_domain,surface_defined,surface_defined,provider_context,Media,provider_domain_capability,store_scope_not_localization,provider_controlled_or_typed,domain,adobe_commerce,1,not_applicable,not_applicable,not_applicable,not_applicable,supported,PROVIDER_VERIFIED,"Provider-local concept; no cross-platform merge asserted."
adobe:media:swatch_image_label,"media:swatch image label","Adobe-local semantic represented by frozen provider evidence.",ProductOrProviderContext,provider_typed_or_structured,optional_one,not_applicable,merchant_or_domain,surface_defined,surface_defined,provider_context,Media,provider_domain_capability,store_scope_not_localization,provider_controlled_or_typed,domain,adobe_commerce,1,not_applicable,not_applicable,not_applicable,not_applicable,supported,PROVIDER_VERIFIED,"Provider-local concept; no cross-platform merge asserted."
adobe:media:thumbnail_image,"media:thumbnail image","Adobe-local semantic represented by frozen provider evidence.",ProductOrProviderContext,provider_typed_or_structured,optional_one,not_applicable,merchant_or_domain,surface_defined,surface_defined,provider_context,Media,provider_domain_capability,store_scope_not_localization,provider_controlled_or_typed,domain,adobe_commerce,1,not_applicable,not_applicable,not_applicable,not_applicable,supported,PROVIDER_VERIFIED,"Provider-local concept; no cross-platform merge asserted."
adobe:media:thumbnail_image_label,"media:thumbnail image label","Adobe-local semantic represented by frozen provider evidence.",ProductOrProviderContext,provider_typed_or_structured,optional_one,not_applicable,merchant_or_domain,surface_defined,surface_defined,provider_context,Media,provider_domain_capability,store_scope_not_localization,provider_controlled_or_typed,domain,adobe_commerce,1,not_applicable,not_applicable,not_applicable,not_applicable,supported,PROVIDER_VERIFIED,"Provider-local concept; no cross-platform merge asserted."
adobe:presentation_layout:custom_design,"presentation layout:custom design","Adobe-local semantic represented by frozen provider evidence.",ProductOrProviderContext,scalar_or_context,optional_one,not_applicable,merchant_or_domain,surface_defined,surface_defined,provider_context,ProductData,provider_field_candidate,store_scope_not_localization,provider_controlled_or_typed,reusable_candidate,adobe_commerce,1,not_applicable,not_applicable,not_applicable,not_applicable,supported,PROVIDER_VERIFIED,"Provider-local concept; no cross-platform merge asserted."
adobe:presentation_layout:custom_design_from,"presentation layout:custom design from","Adobe-local semantic represented by frozen provider evidence.",ProductOrProviderContext,scalar_or_context,optional_one,not_applicable,merchant_or_domain,surface_defined,surface_defined,provider_context,ProductData,provider_field_candidate,store_scope_not_localization,provider_controlled_or_typed,reusable_candidate,adobe_commerce,1,not_applicable,not_applicable,not_applicable,not_applicable,supported,PROVIDER_VERIFIED,"Provider-local concept; no cross-platform merge asserted."
adobe:presentation_layout:custom_design_to,"presentation layout:custom design to","Adobe-local semantic represented by frozen provider evidence.",ProductOrProviderContext,scalar_or_context,optional_one,not_applicable,merchant_or_domain,surface_defined,surface_defined,provider_context,ProductData,provider_field_candidate,store_scope_not_localization,provider_controlled_or_typed,reusable_candidate,adobe_commerce,1,not_applicable,not_applicable,not_applicable,not_applicable,supported,PROVIDER_VERIFIED,"Provider-local concept; no cross-platform merge asserted."
adobe:presentation_layout:custom_layout_update,"presentation layout:custom layout update","Adobe-local semantic represented by frozen provider evidence.",ProductOrProviderContext,scalar_or_context,optional_one,not_applicable,merchant_or_domain,surface_defined,surface_defined,provider_context,ProductData,provider_field_candidate,store_scope_not_localization,provider_controlled_or_typed,reusable_candidate,adobe_commerce,1,not_applicable,not_applicable,not_applicable,not_applicable,supported,PROVIDER_VERIFIED,"Provider-local concept; no cross-platform merge asserted."
adobe:presentation_layout:page_layout,"presentation layout:page layout","Adobe-local semantic represented by frozen provider evidence.",ProductOrProviderContext,scalar_or_context,optional_one,not_applicable,merchant_or_domain,surface_defined,surface_defined,provider_context,ProductData,provider_field_candidate,store_scope_not_localization,provider_controlled_or_typed,reusable_candidate,adobe_commerce,1,not_applicable,not_applicable,not_applicable,not_applicable,supported,PROVIDER_VERIFIED,"Provider-local concept; no cross-platform merge asserted."
adobe:pricing:base_price_storage,"pricing:base price storage","Adobe-local semantic represented by frozen provider evidence.",ProductOrProviderContext,provider_typed_or_structured,optional_one,not_applicable,merchant_or_domain,surface_defined,surface_defined,provider_context,Pricing,provider_domain_capability,store_scope_not_localization,provider_controlled_or_typed,domain,adobe_commerce,1,not_applicable,not_applicable,not_applicable,not_applicable,supported,PROVIDER_VERIFIED,"Provider-local concept; no cross-platform merge asserted."
adobe:pricing:cost_storage,"pricing:cost storage","Adobe-local semantic represented by frozen provider evidence.",ProductOrProviderContext,provider_typed_or_structured,optional_one,not_applicable,merchant_or_domain,surface_defined,surface_defined,provider_context,Pricing,provider_domain_capability,store_scope_not_localization,provider_controlled_or_typed,domain,adobe_commerce,1,not_applicable,not_applicable,not_applicable,not_applicable,supported,PROVIDER_VERIFIED,"Provider-local concept; no cross-platform merge asserted."
adobe:pricing:map_enabled,"pricing:map enabled","Adobe-local semantic represented by frozen provider evidence.",ProductOrProviderContext,provider_typed_or_structured,optional_one,not_applicable,merchant_or_domain,surface_defined,surface_defined,provider_context,Pricing,provider_domain_capability,store_scope_not_localization,provider_controlled_or_typed,domain,adobe_commerce,1,not_applicable,not_applicable,not_applicable,queue:adobe_map_policy,supported,DEFERRED_REVIEW,"Provider-local concept; no cross-platform merge asserted."
adobe:pricing:map_price,"pricing:map price","Adobe-local semantic represented by frozen provider evidence.",ProductOrProviderContext,provider_typed_or_structured,optional_one,not_applicable,merchant_or_domain,surface_defined,surface_defined,provider_context,Pricing,provider_domain_capability,store_scope_not_localization,provider_controlled_or_typed,domain,adobe_commerce,1,not_applicable,not_applicable,not_applicable,queue:adobe_map_policy,supported,DEFERRED_REVIEW,"Provider-local concept; no cross-platform merge asserted."
adobe:pricing:msrp_display_actual_price_type,"pricing:msrp display actual price type","Adobe-local semantic represented by frozen provider evidence.",ProductOrProviderContext,provider_typed_or_structured,optional_one,not_applicable,merchant_or_domain,surface_defined,surface_defined,provider_context,Pricing,provider_domain_capability,store_scope_not_localization,provider_controlled_or_typed,domain,adobe_commerce,1,not_applicable,not_applicable,not_applicable,queue:adobe_msrp_equivalence,supported,DEFERRED_REVIEW,"Provider-local concept; no cross-platform merge asserted."
adobe:pricing:msrp_price,"pricing:msrp price","Adobe-local semantic represented by frozen provider evidence.",ProductOrProviderContext,provider_typed_or_structured,optional_one,not_applicable,merchant_or_domain,surface_defined,surface_defined,provider_context,Pricing,provider_domain_capability,store_scope_not_localization,provider_controlled_or_typed,domain,adobe_commerce,1,not_applicable,not_applicable,not_applicable,queue:adobe_msrp_equivalence,supported,DEFERRED_REVIEW,"Provider-local concept; no cross-platform merge asserted."
adobe:pricing:price,pricing:price,"Adobe-local semantic represented by frozen provider evidence.",ProductOrProviderContext,provider_typed_or_structured,optional_one,not_applicable,merchant_or_domain,surface_defined,surface_defined,provider_context,Pricing,provider_domain_capability,store_scope_not_localization,provider_controlled_or_typed,domain,adobe_commerce,1,not_applicable,not_applicable,not_applicable,not_applicable,supported,PROVIDER_VERIFIED,"Provider-local concept; no cross-platform merge asserted."
adobe:pricing:special_price,"pricing:special price","Adobe-local semantic represented by frozen provider evidence.",ProductOrProviderContext,provider_typed_or_structured,optional_one,not_applicable,merchant_or_domain,surface_defined,surface_defined,provider_context,Pricing,provider_domain_capability,store_scope_not_localization,provider_controlled_or_typed,domain,adobe_commerce,1,not_applicable,not_applicable,not_applicable,not_applicable,supported,PROVIDER_VERIFIED,"Provider-local concept; no cross-platform merge asserted."
adobe:pricing:special_price_from_date,"pricing:special price from date","Adobe-local semantic represented by frozen provider evidence.",ProductOrProviderContext,provider_typed_or_structured,optional_one,not_applicable,merchant_or_domain,surface_defined,surface_defined,provider_context,Pricing,provider_domain_capability,store_scope_not_localization,provider_controlled_or_typed,domain,adobe_commerce,1,not_applicable,not_applicable,not_applicable,not_applicable,supported,PROVIDER_VERIFIED,"Provider-local concept; no cross-platform merge asserted."
adobe:pricing:special_price_storage,"pricing:special price storage","Adobe-local semantic represented by frozen provider evidence.",ProductOrProviderContext,provider_typed_or_structured,optional_one,not_applicable,merchant_or_domain,surface_defined,surface_defined,provider_context,Pricing,provider_domain_capability,store_scope_not_localization,provider_controlled_or_typed,domain,adobe_commerce,1,not_applicable,not_applicable,not_applicable,not_applicable,supported,PROVIDER_VERIFIED,"Provider-local concept; no cross-platform merge asserted."
adobe:pricing:special_price_to_date,"pricing:special price to date","Adobe-local semantic represented by frozen provider evidence.",ProductOrProviderContext,provider_typed_or_structured,optional_one,not_applicable,merchant_or_domain,surface_defined,surface_defined,provider_context,Pricing,provider_domain_capability,store_scope_not_localization,provider_controlled_or_typed,domain,adobe_commerce,1,not_applicable,not_applicable,not_applicable,not_applicable,supported,PROVIDER_VERIFIED,"Provider-local concept; no cross-platform merge asserted."
adobe:pricing:tier_prices,"pricing:tier prices","Adobe-local semantic represented by frozen provider evidence.",ProductOrProviderContext,provider_typed_or_structured,optional_one,not_applicable,merchant_or_domain,surface_defined,surface_defined,provider_context,Pricing,provider_domain_capability,store_scope_not_localization,provider_controlled_or_typed,domain,adobe_commerce,1,not_applicable,not_applicable,not_applicable,not_applicable,supported,PROVIDER_VERIFIED,"Provider-local concept; no cross-platform merge asserted."
adobe:product_type_family:bundle_product,"product type family:bundle product","Adobe-local semantic represented by frozen provider evidence.",ProductOrProviderContext,provider_typed_or_structured,optional_one,not_applicable,merchant_or_domain,surface_defined,surface_defined,provider_context,ProductTypeExecution,provider_domain_capability,store_scope_not_localization,provider_controlled_or_typed,domain,adobe_commerce,1,not_applicable,not_applicable,not_applicable,queue:adobe_composition_mapping,supported,DEFERRED_REVIEW,"Provider-local concept; no cross-platform merge asserted."
adobe:product_type_family:configurable_product,"product type family:configurable product","Adobe-local semantic represented by frozen provider evidence.",ProductOrProviderContext,provider_typed_or_structured,optional_one,not_applicable,merchant_or_domain,surface_defined,surface_defined,provider_context,ProductTypeExecution,provider_domain_capability,store_scope_not_localization,provider_controlled_or_typed,domain,adobe_commerce,1,not_applicable,not_applicable,not_applicable,queue:adobe_composition_mapping,supported,DEFERRED_REVIEW,"Provider-local concept; no cross-platform merge asserted."
adobe:product_type_family:downloadable_product,"product type family:downloadable product","Adobe-local semantic represented by frozen provider evidence.",ProductOrProviderContext,provider_typed_or_structured,optional_one,not_applicable,merchant_or_domain,surface_defined,surface_defined,provider_context,ProductTypeExecution,provider_domain_capability,store_scope_not_localization,provider_controlled_or_typed,domain,adobe_commerce,1,not_applicable,not_applicable,not_applicable,not_applicable,supported,PROVIDER_VERIFIED,"Provider-local concept; no cross-platform merge asserted."
adobe:product_type_family:gift_card_product_type,"product type family:gift card product type","Adobe-local semantic represented by frozen provider evidence.",ProductOrProviderContext,provider_typed_or_structured,optional_one,not_applicable,merchant_or_domain,surface_defined,surface_defined,provider_context,ProductTypeExecution,provider_domain_capability,store_scope_not_localization,provider_controlled_or_typed,domain,adobe_commerce,1,not_applicable,not_applicable,not_applicable,not_applicable,supported,PROVIDER_VERIFIED,"Provider-local concept; no cross-platform merge asserted."
adobe:product_type_family:grouped_product,"product type family:grouped product","Adobe-local semantic represented by frozen provider evidence.",ProductOrProviderContext,provider_typed_or_structured,optional_one,not_applicable,merchant_or_domain,surface_defined,surface_defined,provider_context,ProductTypeExecution,provider_domain_capability,store_scope_not_localization,provider_controlled_or_typed,domain,adobe_commerce,1,not_applicable,not_applicable,not_applicable,queue:adobe_composition_mapping,supported,DEFERRED_REVIEW,"Provider-local concept; no cross-platform merge asserted."
adobe:product_type_family:simple_product,"product type family:simple product","Adobe-local semantic represented by frozen provider evidence.",ProductOrProviderContext,provider_typed_or_structured,optional_one,not_applicable,merchant_or_domain,surface_defined,surface_defined,provider_context,ProductTypeExecution,provider_domain_capability,store_scope_not_localization,provider_controlled_or_typed,domain,adobe_commerce,1,not_applicable,not_applicable,not_applicable,not_applicable,supported,PROVIDER_VERIFIED,"Provider-local concept; no cross-platform merge asserted."
adobe:product_type_family:virtual_product,"product type family:virtual product","Adobe-local semantic represented by frozen provider evidence.",ProductOrProviderContext,provider_typed_or_structured,optional_one,not_applicable,merchant_or_domain,surface_defined,surface_defined,provider_context,ProductTypeExecution,provider_domain_capability,store_scope_not_localization,provider_controlled_or_typed,domain,adobe_commerce,1,not_applicable,not_applicable,not_applicable,not_applicable,supported,PROVIDER_VERIFIED,"Provider-local concept; no cross-platform merge asserted."
adobe:reviews_ratings:rating_summary,"reviews ratings:rating summary","Adobe-local semantic represented by frozen provider evidence.",ProductOrProviderContext,scalar_or_context,optional_one,not_applicable,provider_owned,read_projection,read_only,provider_context,Connector,read_projection,store_scope_not_localization,provider_controlled_or_typed,projection,adobe_commerce,1,not_applicable,not_applicable,not_applicable,not_applicable,supported,PROVIDER_VERIFIED,"Provider-local concept; no cross-platform merge asserted."
adobe:reviews_ratings:review_count,"reviews ratings:review count","Adobe-local semantic represented by frozen provider evidence.",ProductOrProviderContext,scalar_or_context,optional_one,not_applicable,provider_owned,read_projection,read_only,provider_context,Connector,read_projection,store_scope_not_localization,provider_controlled_or_typed,projection,adobe_commerce,1,not_applicable,not_applicable,not_applicable,not_applicable,supported,PROVIDER_VERIFIED,"Provider-local concept; no cross-platform merge asserted."
adobe:select_multiselect_options:attribute_options,"select multiselect options:attribute options","Adobe-local semantic represented by frozen provider evidence.",ProductOrProviderContext,scalar_or_context,optional_one,not_applicable,merchant_or_domain,surface_defined,surface_defined,provider_context,FieldDictionary,provider_domain_capability,store_scope_not_localization,provider_controlled_or_typed,domain,adobe_commerce,1,not_applicable,not_applicable,not_applicable,not_applicable,supported,PROVIDER_VERIFIED,"Provider-local concept; no cross-platform merge asserted."
adobe:seo_routing:canonical_url,"seo routing:canonical url","Adobe-local semantic represented by frozen provider evidence.",ProductOrProviderContext,scalar_or_context,optional_one,not_applicable,provider_owned,read_projection,read_only,provider_context,Connector,read_projection,store_scope_not_localization,provider_controlled_or_typed,projection,adobe_commerce,1,not_applicable,not_applicable,not_applicable,not_applicable,supported,PROVIDER_VERIFIED,"Provider-local concept; no cross-platform merge asserted."
adobe:seo_routing:meta_description,"seo routing:meta description","Adobe-local semantic represented by frozen provider evidence.",ProductOrProviderContext,scalar_or_context,optional_one,not_applicable,merchant_or_domain,surface_defined,surface_defined,provider_context,ProductData,provider_field_candidate,store_scope_not_localization,provider_controlled_or_typed,reusable_candidate,adobe_commerce,1,not_applicable,not_applicable,not_applicable,not_applicable,supported,PROVIDER_VERIFIED,"Provider-local concept; no cross-platform merge asserted."
adobe:seo_routing:meta_title,"seo routing:meta title","Adobe-local semantic represented by frozen provider evidence.",ProductOrProviderContext,scalar_or_context,optional_one,not_applicable,merchant_or_domain,surface_defined,surface_defined,provider_context,ProductData,provider_field_candidate,store_scope_not_localization,provider_controlled_or_typed,reusable_candidate,adobe_commerce,1,not_applicable,not_applicable,not_applicable,not_applicable,supported,PROVIDER_VERIFIED,"Provider-local concept; no cross-platform merge asserted."
adobe:seo_routing:save_rewrites_history,"seo routing:save rewrites history","Adobe-local semantic represented by frozen provider evidence.",ProductOrProviderContext,scalar_or_context,optional_one,not_applicable,merchant_or_domain,surface_defined,surface_defined,provider_context,ProductData,provider_field_candidate,store_scope_not_localization,provider_controlled_or_typed,reusable_candidate,adobe_commerce,1,not_applicable,not_applicable,not_applicable,not_applicable,supported,PROVIDER_VERIFIED,"Provider-local concept; no cross-platform merge asserted."
adobe:seo_routing:url_key,"seo routing:url key","Adobe-local semantic represented by frozen provider evidence.",ProductOrProviderContext,scalar_or_context,optional_one,not_applicable,merchant_or_domain,surface_defined,surface_defined,provider_context,ProductData,provider_field_candidate,store_scope_not_localization,provider_controlled_or_typed,reusable_candidate,adobe_commerce,1,not_applicable,not_applicable,not_applicable,not_applicable,supported,PROVIDER_VERIFIED,"Provider-local concept; no cross-platform merge asserted."
adobe:seo_routing:url_path,"seo routing:url path","Adobe-local semantic represented by frozen provider evidence.",ProductOrProviderContext,scalar_or_context,optional_one,not_applicable,provider_owned,read_projection,read_only,provider_context,Connector,read_projection,store_scope_not_localization,provider_controlled_or_typed,projection,adobe_commerce,1,not_applicable,not_applicable,not_applicable,not_applicable,supported,PROVIDER_VERIFIED,"Provider-local concept; no cross-platform merge asserted."
adobe:seo_routing:url_rewrites,"seo routing:url rewrites","Adobe-local semantic represented by frozen provider evidence.",ProductOrProviderContext,scalar_or_context,optional_one,not_applicable,provider_owned,read_projection,read_only,provider_context,Connector,read_projection,store_scope_not_localization,provider_controlled_or_typed,projection,adobe_commerce,1,not_applicable,not_applicable,not_applicable,not_applicable,supported,PROVIDER_VERIFIED,"Provider-local concept; no cross-platform merge asserted."
adobe:seo_routing:url_suffix,"seo routing:url suffix","Adobe-local semantic represented by frozen provider evidence.",ProductOrProviderContext,scalar_or_context,optional_one,not_applicable,provider_owned,read_projection,read_only,provider_context,Connector,read_projection,store_scope_not_localization,provider_controlled_or_typed,projection,adobe_commerce,1,not_applicable,not_applicable,not_applicable,not_applicable,supported,PROVIDER_VERIFIED,"Provider-local concept; no cross-platform merge asserted."
adobe:storefront_derived_readonly:catalog_service_attributes,"storefront derived readonly:catalog service attributes","Adobe-local semantic represented by frozen provider evidence.",ProductOrProviderContext,scalar_or_context,optional_one,not_applicable,provider_owned,read_projection,read_only,provider_context,Connector,read_projection,store_scope_not_localization,provider_controlled_or_typed,projection,adobe_commerce,1,not_applicable,not_applicable,not_applicable,not_applicable,supported,PROVIDER_VERIFIED,"Provider-local concept; no cross-platform merge asserted."
adobe:storefront_derived_readonly:catalog_service_images,"storefront derived readonly:catalog service images","Adobe-local semantic represented by frozen provider evidence.",ProductOrProviderContext,scalar_or_context,optional_one,not_applicable,provider_owned,read_projection,read_only,provider_context,Connector,read_projection,store_scope_not_localization,provider_controlled_or_typed,projection,adobe_commerce,1,not_applicable,not_applicable,not_applicable,not_applicable,supported,PROVIDER_VERIFIED,"Provider-local concept; no cross-platform merge asserted."
adobe:storefront_derived_readonly:catalog_service_input_options,"storefront derived readonly:catalog service input options","Adobe-local semantic represented by frozen provider evidence.",ProductOrProviderContext,scalar_or_context,optional_one,not_applicable,provider_owned,read_projection,read_only,provider_context,Connector,read_projection,store_scope_not_localization,provider_controlled_or_typed,projection,adobe_commerce,1,not_applicable,not_applicable,not_applicable,not_applicable,supported,PROVIDER_VERIFIED,"Provider-local concept; no cross-platform merge asserted."
adobe:storefront_derived_readonly:catalog_service_links,"storefront derived readonly:catalog service links","Adobe-local semantic represented by frozen provider evidence.",ProductOrProviderContext,scalar_or_context,optional_one,not_applicable,provider_owned,read_projection,read_only,provider_context,Connector,read_projection,store_scope_not_localization,provider_controlled_or_typed,projection,adobe_commerce,1,not_applicable,not_applicable,not_applicable,not_applicable,supported,PROVIDER_VERIFIED,"Provider-local concept; no cross-platform merge asserted."
adobe:storefront_derived_readonly:catalog_service_price,"storefront derived readonly:catalog service price","Adobe-local semantic represented by frozen provider evidence.",ProductOrProviderContext,scalar_or_context,optional_one,not_applicable,provider_owned,read_projection,read_only,provider_context,Connector,read_projection,store_scope_not_localization,provider_controlled_or_typed,projection,adobe_commerce,1,not_applicable,not_applicable,not_applicable,queue:adobe_catalog_projection,supported,DEFERRED_REVIEW,"Provider-local concept; no cross-platform merge asserted."
adobe:storefront_derived_readonly:catalog_service_stock_flags,"storefront derived readonly:catalog service stock flags","Adobe-local semantic represented by frozen provider evidence.",ProductOrProviderContext,scalar_or_context,optional_one,not_applicable,provider_owned,read_projection,read_only,provider_context,Connector,read_projection,store_scope_not_localization,provider_controlled_or_typed,projection,adobe_commerce,1,not_applicable,not_applicable,not_applicable,queue:adobe_catalog_projection,supported,DEFERRED_REVIEW,"Provider-local concept; no cross-platform merge asserted."
adobe:storefront_derived_readonly:catalog_service_variants,"storefront derived readonly:catalog service variants","Adobe-local semantic represented by frozen provider evidence.",ProductOrProviderContext,scalar_or_context,optional_one,not_applicable,provider_owned,read_projection,read_only,provider_context,Connector,read_projection,store_scope_not_localization,provider_controlled_or_typed,projection,adobe_commerce,1,not_applicable,not_applicable,not_applicable,not_applicable,supported,PROVIDER_VERIFIED,"Provider-local concept; no cross-platform merge asserted."
adobe:storefront_derived_readonly:catalog_service_videos,"storefront derived readonly:catalog service videos","Adobe-local semantic represented by frozen provider evidence.",ProductOrProviderContext,scalar_or_context,optional_one,not_applicable,provider_owned,read_projection,read_only,provider_context,Connector,read_projection,store_scope_not_localization,provider_controlled_or_typed,projection,adobe_commerce,1,not_applicable,not_applicable,not_applicable,not_applicable,supported,PROVIDER_VERIFIED,"Provider-local concept; no cross-platform merge asserted."
adobe:structure:attribute_option:label,"structure:attribute option:label","Adobe-local semantic represented by frozen provider evidence.",StructuredMember,provider_typed,optional_one,not_applicable,merchant_or_domain,surface_defined,surface_defined,provider_context,FieldDictionary,value_or_context_member,store_scope_not_localization,provider_controlled_or_typed,structure,adobe_commerce,1,not_applicable,not_applicable,not_applicable,not_applicable,supported,PROVIDER_VERIFIED,"Provider-local concept; no cross-platform merge asserted."
adobe:structure:attribute_option:swatch_data,"structure:attribute option:swatch data","Adobe-local semantic represented by frozen provider evidence.",StructuredMember,structured,optional_one,not_applicable,merchant_or_domain,readable,not_proven,provider_context,FieldDictionary,value_or_context_member,store_scope_not_localization,provider_controlled_or_typed,structure,adobe_commerce,1,not_applicable,not_applicable,not_applicable,not_applicable,supported,PROVIDER_VERIFIED,"Provider-local concept; no cross-platform merge asserted."
adobe:structure:attribute_option:value,"structure:attribute option:value","Adobe-local semantic represented by frozen provider evidence.",StructuredMember,provider_typed,optional_one,not_applicable,merchant_or_domain,surface_defined,surface_defined,provider_context,FieldDictionary,value_or_context_member,store_scope_not_localization,provider_controlled_or_typed,structure,adobe_commerce,1,not_applicable,not_applicable,not_applicable,not_applicable,supported,PROVIDER_VERIFIED,"Provider-local concept; no cross-platform merge asserted."
adobe:structure:attribute_storefront_properties:position,"structure:attribute storefront properties:position","Adobe-local semantic represented by frozen provider evidence.",StructuredMember,provider_typed,optional_one,not_applicable,merchant_or_domain,readable,not_proven,provider_context,AttributeSchema,ordering_member,store_scope_not_localization,provider_controlled_or_typed,structure,adobe_commerce,1,not_applicable,not_applicable,not_applicable,not_applicable,supported,PROVIDER_VERIFIED,"Provider-local concept; no cross-platform merge asserted."
adobe:structure:attribute_storefront_properties:use_in_layered_navigation,"structure:attribute storefront properties:use in layered navigation","Adobe-local semantic represented by frozen provider evidence.",StructuredMember,provider_typed,optional_one,not_applicable,merchant_or_domain,readable,not_proven,provider_context,AttributeSchema,value_or_context_member,store_scope_not_localization,provider_controlled_or_typed,structure,adobe_commerce,1,not_applicable,not_applicable,not_applicable,not_applicable,supported,PROVIDER_VERIFIED,"Provider-local concept; no cross-platform merge asserted."
adobe:structure:attribute_storefront_properties:use_in_product_listing,"structure:attribute storefront properties:use in product listing","Adobe-local semantic represented by frozen provider evidence.",StructuredMember,provider_typed,optional_one,not_applicable,merchant_or_domain,readable,not_proven,provider_context,AttributeSchema,value_or_context_member,store_scope_not_localization,provider_controlled_or_typed,structure,adobe_commerce,1,not_applicable,not_applicable,not_applicable,not_applicable,supported,PROVIDER_VERIFIED,"Provider-local concept; no cross-platform merge asserted."
adobe:structure:attribute_storefront_properties:use_in_search_results_layered_navigation,"structure:attribute storefront properties:use in search results layered navigation","Adobe-local semantic represented by frozen provider evidence.",StructuredMember,provider_typed,optional_one,not_applicable,merchant_or_domain,readable,not_proven,provider_context,AttributeSchema,value_or_context_member,store_scope_not_localization,provider_controlled_or_typed,structure,adobe_commerce,1,not_applicable,not_applicable,not_applicable,not_applicable,supported,PROVIDER_VERIFIED,"Provider-local concept; no cross-platform merge asserted."
adobe:structure:attribute_storefront_properties:visible_on_catalog_pages,"structure:attribute storefront properties:visible on catalog pages","Adobe-local semantic represented by frozen provider evidence.",StructuredMember,provider_typed,optional_one,not_applicable,merchant_or_domain,readable,not_proven,provider_context,AttributeSchema,value_or_context_member,store_scope_not_localization,provider_controlled_or_typed,structure,adobe_commerce,1,not_applicable,not_applicable,not_applicable,not_applicable,supported,PROVIDER_VERIFIED,"Provider-local concept; no cross-platform merge asserted."
adobe:structure:authoritative_attribute_metadata:apply_to,"structure:authoritative attribute metadata:apply to","Adobe-local semantic represented by frozen provider evidence.",StructuredMember,provider_typed,optional_one,not_applicable,merchant_or_domain,readable,not_proven,provider_context,AttributeSchema,value_or_context_member,store_scope_not_localization,provider_controlled_or_typed,structure,adobe_commerce,1,not_applicable,not_applicable,not_applicable,not_applicable,supported,PROVIDER_VERIFIED,"Provider-local concept; no cross-platform merge asserted."
adobe:structure:authoritative_attribute_metadata:code,"structure:authoritative attribute metadata:code","Adobe-local semantic represented by frozen provider evidence.",StructuredMember,provider_typed,optional_one,not_applicable,merchant_or_domain,surface_defined,surface_defined,provider_context,AttributeSchema,value_or_context_member,store_scope_not_localization,provider_controlled_or_typed,structure,adobe_commerce,1,not_applicable,not_applicable,not_applicable,not_applicable,supported,PROVIDER_VERIFIED,"Provider-local concept; no cross-platform merge asserted."
adobe:structure:authoritative_attribute_metadata:default_value,"structure:authoritative attribute metadata:default value","Adobe-local semantic represented by frozen provider evidence.",StructuredMember,provider_typed,optional_one,not_applicable,merchant_or_domain,surface_defined,surface_defined,provider_context,AttributeSchema,value_or_context_member,store_scope_not_localization,provider_controlled_or_typed,structure,adobe_commerce,1,not_applicable,not_applicable,not_applicable,not_applicable,supported,PROVIDER_VERIFIED,"Provider-local concept; no cross-platform merge asserted."
adobe:structure:authoritative_attribute_metadata:entity_type,"structure:authoritative attribute metadata:entity type","Adobe-local semantic represented by frozen provider evidence.",StructuredMember,provider_typed,optional_one,not_applicable,merchant_or_domain,readable,not_proven,provider_context,AttributeSchema,value_or_context_member,store_scope_not_localization,provider_controlled_or_typed,structure,adobe_commerce,1,not_applicable,not_applicable,not_applicable,not_applicable,supported,PROVIDER_VERIFIED,"Provider-local concept; no cross-platform merge asserted."
adobe:structure:authoritative_attribute_metadata:frontend_class,"structure:authoritative attribute metadata:frontend class","Adobe-local semantic represented by frozen provider evidence.",StructuredMember,provider_typed,optional_one,not_applicable,merchant_or_domain,readable,not_proven,provider_context,AttributeSchema,value_or_context_member,store_scope_not_localization,provider_controlled_or_typed,structure,adobe_commerce,1,not_applicable,not_applicable,not_applicable,not_applicable,supported,PROVIDER_VERIFIED,"Provider-local concept; no cross-platform merge asserted."
adobe:structure:authoritative_attribute_metadata:frontend_input,"structure:authoritative attribute metadata:frontend input","Adobe-local semantic represented by frozen provider evidence.",StructuredMember,provider_typed,optional_one,not_applicable,merchant_or_domain,surface_defined,surface_defined,provider_context,AttributeSchema,value_or_context_member,store_scope_not_localization,provider_controlled_or_typed,structure,adobe_commerce,1,not_applicable,not_applicable,not_applicable,not_applicable,supported,PROVIDER_VERIFIED,"Provider-local concept; no cross-platform merge asserted."
adobe:structure:authoritative_attribute_metadata:is_comparable,"structure:authoritative attribute metadata:is comparable","Adobe-local semantic represented by frozen provider evidence.",StructuredMember,provider_typed,optional_one,not_applicable,merchant_or_domain,readable,not_proven,provider_context,AttributeSchema,value_or_context_member,store_scope_not_localization,provider_controlled_or_typed,structure,adobe_commerce,1,not_applicable,not_applicable,not_applicable,not_applicable,supported,PROVIDER_VERIFIED,"Provider-local concept; no cross-platform merge asserted."
adobe:structure:authoritative_attribute_metadata:is_filterable,"structure:authoritative attribute metadata:is filterable","Adobe-local semantic represented by frozen provider evidence.",StructuredMember,provider_typed,optional_one,not_applicable,merchant_or_domain,readable,not_proven,provider_context,AttributeSchema,value_or_context_member,store_scope_not_localization,provider_controlled_or_typed,structure,adobe_commerce,1,not_applicable,not_applicable,not_applicable,not_applicable,supported,PROVIDER_VERIFIED,"Provider-local concept; no cross-platform merge asserted."
adobe:structure:authoritative_attribute_metadata:is_filterable_in_search,"structure:authoritative attribute metadata:is filterable in search","Adobe-local semantic represented by frozen provider evidence.",StructuredMember,provider_typed,optional_one,not_applicable,merchant_or_domain,readable,not_proven,provider_context,AttributeSchema,value_or_context_member,store_scope_not_localization,provider_controlled_or_typed,structure,adobe_commerce,1,not_applicable,not_applicable,not_applicable,not_applicable,supported,PROVIDER_VERIFIED,"Provider-local concept; no cross-platform merge asserted."
adobe:structure:authoritative_attribute_metadata:is_html_allowed_on_front,"structure:authoritative attribute metadata:is html allowed on front","Adobe-local semantic represented by frozen provider evidence.",StructuredMember,provider_typed,optional_one,not_applicable,merchant_or_domain,readable,not_proven,provider_context,AttributeSchema,value_or_context_member,store_scope_not_localization,provider_controlled_or_typed,structure,adobe_commerce,1,not_applicable,not_applicable,not_applicable,not_applicable,supported,PROVIDER_VERIFIED,"Provider-local concept; no cross-platform merge asserted."
adobe:structure:authoritative_attribute_metadata:is_required,"structure:authoritative attribute metadata:is required","Adobe-local semantic represented by frozen provider evidence.",StructuredMember,provider_typed,optional_one,not_applicable,merchant_or_domain,surface_defined,surface_defined,provider_context,AttributeSchema,requiredness_member,store_scope_not_localization,provider_controlled_or_typed,structure,adobe_commerce,1,not_applicable,not_applicable,not_applicable,not_applicable,supported,PROVIDER_VERIFIED,"Provider-local concept; no cross-platform merge asserted."
adobe:structure:authoritative_attribute_metadata:is_searchable,"structure:authoritative attribute metadata:is searchable","Adobe-local semantic represented by frozen provider evidence.",StructuredMember,provider_typed,optional_one,not_applicable,merchant_or_domain,readable,not_proven,provider_context,AttributeSchema,value_or_context_member,store_scope_not_localization,provider_controlled_or_typed,structure,adobe_commerce,1,not_applicable,not_applicable,not_applicable,not_applicable,supported,PROVIDER_VERIFIED,"Provider-local concept; no cross-platform merge asserted."
adobe:structure:authoritative_attribute_metadata:is_unique,"structure:authoritative attribute metadata:is unique","Adobe-local semantic represented by frozen provider evidence.",StructuredMember,provider_typed,optional_one,not_applicable,merchant_or_domain,readable,not_proven,provider_context,AttributeSchema,value_or_context_member,store_scope_not_localization,provider_controlled_or_typed,structure,adobe_commerce,1,not_applicable,not_applicable,not_applicable,not_applicable,supported,PROVIDER_VERIFIED,"Provider-local concept; no cross-platform merge asserted."
adobe:structure:authoritative_attribute_metadata:is_used_for_customer_segment,"structure:authoritative attribute metadata:is used for customer segment","Adobe-local semantic represented by frozen provider evidence.",StructuredMember,provider_typed,optional_one,not_applicable,merchant_or_domain,readable,not_proven,provider_context,AttributeSchema,value_or_context_member,store_scope_not_localization,provider_controlled_or_typed,structure,adobe_commerce,1,not_applicable,not_applicable,not_applicable,not_applicable,supported,PROVIDER_VERIFIED,"Provider-local concept; no cross-platform merge asserted."
adobe:structure:authoritative_attribute_metadata:is_used_for_price_rules,"structure:authoritative attribute metadata:is used for price rules","Adobe-local semantic represented by frozen provider evidence.",StructuredMember,provider_typed,optional_one,not_applicable,merchant_or_domain,readable,not_proven,provider_context,AttributeSchema,value_or_context_member,store_scope_not_localization,provider_controlled_or_typed,structure,adobe_commerce,1,not_applicable,not_applicable,not_applicable,not_applicable,supported,PROVIDER_VERIFIED,"Provider-local concept; no cross-platform merge asserted."
adobe:structure:authoritative_attribute_metadata:is_used_for_promo_rules,"structure:authoritative attribute metadata:is used for promo rules","Adobe-local semantic represented by frozen provider evidence.",StructuredMember,provider_typed,optional_one,not_applicable,merchant_or_domain,readable,not_proven,provider_context,AttributeSchema,value_or_context_member,store_scope_not_localization,provider_controlled_or_typed,structure,adobe_commerce,1,not_applicable,not_applicable,not_applicable,not_applicable,supported,PROVIDER_VERIFIED,"Provider-local concept; no cross-platform merge asserted."
adobe:structure:authoritative_attribute_metadata:is_visible_in_advanced_search,"structure:authoritative attribute metadata:is visible in advanced search","Adobe-local semantic represented by frozen provider evidence.",StructuredMember,provider_typed,optional_one,not_applicable,merchant_or_domain,readable,not_proven,provider_context,AttributeSchema,value_or_context_member,store_scope_not_localization,provider_controlled_or_typed,structure,adobe_commerce,1,not_applicable,not_applicable,not_applicable,not_applicable,supported,PROVIDER_VERIFIED,"Provider-local concept; no cross-platform merge asserted."
adobe:structure:authoritative_attribute_metadata:is_visible_on_front,"structure:authoritative attribute metadata:is visible on front","Adobe-local semantic represented by frozen provider evidence.",StructuredMember,provider_typed,optional_one,not_applicable,merchant_or_domain,readable,not_proven,provider_context,AttributeSchema,value_or_context_member,store_scope_not_localization,provider_controlled_or_typed,structure,adobe_commerce,1,not_applicable,not_applicable,not_applicable,not_applicable,supported,PROVIDER_VERIFIED,"Provider-local concept; no cross-platform merge asserted."
adobe:structure:authoritative_attribute_metadata:is_wysiwyg_enabled,"structure:authoritative attribute metadata:is wysiwyg enabled","Adobe-local semantic represented by frozen provider evidence.",StructuredMember,provider_typed,optional_one,not_applicable,merchant_or_domain,readable,not_proven,provider_context,AttributeSchema,value_or_context_member,store_scope_not_localization,provider_controlled_or_typed,structure,adobe_commerce,1,not_applicable,not_applicable,not_applicable,not_applicable,supported,PROVIDER_VERIFIED,"Provider-local concept; no cross-platform merge asserted."
adobe:structure:authoritative_attribute_metadata:label,"structure:authoritative attribute metadata:label","Adobe-local semantic represented by frozen provider evidence.",StructuredMember,provider_typed,optional_one,not_applicable,merchant_or_domain,readable,not_proven,provider_context,AttributeSchema,value_or_context_member,store_scope_not_localization,provider_controlled_or_typed,structure,adobe_commerce,1,not_applicable,not_applicable,not_applicable,not_applicable,supported,PROVIDER_VERIFIED,"Provider-local concept; no cross-platform merge asserted."
adobe:structure:authoritative_attribute_metadata:options,"structure:authoritative attribute metadata:options","Adobe-local semantic represented by frozen provider evidence.",StructuredMember,provider_typed,optional_one,not_applicable,merchant_or_domain,surface_defined,surface_defined,provider_context,AttributeSchema,value_or_context_member,store_scope_not_localization,provider_controlled_or_typed,structure,adobe_commerce,1,not_applicable,not_applicable,not_applicable,not_applicable,supported,PROVIDER_VERIFIED,"Provider-local concept; no cross-platform merge asserted."
adobe:structure:authoritative_attribute_metadata:swatch_input_type,"structure:authoritative attribute metadata:swatch input type","Adobe-local semantic represented by frozen provider evidence.",StructuredMember,provider_typed,optional_one,not_applicable,merchant_or_domain,readable,not_proven,provider_context,AttributeSchema,value_or_context_member,store_scope_not_localization,provider_controlled_or_typed,structure,adobe_commerce,1,not_applicable,not_applicable,not_applicable,not_applicable,supported,PROVIDER_VERIFIED,"Provider-local concept; no cross-platform merge asserted."
adobe:structure:authoritative_attribute_metadata:update_product_preview_image,"structure:authoritative attribute metadata:update product preview image","Adobe-local semantic represented by frozen provider evidence.",StructuredMember,provider_typed,optional_one,not_applicable,merchant_or_domain,readable,not_proven,provider_context,AttributeSchema,value_or_context_member,store_scope_not_localization,provider_controlled_or_typed,structure,adobe_commerce,1,not_applicable,not_applicable,not_applicable,not_applicable,supported,PROVIDER_VERIFIED,"Provider-local concept; no cross-platform merge asserted."
adobe:structure:authoritative_attribute_metadata:use_product_image_for_swatch,"structure:authoritative attribute metadata:use product image for swatch","Adobe-local semantic represented by frozen provider evidence.",StructuredMember,provider_typed,optional_one,not_applicable,merchant_or_domain,readable,not_proven,provider_context,AttributeSchema,value_or_context_member,store_scope_not_localization,provider_controlled_or_typed,structure,adobe_commerce,1,not_applicable,not_applicable,not_applicable,not_applicable,supported,PROVIDER_VERIFIED,"Provider-local concept; no cross-platform merge asserted."
adobe:structure:authoritative_attribute_metadata:used_in_product_listing,"structure:authoritative attribute metadata:used in product listing","Adobe-local semantic represented by frozen provider evidence.",StructuredMember,provider_typed,optional_one,not_applicable,merchant_or_domain,readable,not_proven,provider_context,AttributeSchema,value_or_context_member,store_scope_not_localization,provider_controlled_or_typed,structure,adobe_commerce,1,not_applicable,not_applicable,not_applicable,not_applicable,supported,PROVIDER_VERIFIED,"Provider-local concept; no cross-platform merge asserted."
adobe:structure:base_price:price,"structure:base price:price","Adobe-local semantic represented by frozen provider evidence.",StructuredMember,provider_typed,optional_one,not_applicable,merchant_or_domain,surface_defined,surface_defined,provider_context,Pricing,pricing_value_member,store_scope_not_localization,provider_controlled_or_typed,structure,adobe_commerce,1,not_applicable,not_applicable,not_applicable,not_applicable,supported,PROVIDER_VERIFIED,"Provider-local concept; no cross-platform merge asserted."
adobe:structure:base_price:sku,"structure:base price:sku","Adobe-local semantic represented by frozen provider evidence.",StructuredMember,provider_typed,optional_one,not_applicable,merchant_or_domain,surface_defined,surface_defined,provider_context,Pricing,reference_member,store_scope_not_localization,provider_controlled_or_typed,structure,adobe_commerce,1,not_applicable,not_applicable,not_applicable,not_applicable,supported,PROVIDER_VERIFIED,"Provider-local concept; no cross-platform merge asserted."
adobe:structure:base_price:store_id,"structure:base price:store id","Adobe-local semantic represented by frozen provider evidence.",StructuredMember,provider_typed,optional_one,not_applicable,merchant_or_domain,surface_defined,surface_defined,provider_context,Pricing,reference_member,store_scope_not_localization,provider_controlled_or_typed,structure,adobe_commerce,1,not_applicable,not_applicable,not_applicable,not_applicable,supported,PROVIDER_VERIFIED,"Provider-local concept; no cross-platform merge asserted."
adobe:structure:bundle_import_value:can_change_qty,"structure:bundle import value:can change qty","Adobe-local semantic represented by frozen provider evidence.",StructuredMember,provider_typed,optional_one,not_applicable,merchant_or_domain,import_representation,writable,provider_context,BundleComposition,value_or_context_member,store_scope_not_localization,provider_controlled_or_typed,structure,adobe_commerce,1,not_applicable,not_applicable,not_applicable,queue:adobe_composition_mapping,supported,DEFERRED_REVIEW,"Provider-local concept; no cross-platform merge asserted."
adobe:structure:bundle_import_value:default,"structure:bundle import value:default","Adobe-local semantic represented by frozen provider evidence.",StructuredMember,provider_typed,optional_one,not_applicable,merchant_or_domain,import_representation,writable,provider_context,BundleComposition,value_or_context_member,store_scope_not_localization,provider_controlled_or_typed,structure,adobe_commerce,1,not_applicable,not_applicable,not_applicable,queue:adobe_composition_mapping,supported,DEFERRED_REVIEW,"Provider-local concept; no cross-platform merge asserted."
adobe:structure:bundle_import_value:default_qty,"structure:bundle import value:default qty","Adobe-local semantic represented by frozen provider evidence.",StructuredMember,provider_typed,optional_one,not_applicable,merchant_or_domain,import_representation,writable,provider_context,BundleComposition,value_or_context_member,store_scope_not_localization,provider_controlled_or_typed,structure,adobe_commerce,1,not_applicable,not_applicable,not_applicable,queue:adobe_composition_mapping,supported,DEFERRED_REVIEW,"Provider-local concept; no cross-platform merge asserted."
adobe:structure:bundle_import_value:name,"structure:bundle import value:name","Adobe-local semantic represented by frozen provider evidence.",StructuredMember,provider_typed,optional_one,not_applicable,merchant_or_domain,import_representation,writable,provider_context,BundleComposition,value_or_context_member,store_scope_not_localization,provider_controlled_or_typed,structure,adobe_commerce,1,not_applicable,not_applicable,not_applicable,queue:adobe_composition_mapping,supported,DEFERRED_REVIEW,"Provider-local concept; no cross-platform merge asserted."
adobe:structure:bundle_import_value:price,"structure:bundle import value:price","Adobe-local semantic represented by frozen provider evidence.",StructuredMember,provider_typed,optional_one,not_applicable,merchant_or_domain,import_representation,writable,provider_context,BundleComposition,price_modifier_member,store_scope_not_localization,provider_controlled_or_typed,structure,adobe_commerce,1,not_applicable,not_applicable,not_applicable,queue:adobe_composition_mapping,supported,DEFERRED_REVIEW,"Provider-local concept; no cross-platform merge asserted."
adobe:structure:bundle_import_value:price_type,"structure:bundle import value:price type","Adobe-local semantic represented by frozen provider evidence.",StructuredMember,provider_typed,optional_one,not_applicable,merchant_or_domain,import_representation,writable,provider_context,BundleComposition,price_modifier_member,store_scope_not_localization,provider_controlled_or_typed,structure,adobe_commerce,1,not_applicable,not_applicable,not_applicable,queue:adobe_composition_mapping,supported,DEFERRED_REVIEW,"Provider-local concept; no cross-platform merge asserted."
adobe:structure:bundle_import_value:required,"structure:bundle import value:required","Adobe-local semantic represented by frozen provider evidence.",StructuredMember,provider_typed,optional_one,not_applicable,merchant_or_domain,import_representation,writable,provider_context,BundleComposition,requiredness_member,store_scope_not_localization,provider_controlled_or_typed,structure,adobe_commerce,1,not_applicable,not_applicable,not_applicable,queue:adobe_composition_mapping,supported,DEFERRED_REVIEW,"Provider-local concept; no cross-platform merge asserted."
adobe:structure:bundle_import_value:sku,"structure:bundle import value:sku","Adobe-local semantic represented by frozen provider evidence.",StructuredMember,provider_typed,optional_one,not_applicable,merchant_or_domain,import_representation,writable,provider_context,BundleComposition,reference_member,store_scope_not_localization,provider_controlled_or_typed,structure,adobe_commerce,1,not_applicable,not_applicable,not_applicable,queue:adobe_composition_mapping,supported,DEFERRED_REVIEW,"Provider-local concept; no cross-platform merge asserted."
adobe:structure:bundle_import_value:type,"structure:bundle import value:type","Adobe-local semantic represented by frozen provider evidence.",StructuredMember,provider_typed,optional_one,not_applicable,merchant_or_domain,import_representation,writable,provider_context,BundleComposition,value_or_context_member,store_scope_not_localization,provider_controlled_or_typed,structure,adobe_commerce,1,not_applicable,not_applicable,not_applicable,queue:adobe_composition_mapping,supported,DEFERRED_REVIEW,"Provider-local concept; no cross-platform merge asserted."
adobe:structure:bundle_product_link:can_change_quantity,"structure:bundle product link:can change quantity","Adobe-local semantic represented by frozen provider evidence.",StructuredMember,provider_typed,optional_one,not_applicable,merchant_or_domain,surface_defined,surface_defined,provider_context,BundleComposition,value_or_context_member,store_scope_not_localization,provider_controlled_or_typed,structure,adobe_commerce,1,not_applicable,not_applicable,not_applicable,queue:adobe_composition_mapping,supported,DEFERRED_REVIEW,"Provider-local concept; no cross-platform merge asserted."
adobe:structure:bundle_product_link:id,"structure:bundle product link:id","Adobe-local semantic represented by frozen provider evidence.",StructuredMember,provider_typed,optional_one,not_applicable,merchant_or_domain,surface_defined,surface_defined,provider_context,BundleComposition,identity_member,store_scope_not_localization,provider_controlled_or_typed,structure,adobe_commerce,1,not_applicable,not_applicable,not_applicable,queue:adobe_composition_mapping,supported,DEFERRED_REVIEW,"Provider-local concept; no cross-platform merge asserted."
adobe:structure:bundle_product_link:is_default,"structure:bundle product link:is default","Adobe-local semantic represented by frozen provider evidence.",StructuredMember,provider_typed,optional_one,not_applicable,merchant_or_domain,surface_defined,surface_defined,provider_context,BundleComposition,value_or_context_member,store_scope_not_localization,provider_controlled_or_typed,structure,adobe_commerce,1,not_applicable,not_applicable,not_applicable,queue:adobe_composition_mapping,supported,DEFERRED_REVIEW,"Provider-local concept; no cross-platform merge asserted."
adobe:structure:bundle_product_link:option_id,"structure:bundle product link:option id","Adobe-local semantic represented by frozen provider evidence.",StructuredMember,provider_typed,optional_one,not_applicable,merchant_or_domain,surface_defined,surface_defined,provider_context,BundleComposition,identity_member,store_scope_not_localization,provider_controlled_or_typed,structure,adobe_commerce,1,not_applicable,not_applicable,not_applicable,queue:adobe_composition_mapping,supported,DEFERRED_REVIEW,"Provider-local concept; no cross-platform merge asserted."
adobe:structure:bundle_product_link:position,"structure:bundle product link:position","Adobe-local semantic represented by frozen provider evidence.",StructuredMember,provider_typed,optional_one,not_applicable,merchant_or_domain,surface_defined,surface_defined,provider_context,BundleComposition,ordering_member,store_scope_not_localization,provider_controlled_or_typed,structure,adobe_commerce,1,not_applicable,not_applicable,not_applicable,queue:adobe_composition_mapping,supported,DEFERRED_REVIEW,"Provider-local concept; no cross-platform merge asserted."
adobe:structure:bundle_product_link:price,"structure:bundle product link:price","Adobe-local semantic represented by frozen provider evidence.",StructuredMember,provider_typed,optional_one,not_applicable,merchant_or_domain,surface_defined,surface_defined,provider_context,BundleComposition,price_modifier_member,store_scope_not_localization,provider_controlled_or_typed,structure,adobe_commerce,1,not_applicable,not_applicable,not_applicable,queue:adobe_composition_mapping,supported,DEFERRED_REVIEW,"Provider-local concept; no cross-platform merge asserted."
adobe:structure:bundle_product_link:price_type,"structure:bundle product link:price type","Adobe-local semantic represented by frozen provider evidence.",StructuredMember,provider_typed,optional_one,not_applicable,merchant_or_domain,surface_defined,surface_defined,provider_context,BundleComposition,price_modifier_member,store_scope_not_localization,provider_controlled_or_typed,structure,adobe_commerce,1,not_applicable,not_applicable,not_applicable,queue:adobe_composition_mapping,supported,DEFERRED_REVIEW,"Provider-local concept; no cross-platform merge asserted."
adobe:structure:bundle_product_link:qty,"structure:bundle product link:qty","Adobe-local semantic represented by frozen provider evidence.",StructuredMember,provider_typed,optional_one,not_applicable,merchant_or_domain,surface_defined,surface_defined,provider_context,BundleComposition,value_or_context_member,store_scope_not_localization,provider_controlled_or_typed,structure,adobe_commerce,1,not_applicable,not_applicable,not_applicable,queue:adobe_composition_mapping,supported,DEFERRED_REVIEW,"Provider-local concept; no cross-platform merge asserted."
adobe:structure:bundle_product_link:sku,"structure:bundle product link:sku","Adobe-local semantic represented by frozen provider evidence.",StructuredMember,provider_typed,optional_one,not_applicable,merchant_or_domain,surface_defined,surface_defined,provider_context,BundleComposition,reference_member,store_scope_not_localization,provider_controlled_or_typed,structure,adobe_commerce,1,not_applicable,not_applicable,not_applicable,queue:adobe_composition_mapping,supported,DEFERRED_REVIEW,"Provider-local concept; no cross-platform merge asserted."
adobe:structure:bundle_product_option:option_id,"structure:bundle product option:option id","Adobe-local semantic represented by frozen provider evidence.",StructuredMember,provider_typed,optional_one,not_applicable,merchant_or_domain,surface_defined,surface_defined,provider_context,BundleComposition,identity_member,store_scope_not_localization,provider_controlled_or_typed,structure,adobe_commerce,1,not_applicable,not_applicable,not_applicable,queue:adobe_composition_mapping,supported,DEFERRED_REVIEW,"Provider-local concept; no cross-platform merge asserted."
adobe:structure:bundle_product_option:position,"structure:bundle product option:position","Adobe-local semantic represented by frozen provider evidence.",StructuredMember,provider_typed,optional_one,not_applicable,merchant_or_domain,surface_defined,surface_defined,provider_context,BundleComposition,ordering_member,store_scope_not_localization,provider_controlled_or_typed,structure,adobe_commerce,1,not_applicable,not_applicable,not_applicable,queue:adobe_composition_mapping,supported,DEFERRED_REVIEW,"Provider-local concept; no cross-platform merge asserted."
adobe:structure:bundle_product_option:product_links,"structure:bundle product option:product links","Adobe-local semantic represented by frozen provider evidence.",StructuredMember,structured,optional_one,not_applicable,merchant_or_domain,surface_defined,surface_defined,provider_context,BundleComposition,value_or_context_member,store_scope_not_localization,provider_controlled_or_typed,structure,adobe_commerce,1,not_applicable,not_applicable,not_applicable,queue:adobe_composition_mapping,supported,DEFERRED_REVIEW,"Provider-local concept; no cross-platform merge asserted."
adobe:structure:bundle_product_option:required,"structure:bundle product option:required","Adobe-local semantic represented by frozen provider evidence.",StructuredMember,provider_typed,optional_one,not_applicable,merchant_or_domain,surface_defined,surface_defined,provider_context,BundleComposition,requiredness_member,store_scope_not_localization,provider_controlled_or_typed,structure,adobe_commerce,1,not_applicable,not_applicable,not_applicable,queue:adobe_composition_mapping,supported,DEFERRED_REVIEW,"Provider-local concept; no cross-platform merge asserted."
adobe:structure:bundle_product_option:sku,"structure:bundle product option:sku","Adobe-local semantic represented by frozen provider evidence.",StructuredMember,provider_typed,optional_one,not_applicable,merchant_or_domain,surface_defined,surface_defined,provider_context,BundleComposition,reference_member,store_scope_not_localization,provider_controlled_or_typed,structure,adobe_commerce,1,not_applicable,not_applicable,not_applicable,queue:adobe_composition_mapping,supported,DEFERRED_REVIEW,"Provider-local concept; no cross-platform merge asserted."
adobe:structure:bundle_product_option:title,"structure:bundle product option:title","Adobe-local semantic represented by frozen provider evidence.",StructuredMember,provider_typed,optional_one,not_applicable,merchant_or_domain,surface_defined,surface_defined,provider_context,BundleComposition,value_or_context_member,store_scope_not_localization,provider_controlled_or_typed,structure,adobe_commerce,1,not_applicable,not_applicable,not_applicable,queue:adobe_composition_mapping,supported,DEFERRED_REVIEW,"Provider-local concept; no cross-platform merge asserted."
adobe:structure:bundle_product_option:type,"structure:bundle product option:type","Adobe-local semantic represented by frozen provider evidence.",StructuredMember,provider_typed,optional_one,not_applicable,merchant_or_domain,surface_defined,surface_defined,provider_context,BundleComposition,value_or_context_member,store_scope_not_localization,provider_controlled_or_typed,structure,adobe_commerce,1,not_applicable,not_applicable,not_applicable,queue:adobe_composition_mapping,supported,DEFERRED_REVIEW,"Provider-local concept; no cross-platform merge asserted."
adobe:structure:category_link:category_id,"structure:category link:category id","Adobe-local semantic represented by frozen provider evidence.",StructuredMember,provider_typed,optional_one,not_applicable,merchant_or_domain,surface_defined,surface_defined,provider_context,Category,value_or_context_member,store_scope_not_localization,provider_controlled_or_typed,structure,adobe_commerce,1,not_applicable,not_applicable,not_applicable,not_applicable,supported,PROVIDER_VERIFIED,"Provider-local concept; no cross-platform merge asserted."
adobe:structure:category_link:position,"structure:category link:position","Adobe-local semantic represented by frozen provider evidence.",StructuredMember,provider_typed,optional_one,not_applicable,merchant_or_domain,surface_defined,surface_defined,provider_context,Category,ordering_member,store_scope_not_localization,provider_controlled_or_typed,structure,adobe_commerce,1,not_applicable,not_applicable,not_applicable,not_applicable,supported,PROVIDER_VERIFIED,"Provider-local concept; no cross-platform merge asserted."
adobe:structure:configurable_product_link:child_sku,"structure:configurable product link:child sku","Adobe-local semantic represented by frozen provider evidence.",StructuredMember,provider_typed,optional_one,not_applicable,merchant_or_domain,surface_defined,surface_defined,provider_context,VariantComposition,reference_member,store_scope_not_localization,provider_controlled_or_typed,structure,adobe_commerce,1,not_applicable,not_applicable,not_applicable,queue:adobe_composition_mapping,supported,DEFERRED_REVIEW,"Provider-local concept; no cross-platform merge asserted."
adobe:structure:configurable_product_link:parent_sku,"structure:configurable product link:parent sku","Adobe-local semantic represented by frozen provider evidence.",StructuredMember,provider_typed,optional_one,not_applicable,merchant_or_domain,surface_defined,surface_defined,provider_context,VariantComposition,reference_member,store_scope_not_localization,provider_controlled_or_typed,structure,adobe_commerce,1,not_applicable,not_applicable,not_applicable,queue:adobe_composition_mapping,supported,DEFERRED_REVIEW,"Provider-local concept; no cross-platform merge asserted."
adobe:structure:configurable_product_option:attribute_id,"structure:configurable product option:attribute id","Adobe-local semantic represented by frozen provider evidence.",StructuredMember,provider_typed,optional_one,not_applicable,merchant_or_domain,surface_defined,surface_defined,provider_context,VariantComposition,identity_member,store_scope_not_localization,provider_controlled_or_typed,structure,adobe_commerce,1,not_applicable,not_applicable,not_applicable,queue:adobe_composition_mapping,supported,DEFERRED_REVIEW,"Provider-local concept; no cross-platform merge asserted."
adobe:structure:configurable_product_option:id,"structure:configurable product option:id","Adobe-local semantic represented by frozen provider evidence.",StructuredMember,provider_typed,optional_one,not_applicable,merchant_or_domain,surface_defined,surface_defined,provider_context,VariantComposition,identity_member,store_scope_not_localization,provider_controlled_or_typed,structure,adobe_commerce,1,not_applicable,not_applicable,not_applicable,queue:adobe_composition_mapping,supported,DEFERRED_REVIEW,"Provider-local concept; no cross-platform merge asserted."
adobe:structure:configurable_product_option:is_use_default,"structure:configurable product option:is use default","Adobe-local semantic represented by frozen provider evidence.",StructuredMember,provider_typed,optional_one,not_applicable,merchant_or_domain,surface_defined,surface_defined,provider_context,VariantComposition,value_or_context_member,store_scope_not_localization,provider_controlled_or_typed,structure,adobe_commerce,1,not_applicable,not_applicable,not_applicable,queue:adobe_composition_mapping,supported,DEFERRED_REVIEW,"Provider-local concept; no cross-platform merge asserted."
adobe:structure:configurable_product_option:label,"structure:configurable product option:label","Adobe-local semantic represented by frozen provider evidence.",StructuredMember,provider_typed,optional_one,not_applicable,merchant_or_domain,surface_defined,surface_defined,provider_context,VariantComposition,value_or_context_member,store_scope_not_localization,provider_controlled_or_typed,structure,adobe_commerce,1,not_applicable,not_applicable,not_applicable,queue:adobe_composition_mapping,supported,DEFERRED_REVIEW,"Provider-local concept; no cross-platform merge asserted."
adobe:structure:configurable_product_option:position,"structure:configurable product option:position","Adobe-local semantic represented by frozen provider evidence.",StructuredMember,provider_typed,optional_one,not_applicable,merchant_or_domain,surface_defined,surface_defined,provider_context,VariantComposition,ordering_member,store_scope_not_localization,provider_controlled_or_typed,structure,adobe_commerce,1,not_applicable,not_applicable,not_applicable,queue:adobe_composition_mapping,supported,DEFERRED_REVIEW,"Provider-local concept; no cross-platform merge asserted."
adobe:structure:configurable_product_option:values,"structure:configurable product option:values","Adobe-local semantic represented by frozen provider evidence.",StructuredMember,structured,optional_one,not_applicable,merchant_or_domain,surface_defined,surface_defined,provider_context,VariantComposition,value_or_context_member,store_scope_not_localization,provider_controlled_or_typed,structure,adobe_commerce,1,not_applicable,not_applicable,not_applicable,queue:adobe_composition_mapping,supported,DEFERRED_REVIEW,"Provider-local concept; no cross-platform merge asserted."
adobe:structure:configurable_product_option_value:value_index,"structure:configurable product option value:value index","Adobe-local semantic represented by frozen provider evidence.",StructuredMember,provider_typed,optional_one,not_applicable,merchant_or_domain,surface_defined,surface_defined,provider_context,VariantComposition,value_or_context_member,store_scope_not_localization,provider_controlled_or_typed,structure,adobe_commerce,1,not_applicable,not_applicable,not_applicable,queue:adobe_composition_mapping,supported,DEFERRED_REVIEW,"Provider-local concept; no cross-platform merge asserted."
adobe:structure:cost_value:cost,"structure:cost value:cost","Adobe-local semantic represented by frozen provider evidence.",StructuredMember,provider_typed,optional_one,not_applicable,merchant_or_domain,surface_defined,surface_defined,provider_context,Pricing,pricing_value_member,store_scope_not_localization,provider_controlled_or_typed,structure,adobe_commerce,1,not_applicable,not_applicable,not_applicable,not_applicable,supported,PROVIDER_VERIFIED,"Provider-local concept; no cross-platform merge asserted."
adobe:structure:cost_value:sku,"structure:cost value:sku","Adobe-local semantic represented by frozen provider evidence.",StructuredMember,provider_typed,optional_one,not_applicable,merchant_or_domain,surface_defined,surface_defined,provider_context,Pricing,reference_member,store_scope_not_localization,provider_controlled_or_typed,structure,adobe_commerce,1,not_applicable,not_applicable,not_applicable,not_applicable,supported,PROVIDER_VERIFIED,"Provider-local concept; no cross-platform merge asserted."
adobe:structure:cost_value:store_id,"structure:cost value:store id","Adobe-local semantic represented by frozen provider evidence.",StructuredMember,provider_typed,optional_one,not_applicable,merchant_or_domain,surface_defined,surface_defined,provider_context,Pricing,reference_member,store_scope_not_localization,provider_controlled_or_typed,structure,adobe_commerce,1,not_applicable,not_applicable,not_applicable,not_applicable,supported,PROVIDER_VERIFIED,"Provider-local concept; no cross-platform merge asserted."
adobe:structure:customizable_file_value:file_extension,"structure:customizable file value:file extension","Adobe-local semantic represented by frozen provider evidence.",StructuredMember,provider_typed,optional_one,not_applicable,merchant_or_domain,readable,not_proven,provider_context,OrderCustomization,constraint_member,store_scope_not_localization,provider_controlled_or_typed,structure,adobe_commerce,1,not_applicable,not_applicable,not_applicable,queue:adobe_customization_architecture,supported,PROVIDER_VERIFIED,"Provider-local concept; no cross-platform merge asserted."
adobe:structure:customizable_file_value:image_size_x,"structure:customizable file value:image size x","Adobe-local semantic represented by frozen provider evidence.",StructuredMember,provider_typed,optional_one,not_applicable,merchant_or_domain,readable,not_proven,provider_context,OrderCustomization,constraint_member,store_scope_not_localization,provider_controlled_or_typed,structure,adobe_commerce,1,not_applicable,not_applicable,not_applicable,queue:adobe_customization_architecture,supported,PROVIDER_VERIFIED,"Provider-local concept; no cross-platform merge asserted."
adobe:structure:customizable_file_value:image_size_y,"structure:customizable file value:image size y","Adobe-local semantic represented by frozen provider evidence.",StructuredMember,provider_typed,optional_one,not_applicable,merchant_or_domain,readable,not_proven,provider_context,OrderCustomization,constraint_member,store_scope_not_localization,provider_controlled_or_typed,structure,adobe_commerce,1,not_applicable,not_applicable,not_applicable,queue:adobe_customization_architecture,supported,PROVIDER_VERIFIED,"Provider-local concept; no cross-platform merge asserted."
adobe:structure:customizable_option:is_require,"structure:customizable option:is require","Adobe-local semantic represented by frozen provider evidence.",StructuredMember,provider_typed,optional_one,not_applicable,merchant_or_domain,surface_defined,surface_defined,provider_context,OrderCustomization,requiredness_member,store_scope_not_localization,provider_controlled_or_typed,structure,adobe_commerce,1,not_applicable,not_applicable,not_applicable,queue:adobe_customization_architecture,supported,PROVIDER_VERIFIED,"Provider-local concept; no cross-platform merge asserted."
adobe:structure:customizable_option:max_characters,"structure:customizable option:max characters","Adobe-local semantic represented by frozen provider evidence.",StructuredMember,provider_typed,optional_one,not_applicable,merchant_or_domain,surface_defined,surface_defined,provider_context,OrderCustomization,constraint_member,store_scope_not_localization,provider_controlled_or_typed,structure,adobe_commerce,1,not_applicable,not_applicable,not_applicable,queue:adobe_customization_architecture,supported,PROVIDER_VERIFIED,"Provider-local concept; no cross-platform merge asserted."
adobe:structure:customizable_option:option_id,"structure:customizable option:option id","Adobe-local semantic represented by frozen provider evidence.",StructuredMember,provider_typed,optional_one,not_applicable,merchant_or_domain,surface_defined,surface_defined,provider_context,OrderCustomization,identity_member,store_scope_not_localization,provider_controlled_or_typed,structure,adobe_commerce,1,not_applicable,not_applicable,not_applicable,queue:adobe_customization_architecture,supported,PROVIDER_VERIFIED,"Provider-local concept; no cross-platform merge asserted."
adobe:structure:customizable_option:price,"structure:customizable option:price","Adobe-local semantic represented by frozen provider evidence.",StructuredMember,provider_typed,optional_one,not_applicable,merchant_or_domain,surface_defined,surface_defined,provider_context,OrderCustomization,price_modifier_member,store_scope_not_localization,provider_controlled_or_typed,structure,adobe_commerce,1,not_applicable,not_applicable,not_applicable,queue:adobe_customization_architecture,supported,PROVIDER_VERIFIED,"Provider-local concept; no cross-platform merge asserted."
adobe:structure:customizable_option:price_type,"structure:customizable option:price type","Adobe-local semantic represented by frozen provider evidence.",StructuredMember,provider_typed,optional_one,not_applicable,merchant_or_domain,surface_defined,surface_defined,provider_context,OrderCustomization,price_modifier_member,store_scope_not_localization,provider_controlled_or_typed,structure,adobe_commerce,1,not_applicable,not_applicable,not_applicable,queue:adobe_customization_architecture,supported,PROVIDER_VERIFIED,"Provider-local concept; no cross-platform merge asserted."
adobe:structure:customizable_option:product_sku,"structure:customizable option:product sku","Adobe-local semantic represented by frozen provider evidence.",StructuredMember,provider_typed,optional_one,not_applicable,merchant_or_domain,surface_defined,surface_defined,provider_context,OrderCustomization,reference_member,store_scope_not_localization,provider_controlled_or_typed,structure,adobe_commerce,1,not_applicable,not_applicable,not_applicable,queue:adobe_customization_architecture,supported,PROVIDER_VERIFIED,"Provider-local concept; no cross-platform merge asserted."
adobe:structure:customizable_option:required,"structure:customizable option:required","Adobe-local semantic represented by frozen provider evidence.",StructuredMember,provider_typed,optional_one,not_applicable,merchant_or_domain,readable,not_proven,provider_context,OrderCustomization,requiredness_member,store_scope_not_localization,provider_controlled_or_typed,structure,adobe_commerce,1,not_applicable,not_applicable,not_applicable,queue:adobe_customization_architecture,supported,PROVIDER_VERIFIED,"Provider-local concept; no cross-platform merge asserted."
adobe:structure:customizable_option:sku,"structure:customizable option:sku","Adobe-local semantic represented by frozen provider evidence.",StructuredMember,provider_typed,optional_one,not_applicable,merchant_or_domain,surface_defined,surface_defined,provider_context,OrderCustomization,value_or_context_member,store_scope_not_localization,provider_controlled_or_typed,structure,adobe_commerce,1,not_applicable,not_applicable,not_applicable,queue:adobe_customization_architecture,supported,PROVIDER_VERIFIED,"Provider-local concept; no cross-platform merge asserted."
adobe:structure:customizable_option:sort_order,"structure:customizable option:sort order","Adobe-local semantic represented by frozen provider evidence.",StructuredMember,provider_typed,optional_one,not_applicable,merchant_or_domain,surface_defined,surface_defined,provider_context,OrderCustomization,ordering_member,store_scope_not_localization,provider_controlled_or_typed,structure,adobe_commerce,1,not_applicable,not_applicable,not_applicable,queue:adobe_customization_architecture,supported,PROVIDER_VERIFIED,"Provider-local concept; no cross-platform merge asserted."
adobe:structure:customizable_option:title,"structure:customizable option:title","Adobe-local semantic represented by frozen provider evidence.",StructuredMember,provider_typed,optional_one,not_applicable,merchant_or_domain,surface_defined,surface_defined,provider_context,OrderCustomization,value_or_context_member,store_scope_not_localization,provider_controlled_or_typed,structure,adobe_commerce,1,not_applicable,not_applicable,not_applicable,queue:adobe_customization_architecture,supported,PROVIDER_VERIFIED,"Provider-local concept; no cross-platform merge asserted."
adobe:structure:customizable_option:type,"structure:customizable option:type","Adobe-local semantic represented by frozen provider evidence.",StructuredMember,structured,optional_one,not_applicable,merchant_or_domain,surface_defined,surface_defined,provider_context,OrderCustomization,value_or_context_member,store_scope_not_localization,provider_controlled_or_typed,structure,adobe_commerce,1,not_applicable,not_applicable,not_applicable,queue:adobe_customization_architecture,supported,PROVIDER_VERIFIED,"Provider-local concept; no cross-platform merge asserted."
adobe:structure:customizable_option_value:option_type_id,"structure:customizable option value:option type id","Adobe-local semantic represented by frozen provider evidence.",StructuredMember,provider_typed,optional_one,not_applicable,merchant_or_domain,readable,not_proven,provider_context,OrderCustomization,value_or_context_member,store_scope_not_localization,provider_controlled_or_typed,structure,adobe_commerce,1,not_applicable,not_applicable,not_applicable,queue:adobe_customization_architecture,supported,PROVIDER_VERIFIED,"Provider-local concept; no cross-platform merge asserted."
adobe:structure:customizable_option_value:price,"structure:customizable option value:price","Adobe-local semantic represented by frozen provider evidence.",StructuredMember,provider_typed,optional_one,not_applicable,merchant_or_domain,readable,not_proven,provider_context,OrderCustomization,price_modifier_member,store_scope_not_localization,provider_controlled_or_typed,structure,adobe_commerce,1,not_applicable,not_applicable,not_applicable,queue:adobe_customization_architecture,supported,PROVIDER_VERIFIED,"Provider-local concept; no cross-platform merge asserted."
adobe:structure:customizable_option_value:price_type,"structure:customizable option value:price type","Adobe-local semantic represented by frozen provider evidence.",StructuredMember,provider_typed,optional_one,not_applicable,merchant_or_domain,readable,not_proven,provider_context,OrderCustomization,price_modifier_member,store_scope_not_localization,provider_controlled_or_typed,structure,adobe_commerce,1,not_applicable,not_applicable,not_applicable,queue:adobe_customization_architecture,supported,PROVIDER_VERIFIED,"Provider-local concept; no cross-platform merge asserted."
adobe:structure:customizable_option_value:sku,"structure:customizable option value:sku","Adobe-local semantic represented by frozen provider evidence.",StructuredMember,provider_typed,optional_one,not_applicable,merchant_or_domain,readable,not_proven,provider_context,OrderCustomization,value_or_context_member,store_scope_not_localization,provider_controlled_or_typed,structure,adobe_commerce,1,not_applicable,not_applicable,not_applicable,queue:adobe_customization_architecture,supported,PROVIDER_VERIFIED,"Provider-local concept; no cross-platform merge asserted."
adobe:structure:customizable_option_value:sort_order,"structure:customizable option value:sort order","Adobe-local semantic represented by frozen provider evidence.",StructuredMember,provider_typed,optional_one,not_applicable,merchant_or_domain,readable,not_proven,provider_context,OrderCustomization,ordering_member,store_scope_not_localization,provider_controlled_or_typed,structure,adobe_commerce,1,not_applicable,not_applicable,not_applicable,queue:adobe_customization_architecture,supported,PROVIDER_VERIFIED,"Provider-local concept; no cross-platform merge asserted."
adobe:structure:customizable_option_value:title,"structure:customizable option value:title","Adobe-local semantic represented by frozen provider evidence.",StructuredMember,provider_typed,optional_one,not_applicable,merchant_or_domain,readable,not_proven,provider_context,OrderCustomization,value_or_context_member,store_scope_not_localization,provider_controlled_or_typed,structure,adobe_commerce,1,not_applicable,not_applicable,not_applicable,queue:adobe_customization_architecture,supported,PROVIDER_VERIFIED,"Provider-local concept; no cross-platform merge asserted."
adobe:structure:downloadable_link:id,"structure:downloadable link:id","Adobe-local semantic represented by frozen provider evidence.",StructuredMember,provider_typed,optional_one,not_applicable,merchant_or_domain,import_representation,writable,provider_context,DownloadableComposition,identity_member,store_scope_not_localization,provider_controlled_or_typed,structure,adobe_commerce,1,not_applicable,not_applicable,not_applicable,not_applicable,supported,PROVIDER_VERIFIED,"Provider-local concept; no cross-platform merge asserted."
adobe:structure:downloadable_link:is_shareable,"structure:downloadable link:is shareable","Adobe-local semantic represented by frozen provider evidence.",StructuredMember,provider_typed,optional_one,not_applicable,merchant_or_domain,import_representation,writable,provider_context,DownloadableComposition,value_or_context_member,store_scope_not_localization,provider_controlled_or_typed,structure,adobe_commerce,1,not_applicable,not_applicable,not_applicable,not_applicable,supported,PROVIDER_VERIFIED,"Provider-local concept; no cross-platform merge asserted."
adobe:structure:downloadable_link:link_file,"structure:downloadable link:link file","Adobe-local semantic represented by frozen provider evidence.",StructuredMember,provider_typed,optional_one,not_applicable,merchant_or_domain,import_representation,writable,provider_context,DownloadableComposition,reference_member,store_scope_not_localization,provider_controlled_or_typed,structure,adobe_commerce,1,not_applicable,not_applicable,not_applicable,not_applicable,supported,PROVIDER_VERIFIED,"Provider-local concept; no cross-platform merge asserted."
adobe:structure:downloadable_link:link_id,"structure:downloadable link:link id","Adobe-local semantic represented by frozen provider evidence.",StructuredMember,provider_typed,optional_one,not_applicable,merchant_or_domain,import_representation,writable,provider_context,DownloadableComposition,identity_member,store_scope_not_localization,provider_controlled_or_typed,structure,adobe_commerce,1,not_applicable,not_applicable,not_applicable,not_applicable,supported,PROVIDER_VERIFIED,"Provider-local concept; no cross-platform merge asserted."
adobe:structure:downloadable_link:link_type,"structure:downloadable link:link type","Adobe-local semantic represented by frozen provider evidence.",StructuredMember,provider_typed,optional_one,not_applicable,merchant_or_domain,import_representation,writable,provider_context,DownloadableComposition,reference_member,store_scope_not_localization,provider_controlled_or_typed,structure,adobe_commerce,1,not_applicable,not_applicable,not_applicable,not_applicable,supported,PROVIDER_VERIFIED,"Provider-local concept; no cross-platform merge asserted."
adobe:structure:downloadable_link:number_of_downloads,"structure:downloadable link:number of downloads","Adobe-local semantic represented by frozen provider evidence.",StructuredMember,provider_typed,optional_one,not_applicable,merchant_or_domain,import_representation,writable,provider_context,DownloadableComposition,value_or_context_member,store_scope_not_localization,provider_controlled_or_typed,structure,adobe_commerce,1,not_applicable,not_applicable,not_applicable,not_applicable,supported,PROVIDER_VERIFIED,"Provider-local concept; no cross-platform merge asserted."
adobe:structure:downloadable_link:price,"structure:downloadable link:price","Adobe-local semantic represented by frozen provider evidence.",StructuredMember,provider_typed,optional_one,not_applicable,merchant_or_domain,import_representation,writable,provider_context,DownloadableComposition,value_or_context_member,store_scope_not_localization,provider_controlled_or_typed,structure,adobe_commerce,1,not_applicable,not_applicable,not_applicable,not_applicable,supported,PROVIDER_VERIFIED,"Provider-local concept; no cross-platform merge asserted."
adobe:structure:downloadable_link:sample_file,"structure:downloadable link:sample file","Adobe-local semantic represented by frozen provider evidence.",StructuredMember,provider_typed,optional_one,not_applicable,merchant_or_domain,import_representation,writable,provider_context,DownloadableComposition,reference_member,store_scope_not_localization,provider_controlled_or_typed,structure,adobe_commerce,1,not_applicable,not_applicable,not_applicable,not_applicable,supported,PROVIDER_VERIFIED,"Provider-local concept; no cross-platform merge asserted."
adobe:structure:downloadable_link:sample_type,"structure:downloadable link:sample type","Adobe-local semantic represented by frozen provider evidence.",StructuredMember,provider_typed,optional_one,not_applicable,merchant_or_domain,import_representation,writable,provider_context,DownloadableComposition,reference_member,store_scope_not_localization,provider_controlled_or_typed,structure,adobe_commerce,1,not_applicable,not_applicable,not_applicable,not_applicable,supported,PROVIDER_VERIFIED,"Provider-local concept; no cross-platform merge asserted."
adobe:structure:downloadable_link:sample_url,"structure:downloadable link:sample url","Adobe-local semantic represented by frozen provider evidence.",StructuredMember,provider_typed,optional_one,not_applicable,merchant_or_domain,read_projection,read_only,provider_context,DownloadableComposition,value_or_context_member,store_scope_not_localization,provider_controlled_or_typed,structure,adobe_commerce,1,not_applicable,not_applicable,not_applicable,not_applicable,supported,PROVIDER_VERIFIED,"Provider-local concept; no cross-platform merge asserted."
adobe:structure:downloadable_link:sort_order,"structure:downloadable link:sort order","Adobe-local semantic represented by frozen provider evidence.",StructuredMember,provider_typed,optional_one,not_applicable,merchant_or_domain,import_representation,writable,provider_context,DownloadableComposition,ordering_member,store_scope_not_localization,provider_controlled_or_typed,structure,adobe_commerce,1,not_applicable,not_applicable,not_applicable,not_applicable,supported,PROVIDER_VERIFIED,"Provider-local concept; no cross-platform merge asserted."
adobe:structure:downloadable_link:title,"structure:downloadable link:title","Adobe-local semantic represented by frozen provider evidence.",StructuredMember,provider_typed,optional_one,not_applicable,merchant_or_domain,import_representation,writable,provider_context,DownloadableComposition,value_or_context_member,store_scope_not_localization,provider_controlled_or_typed,structure,adobe_commerce,1,not_applicable,not_applicable,not_applicable,not_applicable,supported,PROVIDER_VERIFIED,"Provider-local concept; no cross-platform merge asserted."
adobe:structure:downloadable_link:uid,"structure:downloadable link:uid","Adobe-local semantic represented by frozen provider evidence.",StructuredMember,provider_typed,optional_one,not_applicable,merchant_or_domain,read_projection,read_only,provider_context,DownloadableComposition,identity_member,store_scope_not_localization,provider_controlled_or_typed,structure,adobe_commerce,1,not_applicable,not_applicable,not_applicable,not_applicable,supported,PROVIDER_VERIFIED,"Provider-local concept; no cross-platform merge asserted."
adobe:structure:downloadable_sample:id,"structure:downloadable sample:id","Adobe-local semantic represented by frozen provider evidence.",StructuredMember,provider_typed,optional_one,not_applicable,merchant_or_domain,import_representation,writable,provider_context,DownloadableComposition,identity_member,store_scope_not_localization,provider_controlled_or_typed,structure,adobe_commerce,1,not_applicable,not_applicable,not_applicable,not_applicable,supported,PROVIDER_VERIFIED,"Provider-local concept; no cross-platform merge asserted."
adobe:structure:downloadable_sample:sample_file,"structure:downloadable sample:sample file","Adobe-local semantic represented by frozen provider evidence.",StructuredMember,provider_typed,optional_one,not_applicable,merchant_or_domain,import_representation,writable,provider_context,DownloadableComposition,reference_member,store_scope_not_localization,provider_controlled_or_typed,structure,adobe_commerce,1,not_applicable,not_applicable,not_applicable,not_applicable,supported,PROVIDER_VERIFIED,"Provider-local concept; no cross-platform merge asserted."
adobe:structure:downloadable_sample:sample_id,"structure:downloadable sample:sample id","Adobe-local semantic represented by frozen provider evidence.",StructuredMember,provider_typed,optional_one,not_applicable,merchant_or_domain,import_representation,writable,provider_context,DownloadableComposition,identity_member,store_scope_not_localization,provider_controlled_or_typed,structure,adobe_commerce,1,not_applicable,not_applicable,not_applicable,not_applicable,supported,PROVIDER_VERIFIED,"Provider-local concept; no cross-platform merge asserted."
adobe:structure:downloadable_sample:sample_type,"structure:downloadable sample:sample type","Adobe-local semantic represented by frozen provider evidence.",StructuredMember,provider_typed,optional_one,not_applicable,merchant_or_domain,import_representation,writable,provider_context,DownloadableComposition,reference_member,store_scope_not_localization,provider_controlled_or_typed,structure,adobe_commerce,1,not_applicable,not_applicable,not_applicable,not_applicable,supported,PROVIDER_VERIFIED,"Provider-local concept; no cross-platform merge asserted."
adobe:structure:downloadable_sample:sample_url,"structure:downloadable sample:sample url","Adobe-local semantic represented by frozen provider evidence.",StructuredMember,provider_typed,optional_one,not_applicable,merchant_or_domain,read_projection,read_only,provider_context,DownloadableComposition,value_or_context_member,store_scope_not_localization,provider_controlled_or_typed,structure,adobe_commerce,1,not_applicable,not_applicable,not_applicable,not_applicable,supported,PROVIDER_VERIFIED,"Provider-local concept; no cross-platform merge asserted."
adobe:structure:downloadable_sample:sort_order,"structure:downloadable sample:sort order","Adobe-local semantic represented by frozen provider evidence.",StructuredMember,provider_typed,optional_one,not_applicable,merchant_or_domain,import_representation,writable,provider_context,DownloadableComposition,ordering_member,store_scope_not_localization,provider_controlled_or_typed,structure,adobe_commerce,1,not_applicable,not_applicable,not_applicable,not_applicable,supported,PROVIDER_VERIFIED,"Provider-local concept; no cross-platform merge asserted."
adobe:structure:downloadable_sample:title,"structure:downloadable sample:title","Adobe-local semantic represented by frozen provider evidence.",StructuredMember,provider_typed,optional_one,not_applicable,merchant_or_domain,import_representation,writable,provider_context,DownloadableComposition,value_or_context_member,store_scope_not_localization,provider_controlled_or_typed,structure,adobe_commerce,1,not_applicable,not_applicable,not_applicable,not_applicable,supported,PROVIDER_VERIFIED,"Provider-local concept; no cross-platform merge asserted."
adobe:structure:downloadable_sample:uid,"structure:downloadable sample:uid","Adobe-local semantic represented by frozen provider evidence.",StructuredMember,provider_typed,optional_one,not_applicable,merchant_or_domain,read_projection,read_only,provider_context,DownloadableComposition,identity_member,store_scope_not_localization,provider_controlled_or_typed,structure,adobe_commerce,1,not_applicable,not_applicable,not_applicable,not_applicable,supported,PROVIDER_VERIFIED,"Provider-local concept; no cross-platform merge asserted."
adobe:structure:dynamic_attribute_value:attribute_code,"structure:dynamic attribute value:attribute code","Adobe-local semantic represented by frozen provider evidence.",StructuredMember,provider_typed,optional_one,not_applicable,merchant_or_domain,import_representation,writable,provider_context,DynamicField,value_or_context_member,store_scope_not_localization,provider_controlled_or_typed,structure,adobe_commerce,1,not_applicable,not_applicable,not_applicable,queue:adobe_dynamic_eav_promotion,supported,PROVIDER_VERIFIED,"Provider-local concept; no cross-platform merge asserted."
adobe:structure:dynamic_attribute_value:value,"structure:dynamic attribute value:value","Adobe-local semantic represented by frozen provider evidence.",StructuredMember,provider_typed,optional_one,not_applicable,merchant_or_domain,import_representation,writable,provider_context,DynamicField,value_or_context_member,store_scope_not_localization,provider_controlled_or_typed,structure,adobe_commerce,1,not_applicable,not_applicable,not_applicable,queue:adobe_dynamic_eav_promotion,supported,PROVIDER_VERIFIED,"Provider-local concept; no cross-platform merge asserted."
adobe:structure:giftcard_amount:attribute_id,"structure:giftcard amount:attribute id","Adobe-local semantic represented by frozen provider evidence.",StructuredMember,provider_typed,optional_one,not_applicable,merchant_or_domain,read_projection,read_only,provider_context,GiftCard,identity_member,store_scope_not_localization,provider_controlled_or_typed,structure,adobe_commerce,1,not_applicable,not_applicable,not_applicable,not_applicable,supported,PROVIDER_VERIFIED,"Provider-local concept; no cross-platform merge asserted."
adobe:structure:giftcard_amount:uid,"structure:giftcard amount:uid","Adobe-local semantic represented by frozen provider evidence.",StructuredMember,provider_typed,optional_one,not_applicable,merchant_or_domain,read_projection,read_only,provider_context,GiftCard,identity_member,store_scope_not_localization,provider_controlled_or_typed,structure,adobe_commerce,1,not_applicable,not_applicable,not_applicable,not_applicable,supported,PROVIDER_VERIFIED,"Provider-local concept; no cross-platform merge asserted."
adobe:structure:giftcard_amount:value,"structure:giftcard amount:value","Adobe-local semantic represented by frozen provider evidence.",StructuredMember,provider_typed,optional_one,not_applicable,merchant_or_domain,read_projection,read_only,provider_context,GiftCard,value_or_context_member,store_scope_not_localization,provider_controlled_or_typed,structure,adobe_commerce,1,not_applicable,not_applicable,not_applicable,not_applicable,supported,PROVIDER_VERIFIED,"Provider-local concept; no cross-platform merge asserted."
adobe:structure:giftcard_amount:value_id,"structure:giftcard amount:value id","Adobe-local semantic represented by frozen provider evidence.",StructuredMember,provider_typed,optional_one,not_applicable,merchant_or_domain,read_projection,read_only,provider_context,GiftCard,identity_member,store_scope_not_localization,provider_controlled_or_typed,structure,adobe_commerce,1,not_applicable,not_applicable,not_applicable,not_applicable,supported,PROVIDER_VERIFIED,"Provider-local concept; no cross-platform merge asserted."
adobe:structure:giftcard_amount:website_id,"structure:giftcard amount:website id","Adobe-local semantic represented by frozen provider evidence.",StructuredMember,provider_typed,optional_one,not_applicable,merchant_or_domain,read_projection,read_only,provider_context,GiftCard,reference_member,store_scope_not_localization,provider_controlled_or_typed,structure,adobe_commerce,1,not_applicable,not_applicable,not_applicable,not_applicable,supported,PROVIDER_VERIFIED,"Provider-local concept; no cross-platform merge asserted."
adobe:structure:giftcard_amount:website_value,"structure:giftcard amount:website value","Adobe-local semantic represented by frozen provider evidence.",StructuredMember,provider_typed,optional_one,not_applicable,merchant_or_domain,read_projection,read_only,provider_context,GiftCard,value_or_context_member,store_scope_not_localization,provider_controlled_or_typed,structure,adobe_commerce,1,not_applicable,not_applicable,not_applicable,not_applicable,supported,PROVIDER_VERIFIED,"Provider-local concept; no cross-platform merge asserted."
adobe:structure:giftcard_amount_list:amount,"structure:giftcard amount list:amount","Adobe-local semantic represented by frozen provider evidence.",StructuredMember,provider_typed,optional_one,not_applicable,merchant_or_domain,import_representation,writable,provider_context,GiftCard,value_or_context_member,store_scope_not_localization,provider_controlled_or_typed,structure,adobe_commerce,1,not_applicable,not_applicable,not_applicable,not_applicable,supported,PROVIDER_VERIFIED,"Provider-local concept; no cross-platform merge asserted."
adobe:structure:grouped_product_item:position,"structure:grouped product item:position","Adobe-local semantic represented by frozen provider evidence.",StructuredMember,provider_typed,optional_one,not_applicable,merchant_or_domain,readable,not_proven,provider_context,GroupedComposition,ordering_member,store_scope_not_localization,provider_controlled_or_typed,structure,adobe_commerce,1,not_applicable,not_applicable,not_applicable,queue:adobe_composition_mapping,supported,DEFERRED_REVIEW,"Provider-local concept; no cross-platform merge asserted."
adobe:structure:grouped_product_item:qty,"structure:grouped product item:qty","Adobe-local semantic represented by frozen provider evidence.",StructuredMember,provider_typed,optional_one,not_applicable,merchant_or_domain,import_representation,writable,provider_context,GroupedComposition,value_or_context_member,store_scope_not_localization,provider_controlled_or_typed,structure,adobe_commerce,1,not_applicable,not_applicable,not_applicable,queue:adobe_composition_mapping,supported,DEFERRED_REVIEW,"Provider-local concept; no cross-platform merge asserted."
adobe:structure:grouped_product_item:sku,"structure:grouped product item:sku","Adobe-local semantic represented by frozen provider evidence.",StructuredMember,provider_typed,optional_one,not_applicable,merchant_or_domain,import_representation,writable,provider_context,GroupedComposition,reference_member,store_scope_not_localization,provider_controlled_or_typed,structure,adobe_commerce,1,not_applicable,not_applicable,not_applicable,queue:adobe_composition_mapping,supported,DEFERRED_REVIEW,"Provider-local concept; no cross-platform merge asserted."
adobe:structure:inventory_sales_channel:code,"structure:inventory sales channel:code","Adobe-local semantic represented by frozen provider evidence.",StructuredMember,provider_typed,optional_one,not_applicable,merchant_or_domain,surface_defined,surface_defined,provider_context,Inventory,value_or_context_member,store_scope_not_localization,provider_controlled_or_typed,structure,adobe_commerce,1,not_applicable,not_applicable,not_applicable,not_applicable,supported,PROVIDER_VERIFIED,"Provider-local concept; no cross-platform merge asserted."
adobe:structure:inventory_sales_channel:type,"structure:inventory sales channel:type","Adobe-local semantic represented by frozen provider evidence.",StructuredMember,provider_typed,optional_one,not_applicable,merchant_or_domain,surface_defined,surface_defined,provider_context,Inventory,value_or_context_member,store_scope_not_localization,provider_controlled_or_typed,structure,adobe_commerce,1,not_applicable,not_applicable,not_applicable,not_applicable,supported,PROVIDER_VERIFIED,"Provider-local concept; no cross-platform merge asserted."
adobe:structure:inventory_source:city,"structure:inventory source:city","Adobe-local semantic represented by frozen provider evidence.",StructuredMember,provider_typed,optional_one,not_applicable,merchant_or_domain,surface_defined,surface_defined,provider_context,Inventory,value_or_context_member,store_scope_not_localization,provider_controlled_or_typed,structure,adobe_commerce,1,not_applicable,not_applicable,not_applicable,not_applicable,supported,PROVIDER_VERIFIED,"Provider-local concept; no cross-platform merge asserted."
adobe:structure:inventory_source:contact_name,"structure:inventory source:contact name","Adobe-local semantic represented by frozen provider evidence.",StructuredMember,provider_typed,optional_one,not_applicable,merchant_or_domain,surface_defined,surface_defined,provider_context,Inventory,value_or_context_member,store_scope_not_localization,provider_controlled_or_typed,structure,adobe_commerce,1,not_applicable,not_applicable,not_applicable,not_applicable,supported,PROVIDER_VERIFIED,"Provider-local concept; no cross-platform merge asserted."
adobe:structure:inventory_source:country_id,"structure:inventory source:country id","Adobe-local semantic represented by frozen provider evidence.",StructuredMember,provider_typed,optional_one,not_applicable,merchant_or_domain,surface_defined,surface_defined,provider_context,Inventory,value_or_context_member,store_scope_not_localization,provider_controlled_or_typed,structure,adobe_commerce,1,not_applicable,not_applicable,not_applicable,not_applicable,supported,PROVIDER_VERIFIED,"Provider-local concept; no cross-platform merge asserted."
adobe:structure:inventory_source:email,"structure:inventory source:email","Adobe-local semantic represented by frozen provider evidence.",StructuredMember,provider_typed,optional_one,not_applicable,merchant_or_domain,surface_defined,surface_defined,provider_context,Inventory,value_or_context_member,store_scope_not_localization,provider_controlled_or_typed,structure,adobe_commerce,1,not_applicable,not_applicable,not_applicable,not_applicable,supported,PROVIDER_VERIFIED,"Provider-local concept; no cross-platform merge asserted."
adobe:structure:inventory_source:enabled,"structure:inventory source:enabled","Adobe-local semantic represented by frozen provider evidence.",StructuredMember,provider_typed,optional_one,not_applicable,merchant_or_domain,surface_defined,surface_defined,provider_context,Inventory,value_or_context_member,store_scope_not_localization,provider_controlled_or_typed,structure,adobe_commerce,1,not_applicable,not_applicable,not_applicable,not_applicable,supported,PROVIDER_VERIFIED,"Provider-local concept; no cross-platform merge asserted."
adobe:structure:inventory_source:latitude,"structure:inventory source:latitude","Adobe-local semantic represented by frozen provider evidence.",StructuredMember,provider_typed,optional_one,not_applicable,merchant_or_domain,surface_defined,surface_defined,provider_context,Inventory,value_or_context_member,store_scope_not_localization,provider_controlled_or_typed,structure,adobe_commerce,1,not_applicable,not_applicable,not_applicable,not_applicable,supported,PROVIDER_VERIFIED,"Provider-local concept; no cross-platform merge asserted."
adobe:structure:inventory_source:longitude,"structure:inventory source:longitude","Adobe-local semantic represented by frozen provider evidence.",StructuredMember,provider_typed,optional_one,not_applicable,merchant_or_domain,surface_defined,surface_defined,provider_context,Inventory,value_or_context_member,store_scope_not_localization,provider_controlled_or_typed,structure,adobe_commerce,1,not_applicable,not_applicable,not_applicable,not_applicable,supported,PROVIDER_VERIFIED,"Provider-local concept; no cross-platform merge asserted."
adobe:structure:inventory_source:name,"structure:inventory source:name","Adobe-local semantic represented by frozen provider evidence.",StructuredMember,provider_typed,optional_one,not_applicable,merchant_or_domain,surface_defined,surface_defined,provider_context,Inventory,value_or_context_member,store_scope_not_localization,provider_controlled_or_typed,structure,adobe_commerce,1,not_applicable,not_applicable,not_applicable,not_applicable,supported,PROVIDER_VERIFIED,"Provider-local concept; no cross-platform merge asserted."
adobe:structure:inventory_source:phone,"structure:inventory source:phone","Adobe-local semantic represented by frozen provider evidence.",StructuredMember,provider_typed,optional_one,not_applicable,merchant_or_domain,surface_defined,surface_defined,provider_context,Inventory,value_or_context_member,store_scope_not_localization,provider_controlled_or_typed,structure,adobe_commerce,1,not_applicable,not_applicable,not_applicable,not_applicable,supported,PROVIDER_VERIFIED,"Provider-local concept; no cross-platform merge asserted."
adobe:structure:inventory_source:postcode,"structure:inventory source:postcode","Adobe-local semantic represented by frozen provider evidence.",StructuredMember,provider_typed,optional_one,not_applicable,merchant_or_domain,surface_defined,surface_defined,provider_context,Inventory,value_or_context_member,store_scope_not_localization,provider_controlled_or_typed,structure,adobe_commerce,1,not_applicable,not_applicable,not_applicable,not_applicable,supported,PROVIDER_VERIFIED,"Provider-local concept; no cross-platform merge asserted."
adobe:structure:inventory_source:region_id,"structure:inventory source:region id","Adobe-local semantic represented by frozen provider evidence.",StructuredMember,provider_typed,optional_one,not_applicable,merchant_or_domain,surface_defined,surface_defined,provider_context,Inventory,value_or_context_member,store_scope_not_localization,provider_controlled_or_typed,structure,adobe_commerce,1,not_applicable,not_applicable,not_applicable,not_applicable,supported,PROVIDER_VERIFIED,"Provider-local concept; no cross-platform merge asserted."
adobe:structure:inventory_source:source_code,"structure:inventory source:source code","Adobe-local semantic represented by frozen provider evidence.",StructuredMember,provider_typed,optional_one,not_applicable,merchant_or_domain,surface_defined,surface_defined,provider_context,Inventory,reference_member,store_scope_not_localization,provider_controlled_or_typed,structure,adobe_commerce,1,not_applicable,not_applicable,not_applicable,not_applicable,supported,PROVIDER_VERIFIED,"Provider-local concept; no cross-platform merge asserted."
adobe:structure:inventory_source_item:quantity,"structure:inventory source item:quantity","Adobe-local semantic represented by frozen provider evidence.",StructuredMember,provider_typed,optional_one,not_applicable,merchant_or_domain,surface_defined,surface_defined,provider_context,Availability,value_or_context_member,store_scope_not_localization,provider_controlled_or_typed,structure,adobe_commerce,1,not_applicable,not_applicable,not_applicable,not_applicable,supported,PROVIDER_VERIFIED,"Provider-local concept; no cross-platform merge asserted."
adobe:structure:inventory_source_item:sku,"structure:inventory source item:sku","Adobe-local semantic represented by frozen provider evidence.",StructuredMember,provider_typed,optional_one,not_applicable,merchant_or_domain,surface_defined,surface_defined,provider_context,Availability,reference_member,store_scope_not_localization,provider_controlled_or_typed,structure,adobe_commerce,1,not_applicable,not_applicable,not_applicable,not_applicable,supported,PROVIDER_VERIFIED,"Provider-local concept; no cross-platform merge asserted."
adobe:structure:inventory_source_item:source_code,"structure:inventory source item:source code","Adobe-local semantic represented by frozen provider evidence.",StructuredMember,provider_typed,optional_one,not_applicable,merchant_or_domain,surface_defined,surface_defined,provider_context,Availability,reference_member,store_scope_not_localization,provider_controlled_or_typed,structure,adobe_commerce,1,not_applicable,not_applicable,not_applicable,not_applicable,supported,PROVIDER_VERIFIED,"Provider-local concept; no cross-platform merge asserted."
adobe:structure:inventory_source_item:status,"structure:inventory source item:status","Adobe-local semantic represented by frozen provider evidence.",StructuredMember,provider_typed,optional_one,not_applicable,merchant_or_domain,surface_defined,surface_defined,provider_context,Availability,value_or_context_member,store_scope_not_localization,provider_controlled_or_typed,structure,adobe_commerce,1,not_applicable,not_applicable,not_applicable,not_applicable,supported,PROVIDER_VERIFIED,"Provider-local concept; no cross-platform merge asserted."
adobe:structure:inventory_stock:name,"structure:inventory stock:name","Adobe-local semantic represented by frozen provider evidence.",StructuredMember,provider_typed,optional_one,not_applicable,merchant_or_domain,surface_defined,surface_defined,provider_context,Inventory,value_or_context_member,store_scope_not_localization,provider_controlled_or_typed,structure,adobe_commerce,1,not_applicable,not_applicable,not_applicable,not_applicable,supported,PROVIDER_VERIFIED,"Provider-local concept; no cross-platform merge asserted."
adobe:structure:inventory_stock:sales_channels,"structure:inventory stock:sales channels","Adobe-local semantic represented by frozen provider evidence.",StructuredMember,structured,optional_one,not_applicable,merchant_or_domain,surface_defined,surface_defined,provider_context,Inventory,value_or_context_member,store_scope_not_localization,provider_controlled_or_typed,structure,adobe_commerce,1,not_applicable,not_applicable,not_applicable,not_applicable,supported,PROVIDER_VERIFIED,"Provider-local concept; no cross-platform merge asserted."
adobe:structure:inventory_stock:stock_id,"structure:inventory stock:stock id","Adobe-local semantic represented by frozen provider evidence.",StructuredMember,provider_typed,optional_one,not_applicable,merchant_or_domain,surface_defined,surface_defined,provider_context,Inventory,identity_member,store_scope_not_localization,provider_controlled_or_typed,structure,adobe_commerce,1,not_applicable,not_applicable,not_applicable,not_applicable,supported,PROVIDER_VERIFIED,"Provider-local concept; no cross-platform merge asserted."
adobe:structure:inventory_stock_source_link:priority,"structure:inventory stock source link:priority","Adobe-local semantic represented by frozen provider evidence.",StructuredMember,provider_typed,optional_one,not_applicable,merchant_or_domain,surface_defined,surface_defined,provider_context,Inventory,ordering_member,store_scope_not_localization,provider_controlled_or_typed,structure,adobe_commerce,1,not_applicable,not_applicable,not_applicable,not_applicable,supported,PROVIDER_VERIFIED,"Provider-local concept; no cross-platform merge asserted."
adobe:structure:inventory_stock_source_link:source_code,"structure:inventory stock source link:source code","Adobe-local semantic represented by frozen provider evidence.",StructuredMember,provider_typed,optional_one,not_applicable,merchant_or_domain,surface_defined,surface_defined,provider_context,Inventory,reference_member,store_scope_not_localization,provider_controlled_or_typed,structure,adobe_commerce,1,not_applicable,not_applicable,not_applicable,not_applicable,supported,PROVIDER_VERIFIED,"Provider-local concept; no cross-platform merge asserted."
adobe:structure:inventory_stock_source_link:stock_id,"structure:inventory stock source link:stock id","Adobe-local semantic represented by frozen provider evidence.",StructuredMember,provider_typed,optional_one,not_applicable,merchant_or_domain,surface_defined,surface_defined,provider_context,Inventory,identity_member,store_scope_not_localization,provider_controlled_or_typed,structure,adobe_commerce,1,not_applicable,not_applicable,not_applicable,not_applicable,supported,PROVIDER_VERIFIED,"Provider-local concept; no cross-platform merge asserted."
adobe:structure:media_content:base64_encoded_data,"structure:media content:base64 encoded data","Adobe-local semantic represented by frozen provider evidence.",StructuredMember,structured,optional_one,not_applicable,merchant_or_domain,surface_defined,surface_defined,provider_context,Media,value_or_context_member,store_scope_not_localization,provider_controlled_or_typed,structure,adobe_commerce,1,not_applicable,not_applicable,not_applicable,not_applicable,supported,PROVIDER_VERIFIED,"Provider-local concept; no cross-platform merge asserted."
adobe:structure:media_content:name,"structure:media content:name","Adobe-local semantic represented by frozen provider evidence.",StructuredMember,structured,optional_one,not_applicable,merchant_or_domain,readable,not_proven,provider_context,Media,value_or_context_member,store_scope_not_localization,provider_controlled_or_typed,structure,adobe_commerce,1,not_applicable,not_applicable,not_applicable,not_applicable,supported,PROVIDER_VERIFIED,"Provider-local concept; no cross-platform merge asserted."
adobe:structure:media_content:type,"structure:media content:type","Adobe-local semantic represented by frozen provider evidence.",StructuredMember,structured,optional_one,not_applicable,merchant_or_domain,readable,not_proven,provider_context,Media,value_or_context_member,store_scope_not_localization,provider_controlled_or_typed,structure,adobe_commerce,1,not_applicable,not_applicable,not_applicable,not_applicable,supported,PROVIDER_VERIFIED,"Provider-local concept; no cross-platform merge asserted."
adobe:structure:media_gallery_entry:content,"structure:media gallery entry:content","Adobe-local semantic represented by frozen provider evidence.",StructuredMember,structured,optional_one,not_applicable,merchant_or_domain,surface_defined,surface_defined,provider_context,Media,value_or_context_member,store_scope_not_localization,provider_controlled_or_typed,structure,adobe_commerce,1,not_applicable,not_applicable,not_applicable,not_applicable,supported,PROVIDER_VERIFIED,"Provider-local concept; no cross-platform merge asserted."
adobe:structure:media_gallery_entry:disabled,"structure:media gallery entry:disabled","Adobe-local semantic represented by frozen provider evidence.",StructuredMember,provider_typed,optional_one,not_applicable,merchant_or_domain,surface_defined,surface_defined,provider_context,Media,media_role_member,store_scope_not_localization,provider_controlled_or_typed,structure,adobe_commerce,1,not_applicable,not_applicable,not_applicable,not_applicable,supported,PROVIDER_VERIFIED,"Provider-local concept; no cross-platform merge asserted."
adobe:structure:media_gallery_entry:file,"structure:media gallery entry:file","Adobe-local semantic represented by frozen provider evidence.",StructuredMember,provider_typed,optional_one,not_applicable,merchant_or_domain,surface_defined,surface_defined,provider_context,Media,value_or_context_member,store_scope_not_localization,provider_controlled_or_typed,structure,adobe_commerce,1,not_applicable,not_applicable,not_applicable,not_applicable,supported,PROVIDER_VERIFIED,"Provider-local concept; no cross-platform merge asserted."
adobe:structure:media_gallery_entry:id,"structure:media gallery entry:id","Adobe-local semantic represented by frozen provider evidence.",StructuredMember,provider_typed,optional_one,not_applicable,merchant_or_domain,surface_defined,surface_defined,provider_context,Media,identity_member,store_scope_not_localization,provider_controlled_or_typed,structure,adobe_commerce,1,not_applicable,not_applicable,not_applicable,not_applicable,supported,PROVIDER_VERIFIED,"Provider-local concept; no cross-platform merge asserted."
adobe:structure:media_gallery_entry:label,"structure:media gallery entry:label","Adobe-local semantic represented by frozen provider evidence.",StructuredMember,provider_typed,optional_one,not_applicable,merchant_or_domain,surface_defined,surface_defined,provider_context,Media,media_role_member,store_scope_not_localization,provider_controlled_or_typed,structure,adobe_commerce,1,not_applicable,not_applicable,not_applicable,not_applicable,supported,PROVIDER_VERIFIED,"Provider-local concept; no cross-platform merge asserted."
adobe:structure:media_gallery_entry:media_type,"structure:media gallery entry:media type","Adobe-local semantic represented by frozen provider evidence.",StructuredMember,provider_typed,optional_one,not_applicable,merchant_or_domain,surface_defined,surface_defined,provider_context,Media,media_role_member,store_scope_not_localization,provider_controlled_or_typed,structure,adobe_commerce,1,not_applicable,not_applicable,not_applicable,not_applicable,supported,PROVIDER_VERIFIED,"Provider-local concept; no cross-platform merge asserted."
adobe:structure:media_gallery_entry:position,"structure:media gallery entry:position","Adobe-local semantic represented by frozen provider evidence.",StructuredMember,provider_typed,optional_one,not_applicable,merchant_or_domain,surface_defined,surface_defined,provider_context,Media,ordering_member,store_scope_not_localization,provider_controlled_or_typed,structure,adobe_commerce,1,not_applicable,not_applicable,not_applicable,not_applicable,supported,PROVIDER_VERIFIED,"Provider-local concept; no cross-platform merge asserted."
adobe:structure:media_gallery_entry:types,"structure:media gallery entry:types","Adobe-local semantic represented by frozen provider evidence.",StructuredMember,provider_typed,optional_one,not_applicable,merchant_or_domain,surface_defined,surface_defined,provider_context,Media,media_role_member,store_scope_not_localization,provider_controlled_or_typed,structure,adobe_commerce,1,not_applicable,not_applicable,not_applicable,not_applicable,supported,PROVIDER_VERIFIED,"Provider-local concept; no cross-platform merge asserted."
adobe:structure:media_gallery_entry:uid,"structure:media gallery entry:uid","Adobe-local semantic represented by frozen provider evidence.",StructuredMember,provider_typed,optional_one,not_applicable,merchant_or_domain,readable,not_proven,provider_context,Media,identity_member,store_scope_not_localization,provider_controlled_or_typed,structure,adobe_commerce,1,not_applicable,not_applicable,not_applicable,not_applicable,supported,PROVIDER_VERIFIED,"Provider-local concept; no cross-platform merge asserted."
adobe:structure:media_gallery_entry:video_content,"structure:media gallery entry:video content","Adobe-local semantic represented by frozen provider evidence.",StructuredMember,structured,optional_one,not_applicable,merchant_or_domain,surface_defined,surface_defined,provider_context,Media,value_or_context_member,store_scope_not_localization,provider_controlled_or_typed,structure,adobe_commerce,1,not_applicable,not_applicable,not_applicable,not_applicable,supported,PROVIDER_VERIFIED,"Provider-local concept; no cross-platform merge asserted."
adobe:structure:media_video_content:media_type,"structure:media video content:media type","Adobe-local semantic represented by frozen provider evidence.",StructuredMember,structured,optional_one,not_applicable,merchant_or_domain,readable,not_proven,provider_context,Media,value_or_context_member,store_scope_not_localization,provider_controlled_or_typed,structure,adobe_commerce,1,not_applicable,not_applicable,not_applicable,not_applicable,supported,PROVIDER_VERIFIED,"Provider-local concept; no cross-platform merge asserted."
adobe:structure:media_video_content:video_description,"structure:media video content:video description","Adobe-local semantic represented by frozen provider evidence.",StructuredMember,provider_typed,optional_one,not_applicable,merchant_or_domain,surface_defined,surface_defined,provider_context,Media,value_or_context_member,store_scope_not_localization,provider_controlled_or_typed,structure,adobe_commerce,1,not_applicable,not_applicable,not_applicable,not_applicable,supported,PROVIDER_VERIFIED,"Provider-local concept; no cross-platform merge asserted."
adobe:structure:media_video_content:video_metadata,"structure:media video content:video metadata","Adobe-local semantic represented by frozen provider evidence.",StructuredMember,structured,optional_one,not_applicable,merchant_or_domain,readable,not_proven,provider_context,Media,value_or_context_member,store_scope_not_localization,provider_controlled_or_typed,structure,adobe_commerce,1,not_applicable,not_applicable,not_applicable,not_applicable,supported,PROVIDER_VERIFIED,"Provider-local concept; no cross-platform merge asserted."
adobe:structure:media_video_content:video_provider,"structure:media video content:video provider","Adobe-local semantic represented by frozen provider evidence.",StructuredMember,structured,optional_one,not_applicable,merchant_or_domain,readable,not_proven,provider_context,Media,value_or_context_member,store_scope_not_localization,provider_controlled_or_typed,structure,adobe_commerce,1,not_applicable,not_applicable,not_applicable,not_applicable,supported,PROVIDER_VERIFIED,"Provider-local concept; no cross-platform merge asserted."
adobe:structure:media_video_content:video_title,"structure:media video content:video title","Adobe-local semantic represented by frozen provider evidence.",StructuredMember,provider_typed,optional_one,not_applicable,merchant_or_domain,surface_defined,surface_defined,provider_context,Media,value_or_context_member,store_scope_not_localization,provider_controlled_or_typed,structure,adobe_commerce,1,not_applicable,not_applicable,not_applicable,not_applicable,supported,PROVIDER_VERIFIED,"Provider-local concept; no cross-platform merge asserted."
adobe:structure:media_video_content:video_url,"structure:media video content:video url","Adobe-local semantic represented by frozen provider evidence.",StructuredMember,provider_typed,optional_one,not_applicable,merchant_or_domain,readable,not_proven,provider_context,Media,value_or_context_member,store_scope_not_localization,provider_controlled_or_typed,structure,adobe_commerce,1,not_applicable,not_applicable,not_applicable,not_applicable,supported,PROVIDER_VERIFIED,"Provider-local concept; no cross-platform merge asserted."
adobe:structure:product_link:link_type,"structure:product link:link type","Adobe-local semantic represented by frozen provider evidence.",StructuredMember,structured,optional_one,not_applicable,merchant_or_domain,readable,not_proven,provider_context,ProductAssociation,value_or_context_member,store_scope_not_localization,provider_controlled_or_typed,structure,adobe_commerce,1,not_applicable,not_applicable,not_applicable,not_applicable,supported,PROVIDER_VERIFIED,"Provider-local concept; no cross-platform merge asserted."
adobe:structure:product_link:linked_product_sku,"structure:product link:linked product sku","Adobe-local semantic represented by frozen provider evidence.",StructuredMember,provider_typed,optional_one,not_applicable,merchant_or_domain,readable,not_proven,provider_context,ProductAssociation,reference_member,store_scope_not_localization,provider_controlled_or_typed,structure,adobe_commerce,1,not_applicable,not_applicable,not_applicable,not_applicable,supported,PROVIDER_VERIFIED,"Provider-local concept; no cross-platform merge asserted."
adobe:structure:product_link:linked_product_type,"structure:product link:linked product type","Adobe-local semantic represented by frozen provider evidence.",StructuredMember,structured,optional_one,not_applicable,merchant_or_domain,readable,not_proven,provider_context,ProductAssociation,value_or_context_member,store_scope_not_localization,provider_controlled_or_typed,structure,adobe_commerce,1,not_applicable,not_applicable,not_applicable,not_applicable,supported,PROVIDER_VERIFIED,"Provider-local concept; no cross-platform merge asserted."
adobe:structure:product_link:position,"structure:product link:position","Adobe-local semantic represented by frozen provider evidence.",StructuredMember,provider_typed,optional_one,not_applicable,merchant_or_domain,readable,not_proven,provider_context,ProductAssociation,ordering_member,store_scope_not_localization,provider_controlled_or_typed,structure,adobe_commerce,1,not_applicable,not_applicable,not_applicable,not_applicable,supported,PROVIDER_VERIFIED,"Provider-local concept; no cross-platform merge asserted."
adobe:structure:product_link:sku,"structure:product link:sku","Adobe-local semantic represented by frozen provider evidence.",StructuredMember,provider_typed,optional_one,not_applicable,merchant_or_domain,readable,not_proven,provider_context,ProductAssociation,reference_member,store_scope_not_localization,provider_controlled_or_typed,structure,adobe_commerce,1,not_applicable,not_applicable,not_applicable,not_applicable,supported,PROVIDER_VERIFIED,"Provider-local concept; no cross-platform merge asserted."
adobe:structure:special_price:price,"structure:special price:price","Adobe-local semantic represented by frozen provider evidence.",StructuredMember,provider_typed,optional_one,not_applicable,merchant_or_domain,surface_defined,surface_defined,provider_context,Pricing,pricing_value_member,store_scope_not_localization,provider_controlled_or_typed,structure,adobe_commerce,1,not_applicable,not_applicable,not_applicable,not_applicable,supported,PROVIDER_VERIFIED,"Provider-local concept; no cross-platform merge asserted."
adobe:structure:special_price:price_from,"structure:special price:price from","Adobe-local semantic represented by frozen provider evidence.",StructuredMember,provider_typed,optional_one,not_applicable,merchant_or_domain,surface_defined,surface_defined,provider_context,Pricing,value_or_context_member,store_scope_not_localization,provider_controlled_or_typed,structure,adobe_commerce,1,not_applicable,not_applicable,not_applicable,not_applicable,supported,PROVIDER_VERIFIED,"Provider-local concept; no cross-platform merge asserted."
adobe:structure:special_price:price_to,"structure:special price:price to","Adobe-local semantic represented by frozen provider evidence.",StructuredMember,provider_typed,optional_one,not_applicable,merchant_or_domain,surface_defined,surface_defined,provider_context,Pricing,value_or_context_member,store_scope_not_localization,provider_controlled_or_typed,structure,adobe_commerce,1,not_applicable,not_applicable,not_applicable,not_applicable,supported,PROVIDER_VERIFIED,"Provider-local concept; no cross-platform merge asserted."
adobe:structure:special_price:sku,"structure:special price:sku","Adobe-local semantic represented by frozen provider evidence.",StructuredMember,provider_typed,optional_one,not_applicable,merchant_or_domain,surface_defined,surface_defined,provider_context,Pricing,reference_member,store_scope_not_localization,provider_controlled_or_typed,structure,adobe_commerce,1,not_applicable,not_applicable,not_applicable,not_applicable,supported,PROVIDER_VERIFIED,"Provider-local concept; no cross-platform merge asserted."
adobe:structure:special_price:store_id,"structure:special price:store id","Adobe-local semantic represented by frozen provider evidence.",StructuredMember,provider_typed,optional_one,not_applicable,merchant_or_domain,surface_defined,surface_defined,provider_context,Pricing,reference_member,store_scope_not_localization,provider_controlled_or_typed,structure,adobe_commerce,1,not_applicable,not_applicable,not_applicable,not_applicable,supported,PROVIDER_VERIFIED,"Provider-local concept; no cross-platform merge asserted."
adobe:structure:swatch_data:type,"structure:swatch data:type","Adobe-local semantic represented by frozen provider evidence.",StructuredMember,provider_typed,optional_one,not_applicable,merchant_or_domain,readable,not_proven,provider_context,FieldDictionary,value_or_context_member,store_scope_not_localization,provider_controlled_or_typed,structure,adobe_commerce,1,not_applicable,not_applicable,not_applicable,not_applicable,supported,PROVIDER_VERIFIED,"Provider-local concept; no cross-platform merge asserted."
adobe:structure:swatch_data:value,"structure:swatch data:value","Adobe-local semantic represented by frozen provider evidence.",StructuredMember,provider_typed,optional_one,not_applicable,merchant_or_domain,readable,not_proven,provider_context,FieldDictionary,value_or_context_member,store_scope_not_localization,provider_controlled_or_typed,structure,adobe_commerce,1,not_applicable,not_applicable,not_applicable,not_applicable,supported,PROVIDER_VERIFIED,"Provider-local concept; no cross-platform merge asserted."
adobe:structure:tier_price:customer_group,"structure:tier price:customer group","Adobe-local semantic represented by frozen provider evidence.",StructuredMember,provider_typed,optional_one,not_applicable,merchant_or_domain,surface_defined,surface_defined,provider_context,Pricing,value_or_context_member,store_scope_not_localization,provider_controlled_or_typed,structure,adobe_commerce,1,not_applicable,not_applicable,not_applicable,not_applicable,supported,PROVIDER_VERIFIED,"Provider-local concept; no cross-platform merge asserted."
adobe:structure:tier_price:price,"structure:tier price:price","Adobe-local semantic represented by frozen provider evidence.",StructuredMember,provider_typed,optional_one,not_applicable,merchant_or_domain,surface_defined,surface_defined,provider_context,Pricing,pricing_value_member,store_scope_not_localization,provider_controlled_or_typed,structure,adobe_commerce,1,not_applicable,not_applicable,not_applicable,not_applicable,supported,PROVIDER_VERIFIED,"Provider-local concept; no cross-platform merge asserted."
adobe:structure:tier_price:price_type,"structure:tier price:price type","Adobe-local semantic represented by frozen provider evidence.",StructuredMember,provider_typed,optional_one,not_applicable,merchant_or_domain,surface_defined,surface_defined,provider_context,Pricing,value_or_context_member,store_scope_not_localization,provider_controlled_or_typed,structure,adobe_commerce,1,not_applicable,not_applicable,not_applicable,not_applicable,supported,PROVIDER_VERIFIED,"Provider-local concept; no cross-platform merge asserted."
adobe:structure:tier_price:quantity,"structure:tier price:quantity","Adobe-local semantic represented by frozen provider evidence.",StructuredMember,provider_typed,optional_one,not_applicable,merchant_or_domain,surface_defined,surface_defined,provider_context,Pricing,value_or_context_member,store_scope_not_localization,provider_controlled_or_typed,structure,adobe_commerce,1,not_applicable,not_applicable,not_applicable,not_applicable,supported,PROVIDER_VERIFIED,"Provider-local concept; no cross-platform merge asserted."
adobe:structure:tier_price:sku,"structure:tier price:sku","Adobe-local semantic represented by frozen provider evidence.",StructuredMember,provider_typed,optional_one,not_applicable,merchant_or_domain,surface_defined,surface_defined,provider_context,Pricing,reference_member,store_scope_not_localization,provider_controlled_or_typed,structure,adobe_commerce,1,not_applicable,not_applicable,not_applicable,not_applicable,supported,PROVIDER_VERIFIED,"Provider-local concept; no cross-platform merge asserted."
adobe:structure:tier_price:website_id,"structure:tier price:website id","Adobe-local semantic represented by frozen provider evidence.",StructuredMember,provider_typed,optional_one,not_applicable,merchant_or_domain,surface_defined,surface_defined,provider_context,Pricing,reference_member,store_scope_not_localization,provider_controlled_or_typed,structure,adobe_commerce,1,not_applicable,not_applicable,not_applicable,not_applicable,supported,PROVIDER_VERIFIED,"Provider-local concept; no cross-platform merge asserted."
adobe:taxonomy_and_product_relations:crosssell_position,"taxonomy and product relations:crosssell position","Adobe-local semantic represented by frozen provider evidence.",ProductOrProviderContext,provider_typed_or_structured,optional_one,not_applicable,merchant_or_domain,surface_defined,surface_defined,provider_context,ProductAssociation,provider_domain_capability,store_scope_not_localization,provider_controlled_or_typed,domain,adobe_commerce,1,not_applicable,not_applicable,not_applicable,not_applicable,supported,PROVIDER_VERIFIED,"Provider-local concept; no cross-platform merge asserted."
adobe:taxonomy_and_product_relations:crosssell_skus,"taxonomy and product relations:crosssell skus","Adobe-local semantic represented by frozen provider evidence.",ProductOrProviderContext,provider_typed_or_structured,optional_one,not_applicable,merchant_or_domain,surface_defined,surface_defined,provider_context,ProductAssociation,provider_domain_capability,store_scope_not_localization,provider_controlled_or_typed,domain,adobe_commerce,1,not_applicable,not_applicable,not_applicable,not_applicable,supported,PROVIDER_VERIFIED,"Provider-local concept; no cross-platform merge asserted."
adobe:taxonomy_and_product_relations:product_links,"taxonomy and product relations:product links","Adobe-local semantic represented by frozen provider evidence.",ProductOrProviderContext,provider_typed_or_structured,optional_one,not_applicable,merchant_or_domain,surface_defined,surface_defined,provider_context,ProductAssociation,provider_domain_capability,store_scope_not_localization,provider_controlled_or_typed,domain,adobe_commerce,1,not_applicable,not_applicable,not_applicable,not_applicable,supported,PROVIDER_VERIFIED,"Provider-local concept; no cross-platform merge asserted."
adobe:taxonomy_and_product_relations:related_position,"taxonomy and product relations:related position","Adobe-local semantic represented by frozen provider evidence.",ProductOrProviderContext,provider_typed_or_structured,optional_one,not_applicable,merchant_or_domain,surface_defined,surface_defined,provider_context,ProductAssociation,provider_domain_capability,store_scope_not_localization,provider_controlled_or_typed,domain,adobe_commerce,1,not_applicable,not_applicable,not_applicable,not_applicable,supported,PROVIDER_VERIFIED,"Provider-local concept; no cross-platform merge asserted."
adobe:taxonomy_and_product_relations:related_skus,"taxonomy and product relations:related skus","Adobe-local semantic represented by frozen provider evidence.",ProductOrProviderContext,provider_typed_or_structured,optional_one,not_applicable,merchant_or_domain,surface_defined,surface_defined,provider_context,ProductAssociation,provider_domain_capability,store_scope_not_localization,provider_controlled_or_typed,domain,adobe_commerce,1,not_applicable,not_applicable,not_applicable,not_applicable,supported,PROVIDER_VERIFIED,"Provider-local concept; no cross-platform merge asserted."
adobe:taxonomy_and_product_relations:upsell_position,"taxonomy and product relations:upsell position","Adobe-local semantic represented by frozen provider evidence.",ProductOrProviderContext,provider_typed_or_structured,optional_one,not_applicable,merchant_or_domain,surface_defined,surface_defined,provider_context,ProductAssociation,provider_domain_capability,store_scope_not_localization,provider_controlled_or_typed,domain,adobe_commerce,1,not_applicable,not_applicable,not_applicable,not_applicable,supported,PROVIDER_VERIFIED,"Provider-local concept; no cross-platform merge asserted."
adobe:taxonomy_and_product_relations:upsell_skus,"taxonomy and product relations:upsell skus","Adobe-local semantic represented by frozen provider evidence.",ProductOrProviderContext,provider_typed_or_structured,optional_one,not_applicable,merchant_or_domain,surface_defined,surface_defined,provider_context,ProductAssociation,provider_domain_capability,store_scope_not_localization,provider_controlled_or_typed,domain,adobe_commerce,1,not_applicable,not_applicable,not_applicable,not_applicable,supported,PROVIDER_VERIFIED,"Provider-local concept; no cross-platform merge asserted."
