coverage_id,snapshot_id,platform,source_file,source_row_ordinal,source_row_sha256,source_schema_version,source_surface,source_object_family,external_key,structured_path,source_context_key,parent_coverage_id,semantic_atom_key,concept_key,disposition,owner_candidate,representation_candidate,entity_level,value_shape,read_semantics,write_semantics,applicability_key,alias_of_coverage_id,evidence_reference,decision_reference,review_status,review_note
410a3b2e6d640c48aade4a6cf38febb1aac31ced47740e4a2eb7b3130bbbd1e4,adobe-v1-afbf393f380d8809,adobe_commerce,docs/data/adobe_commerce_v1_inventory_master.csv,1,8835375bd2b0a634c32e3ac48ef8f83dbf94ef69b2c2d045987dd25e14502694,"Adobe Commerce 2.4.9 / services current at frozen snapshot","Admin REST + live discovery",product_capability,attribute_sets,not_applicable,"edition=PaaS/Magento Open Source; live target;cluster=attribute_schema;review=INITIAL_RESEARCH",not_applicable,adobe:atom:master:attribute_sets,adobe:attribute_schema:attribute_sets,APPLICABILITY_METADATA,AttributeSchema,schema_or_attribute_set_context,ProductOrProviderContext,scalar_or_context,surface_defined,surface_defined,not_applicable,not_applicable,adobe-master:attribute_schema:attribute_sets,not_applicable,PROVIDER_VERIFIED,"INITIAL_RESEARCH; Frozen Adobe master classification; no cross-platform equivalence asserted."
fcda026c6cb0d32dda5a73e4412657a462add8de90d5ba92a6bad20cfdcceeea,adobe-v1-afbf393f380d8809,adobe_commerce,docs/data/adobe_commerce_v1_inventory_master.csv,2,19a8485d77e0e156b668b550cd3f431e0dd73d09cfb64e69e79a8dedf030f2ca,"Adobe Commerce 2.4.9 / services current at frozen snapshot","Admin REST + live discovery",product_capability,attribute_set_membership,not_applicable,"edition=PaaS/Magento Open Source; live target;cluster=attribute_schema;review=INITIAL_RESEARCH",not_applicable,adobe:atom:master:attribute_set_membership,adobe:attribute_schema:attribute_set_membership,APPLICABILITY_METADATA,AttributeSchema,schema_or_attribute_set_context,ProductOrProviderContext,scalar_or_context,surface_defined,surface_defined,not_applicable,not_applicable,adobe-master:attribute_schema:attribute_set_membership,not_applicable,PROVIDER_VERIFIED,"INITIAL_RESEARCH; Frozen Adobe master classification; no cross-platform equivalence asserted."
4a65049e8b7150402a45bcf402142b8b4969b1ca79d90261af8ebc95ff491a97,adobe-v1-afbf393f380d8809,adobe_commerce,docs/data/adobe_commerce_v1_inventory_master.csv,3,3539f374e7017ed525c745829f7e9803be5be2a7c6faacb7b0a11e606c1fc3c1,"Adobe Commerce 2.4.9 / services current at frozen snapshot","Admin REST + live discovery",product_capability,attribute_definition,not_applicable,"edition=PaaS/Magento Open Source; live target;cluster=attribute_schema;review=INITIAL_RESEARCH",not_applicable,adobe:atom:master:attribute_definition,adobe:attribute_schema:attribute_definition,APPLICABILITY_METADATA,AttributeSchema,schema_or_attribute_set_context,ProductOrProviderContext,scalar_or_context,surface_defined,surface_defined,not_applicable,not_applicable,adobe-master:attribute_schema:attribute_definition,not_applicable,PROVIDER_VERIFIED,"INITIAL_RESEARCH; Frozen Adobe master classification; no cross-platform equivalence asserted."
e2480645a459a0dd83535fd3b160aa9c87f46a2234a63b8e71f505b17f480912,adobe-v1-afbf393f380d8809,adobe_commerce,docs/data/adobe_commerce_v1_inventory_master.csv,4,526f31f5f258e8acdb55cef1dbcbdd04466eea43a4ce383dea84b43241f4221c,"Adobe Commerce 2.4.9 / services current at frozen snapshot","B2B Shared Catalog REST",product_capability,shared_catalog_product_membership,not_applicable,"edition=Adobe Commerce B2B;cluster=b2b_catalog_visibility;review=INITIAL_RESEARCH",not_applicable,adobe:atom:master:shared_catalog_product_membership,adobe:b2b_catalog_visibility:shared_catalog_product_membership,DOMAIN_CAPABILITY,SharedCatalog,provider_domain_capability,ProductOrProviderContext,provider_typed_or_structured,surface_defined,surface_defined,not_applicable,not_applicable,adobe-master:b2b_catalog_visibility:shared_catalog_product_membership,queue:adobe_b2b_shared_catalog,DEFERRED_REVIEW,"INITIAL_RESEARCH; Frozen Adobe master classification; no cross-platform equivalence asserted."
96fa37f8e656fe51e9f09e8586ac74f4046fcfe7b60e863ac556ba5b695278fc,adobe-v1-afbf393f380d8809,adobe_commerce,docs/data/adobe_commerce_v1_inventory_master.csv,5,0a32fd245780c15c6a0530dbf211f3a5f3cec67960d5764bb0f80552588b6c02,"Adobe Commerce 2.4.9 / services current at frozen snapshot","B2B Shared Catalog REST",product_capability,shared_catalog_tier_prices,not_applicable,"edition=Adobe Commerce B2B;cluster=b2b_pricing;review=INITIAL_RESEARCH",not_applicable,adobe:atom:master:shared_catalog_tier_prices,adobe:b2b_pricing:shared_catalog_tier_prices,DOMAIN_CAPABILITY,Pricing,provider_domain_capability,ProductOrProviderContext,provider_typed_or_structured,surface_defined,surface_defined,not_applicable,not_applicable,adobe-master:b2b_pricing:shared_catalog_tier_prices,queue:adobe_b2b_shared_catalog,DEFERRED_REVIEW,"INITIAL_RESEARCH; Frozen Adobe master classification; no cross-platform equivalence asserted."
343c5c155c819e6ae7e7b0d2247764c332e05aaeca7354dee28321d529aff0a2,adobe-v1-afbf393f380d8809,adobe_commerce,docs/data/adobe_commerce_v1_inventory_master.csv,6,99d1bbd2a4b9e6dbbb50e62f631c797bf28d609a05c384eeec0459314d70732e,"Adobe Commerce 2.4.9 / services current at frozen snapshot","Import API + Admin REST EAV/custom_attributes",product_capability,bundle_price_type,not_applicable,"edition=PaaS/Magento Open Source;cluster=bundle_composition;review=THIRD_PASS_RESEARCH",not_applicable,adobe:atom:master:bundle_price_type,adobe:alias:bundle_price_type,DOMAIN_CAPABILITY,BundleComposition,provider_domain_capability,ProductOrProviderContext,provider_typed_or_structured,surface_defined,surface_defined,not_applicable,not_applicable,adobe-master:bundle_composition:bundle_price_type,queue:adobe_composition_mapping,DEFERRED_REVIEW,"THIRD_PASS_RESEARCH; Frozen Adobe master classification; no cross-platform equivalence asserted."
8fa7a7e8187ef539944cae4b7cdb03e2b0efbddd6f9059b275508f4d8fab992a,adobe-v1-afbf393f380d8809,adobe_commerce,docs/data/adobe_commerce_v1_inventory_master.csv,7,d2bedb1fba99b94409954457e5950a4b939dd417e5ab0005e96e068bd3a804f0,"Adobe Commerce 2.4.9 / services current at frozen snapshot","Import API + Admin REST EAV/custom_attributes",product_capability,bundle_sku_type,not_applicable,"edition=PaaS/Magento Open Source;cluster=bundle_composition;review=THIRD_PASS_RESEARCH",not_applicable,adobe:atom:master:bundle_sku_type,adobe:alias:bundle_sku_type,DOMAIN_CAPABILITY,BundleComposition,provider_domain_capability,ProductOrProviderContext,provider_typed_or_structured,surface_defined,surface_defined,not_applicable,not_applicable,adobe-master:bundle_composition:bundle_sku_type,queue:adobe_composition_mapping,DEFERRED_REVIEW,"THIRD_PASS_RESEARCH; Frozen Adobe master classification; no cross-platform equivalence asserted."
6cf2dfa18d9139f6dc861a36f07cb1187d7aa56c09130eb45b8925fb098e6280,adobe-v1-afbf393f380d8809,adobe_commerce,docs/data/adobe_commerce_v1_inventory_master.csv,8,1a2bd49b8cf923590dc8c095baa46baa535d7a75b95c39e6ed13e4b1face9443,"Adobe Commerce 2.4.9 / services current at frozen snapshot","Import API + Admin REST EAV/custom_attributes",product_capability,bundle_price_view,not_applicable,"edition=PaaS/Magento Open Source;cluster=bundle_composition;review=THIRD_PASS_RESEARCH",not_applicable,adobe:atom:master:bundle_price_view,adobe:alias:bundle_price_view,DOMAIN_CAPABILITY,BundleComposition,provider_domain_capability,ProductOrProviderContext,provider_typed_or_structured,surface_defined,surface_defined,not_applicable,not_applicable,adobe-master:bundle_composition:bundle_price_view,queue:adobe_composition_mapping,DEFERRED_REVIEW,"THIRD_PASS_RESEARCH; Frozen Adobe master classification; no cross-platform equivalence asserted."
dd9c908a98bdfac1b12aeda4cb36dc517ec016438dab1336cd94cce252b41471,adobe-v1-afbf393f380d8809,adobe_commerce,docs/data/adobe_commerce_v1_inventory_master.csv,9,c7b252638eda785f8bfe31ba1c285cdddfba39b20d79584be345815442eea7f7,"Adobe Commerce 2.4.9 / services current at frozen snapshot","Import API + Admin REST EAV/custom_attributes",product_capability,bundle_weight_type,not_applicable,"edition=PaaS/Magento Open Source;cluster=bundle_composition;review=THIRD_PASS_RESEARCH",not_applicable,adobe:atom:master:bundle_weight_type,adobe:alias:bundle_weight_type,DOMAIN_CAPABILITY,BundleComposition,provider_domain_capability,ProductOrProviderContext,provider_typed_or_structured,surface_defined,surface_defined,not_applicable,not_applicable,adobe-master:bundle_composition:bundle_weight_type,queue:adobe_composition_mapping,DEFERRED_REVIEW,"THIRD_PASS_RESEARCH; Frozen Adobe master classification; no cross-platform equivalence asserted."
421130fb02609085c4b6205a9f48afb21db905e4d55a194df618fe537c527659,adobe-v1-afbf393f380d8809,adobe_commerce,docs/data/adobe_commerce_v1_inventory_master.csv,10,3b176312a9937e14e7c1b6b6cc2d269a883eff97a78dd5a329b6557e06c76762,"Adobe Commerce 2.4.9 / services current at frozen snapshot","Import API bundle_values",product_capability,bundle_values,not_applicable,"edition=PaaS/Magento Open Source;cluster=bundle_composition;review=THIRD_PASS_RESEARCH",not_applicable,adobe:atom:master:bundle_values,adobe:alias:bundle_composition,DOMAIN_CAPABILITY,BundleComposition,provider_domain_capability,ProductOrProviderContext,provider_typed_or_structured,surface_defined,surface_defined,not_applicable,not_applicable,adobe-master:bundle_composition:bundle_values,queue:adobe_composition_mapping,DEFERRED_REVIEW,"THIRD_PASS_RESEARCH; Frozen Adobe master classification; no cross-platform equivalence asserted."
cad4ed641737a98a8b2b412e1c5b30986a1cbcf55a68f5bd15132b5b7a480ec6,adobe-v1-afbf393f380d8809,adobe_commerce,docs/data/adobe_commerce_v1_inventory_master.csv,11,9550c85d8c922a3b6e15f570c845ba76634318596bae2668617d7c27e09be9a9,"Adobe Commerce 2.4.9 / services current at frozen snapshot","Import API + Admin REST EAV/custom_attributes",product_capability,bundle_shipment_type,not_applicable,"edition=PaaS/Magento Open Source;cluster=bundle_composition;review=THIRD_PASS_RESEARCH",not_applicable,adobe:atom:master:bundle_shipment_type,adobe:alias:bundle_shipment_type,DOMAIN_CAPABILITY,BundleComposition,provider_domain_capability,ProductOrProviderContext,provider_typed_or_structured,surface_defined,surface_defined,not_applicable,not_applicable,adobe-master:bundle_composition:bundle_shipment_type,queue:adobe_composition_mapping,DEFERRED_REVIEW,"THIRD_PASS_RESEARCH; Frozen Adobe master classification; no cross-platform equivalence asserted."
a0c99fa1928f21f9bbe1e053e54cbcfdabe4eaf0743c0de262bfdf67618a64ef,adobe-v1-afbf393f380d8809,adobe_commerce,docs/data/adobe_commerce_v1_inventory_master.csv,12,a2f5d05e42cda3337d48c927c59c7e8247fbfbb08af6cbbeb62021c561197d61,"Adobe Commerce 2.4.9 / services current at frozen snapshot","Admin REST extension_attributes.bundle_product_options",product_capability,bundle_product_options,not_applicable,"edition=PaaS/Magento Open Source;cluster=bundle_composition;review=THIRD_PASS_RESEARCH",not_applicable,adobe:atom:master:bundle_product_options,adobe:alias:bundle_composition,DOMAIN_CAPABILITY,BundleComposition,provider_domain_capability,ProductOrProviderContext,provider_typed_or_structured,surface_defined,surface_defined,not_applicable,not_applicable,adobe-master:bundle_composition:bundle_product_options,queue:adobe_composition_mapping,DEFERRED_REVIEW,"THIRD_PASS_RESEARCH; Frozen Adobe master classification; no cross-platform equivalence asserted."
a50ef57b0df760866a80027a0ce8e2e10e7c7bafdcbc38286d79b05772a678e5,adobe-v1-afbf393f380d8809,adobe_commerce,docs/data/adobe_commerce_v1_inventory_master.csv,13,32b2ce9479e63407450f8f3e81fa7f24ed9dd3d5c711aad691e573a3f12db0ea,"Adobe Commerce 2.4.9 / services current at frozen snapshot","Import + Admin REST",product_capability,store_view_code,not_applicable,"edition=PaaS/Magento Open Source;cluster=catalog_scope_and_connector_context;review=INITIAL_RESEARCH",not_applicable,adobe:atom:master:store_view_code,adobe:catalog_scope_and_connector_context:store_view_code,CHANNEL_SEMANTIC,Connector,provider_scope_context,ProductOrProviderContext,scalar_or_context,surface_defined,surface_defined,not_applicable,not_applicable,adobe-master:catalog_scope_and_connector_context:store_view_code,not_applicable,PROVIDER_VERIFIED,"INITIAL_RESEARCH; Frozen Adobe master classification; no cross-platform equivalence asserted."
a68be24b4e78aa7f178e06d92fbf9b24bc96c10854f44e27694f8ff3ab7b6d92,adobe-v1-afbf393f380d8809,adobe_commerce,docs/data/adobe_commerce_v1_inventory_master.csv,14,7ef0bac66c75aec9aab79c2cd45ed90905586769a37cfbddbfa17de91dc24fe3,"Adobe Commerce 2.4.9 / services current at frozen snapshot","Import + Admin REST",product_capability,attribute_set_code,not_applicable,"edition=PaaS/Magento Open Source;cluster=catalog_scope_and_connector_context;review=INITIAL_RESEARCH",not_applicable,adobe:atom:master:attribute_set_code,adobe:alias:attribute_set,CHANNEL_SEMANTIC,Connector,provider_scope_context,ProductOrProviderContext,scalar_or_context,surface_defined,surface_defined,not_applicable,not_applicable,adobe-master:catalog_scope_and_connector_context:attribute_set_code,not_applicable,PROVIDER_VERIFIED,"INITIAL_RESEARCH; Frozen Adobe master classification; no cross-platform equivalence asserted."
0d16651caeb356915b89fca5a2439d48b1829f4ebcfdae4cd04f6730ce208768,adobe-v1-afbf393f380d8809,adobe_commerce,docs/data/adobe_commerce_v1_inventory_master.csv,15,adc78a3900edad36e0c05f63481ffb107acb2c99fef5ed4333feb098d3d22d1a,"Adobe Commerce 2.4.9 / services current at frozen snapshot","Import + Admin REST",product_capability,product_type,not_applicable,"edition=PaaS/Magento Open Source;cluster=catalog_scope_and_connector_context;review=INITIAL_RESEARCH",not_applicable,adobe:atom:master:product_type,adobe:alias:product_type,CHANNEL_SEMANTIC,Connector,provider_scope_context,ProductOrProviderContext,scalar_or_context,surface_defined,surface_defined,not_applicable,not_applicable,adobe-master:catalog_scope_and_connector_context:product_type,queue:adobe_product_type_execution,DEFERRED_REVIEW,"INITIAL_RESEARCH; Frozen Adobe master classification; no cross-platform equivalence asserted."
175e004542f43f0ba0113656fdac00b9add9279133a48faba7adb3b9cee0a492,adobe-v1-afbf393f380d8809,adobe_commerce,docs/data/adobe_commerce_v1_inventory_master.csv,16,c6699a17e20c508b1c5a90c36aa23d4a4b9d8fdc6385775f71e9bf0e3bc2dee2,"Adobe Commerce 2.4.9 / services current at frozen snapshot","Import + Admin REST",product_capability,product_websites,not_applicable,"edition=PaaS/Magento Open Source;cluster=catalog_scope_and_connector_context;review=INITIAL_RESEARCH",not_applicable,adobe:atom:master:product_websites,adobe:alias:website_assignment,CHANNEL_SEMANTIC,Connector,provider_scope_context,ProductOrProviderContext,scalar_or_context,surface_defined,surface_defined,not_applicable,not_applicable,adobe-master:catalog_scope_and_connector_context:product_websites,not_applicable,PROVIDER_VERIFIED,"INITIAL_RESEARCH; Frozen Adobe master classification; no cross-platform equivalence asserted."
54e8d8cc0675838b02d6077dc4cccacc4b1f07faa1e0580ae14df46271bfcd07,adobe-v1-afbf393f380d8809,adobe_commerce,docs/data/adobe_commerce_v1_inventory_master.csv,17,99256f68778a6d63fedccebae43a3e184d5268fccb0c4d9502e0aa639500c86b,"Adobe Commerce 2.4.9 / services current at frozen snapshot","Import + Admin REST",product_capability,product_online,not_applicable,"edition=PaaS/Magento Open Source;cluster=catalog_scope_and_connector_context;review=INITIAL_RESEARCH",not_applicable,adobe:atom:master:product_online,adobe:alias:status,CHANNEL_SEMANTIC,Connector,provider_scope_context,ProductOrProviderContext,scalar_or_context,surface_defined,surface_defined,not_applicable,not_applicable,adobe-master:catalog_scope_and_connector_context:product_online,queue:adobe_status_lifecycle,DEFERRED_REVIEW,"INITIAL_RESEARCH; Frozen Adobe master classification; no cross-platform equivalence asserted."
a4495eb81a2e03ce41075fd958dd6ee18ed0eca2cbc6f899fdf3da7d8bca27b0,adobe-v1-afbf393f380d8809,adobe_commerce,docs/data/adobe_commerce_v1_inventory_master.csv,18,c92433c87f0c588c9ff976d6af8930d546fc4710dc500e61e8e9ce380ebaef56,"Adobe Commerce 2.4.9 / services current at frozen snapshot","Import + Admin REST",product_capability,visibility,not_applicable,"edition=PaaS/Magento Open Source;cluster=catalog_scope_and_connector_context;review=INITIAL_RESEARCH",not_applicable,adobe:atom:master:visibility,adobe:catalog_scope_and_connector_context:visibility,CHANNEL_SEMANTIC,Connector,provider_scope_context,ProductOrProviderContext,scalar_or_context,surface_defined,surface_defined,not_applicable,not_applicable,adobe-master:catalog_scope_and_connector_context:visibility,not_applicable,PROVIDER_VERIFIED,"INITIAL_RESEARCH; Frozen Adobe master classification; no cross-platform equivalence asserted."
53648ec1e95ce9e39a5b169b00dcdabded0499e187a58def88c88eef10f52db8,adobe-v1-afbf393f380d8809,adobe_commerce,docs/data/adobe_commerce_v1_inventory_master.csv,19,85731eb2b597ddad124c6a0af7f9d2e7f9250375f92122d73eaf0cc70d69ed06,"Adobe Commerce 2.4.9 / services current at frozen snapshot","Import + Admin REST",product_capability,website_id,not_applicable,"edition=PaaS/Magento Open Source;cluster=catalog_scope_and_connector_context;review=INITIAL_RESEARCH",not_applicable,adobe:atom:master:website_id,adobe:alias:website_assignment,CHANNEL_SEMANTIC,Connector,provider_scope_context,ProductOrProviderContext,scalar_or_context,surface_defined,surface_defined,not_applicable,not_applicable,adobe-master:catalog_scope_and_connector_context:website_id,not_applicable,PROVIDER_VERIFIED,"INITIAL_RESEARCH; Frozen Adobe master classification; no cross-platform equivalence asserted."
b6245a82939be659977761e4e8aea49eb251bbe1a4df83dcb8fcd86894720252,adobe-v1-afbf393f380d8809,adobe_commerce,docs/data/adobe_commerce_v1_inventory_master.csv,20,216af18120b72dc1b43d0e2795f9673ba5b87c8a6f3884521e5eb432c2ece193,"Adobe Commerce 2.4.9 / services current at frozen snapshot","Import + Admin REST",product_capability,attribute_set_id,not_applicable,"edition=PaaS/Magento Open Source;cluster=catalog_scope_and_connector_context;review=INITIAL_RESEARCH",not_applicable,adobe:atom:master:attribute_set_id,adobe:alias:attribute_set,CHANNEL_SEMANTIC,Connector,provider_scope_context,ProductOrProviderContext,scalar_or_context,surface_defined,surface_defined,not_applicable,not_applicable,adobe-master:catalog_scope_and_connector_context:attribute_set_id,not_applicable,PROVIDER_VERIFIED,"INITIAL_RESEARCH; Frozen Adobe master classification; no cross-platform equivalence asserted."
c1f37f3b40fe571c1114c708a0546270c5ae6cb70a88fae239a633262750bad6,adobe-v1-afbf393f380d8809,adobe_commerce,docs/data/adobe_commerce_v1_inventory_master.csv,21,22adbec6d8966fc1f97663dac9b4eb1de4e2b17fc079a9e50bb2511898057534,"Adobe Commerce 2.4.9 / services current at frozen snapshot","Import + Admin REST",product_capability,type_id,not_applicable,"edition=PaaS/Magento Open Source;cluster=catalog_scope_and_connector_context;review=INITIAL_RESEARCH",not_applicable,adobe:atom:master:type_id,adobe:alias:product_type,CHANNEL_SEMANTIC,Connector,provider_scope_context,ProductOrProviderContext,scalar_or_context,surface_defined,surface_defined,not_applicable,not_applicable,adobe-master:catalog_scope_and_connector_context:type_id,queue:adobe_product_type_execution,DEFERRED_REVIEW,"INITIAL_RESEARCH; Frozen Adobe master classification; no cross-platform equivalence asserted."
61698558411e31af7711e8e866a423d3962e917f4c4991072681f632fcd93921,adobe-v1-afbf393f380d8809,adobe_commerce,docs/data/adobe_commerce_v1_inventory_master.csv,22,c8b23afcd7c77049eb89c66a99fce0ad1bc8443a518be87cac74001f773de80d,"Adobe Commerce 2.4.9 / services current at frozen snapshot","Import + Admin REST",product_capability,website_assignment,not_applicable,"edition=PaaS/Magento Open Source;cluster=catalog_scope_and_connector_context;review=INITIAL_RESEARCH",not_applicable,adobe:atom:master:website_assignment,adobe:alias:website_assignment,CHANNEL_SEMANTIC,Connector,provider_scope_context,ProductOrProviderContext,scalar_or_context,surface_defined,surface_defined,not_applicable,not_applicable,adobe-master:catalog_scope_and_connector_context:website_assignment,not_applicable,PROVIDER_VERIFIED,"INITIAL_RESEARCH; Frozen Adobe master classification; no cross-platform equivalence asserted."
ab23ebea08df5181d2e449dbc5c8bdfe83488dfe9b7cd2fa00a07d9f9d4293b1,adobe-v1-afbf393f380d8809,adobe_commerce,docs/data/adobe_commerce_v1_inventory_master.csv,23,7f096be9dc5694bbc68fe6d4f382b3a91867e935d13892929266756370d5417a,"Adobe Commerce 2.4.9 / services current at frozen snapshot","Import API",product_capability,configurable_variations,not_applicable,"edition=PaaS/Magento Open Source;cluster=configurable_family;review=THIRD_PASS_RESEARCH",not_applicable,adobe:atom:master:configurable_variations,adobe:alias:configurable_composition,DOMAIN_CAPABILITY,VariantComposition,provider_domain_capability,ProductOrProviderContext,provider_typed_or_structured,surface_defined,surface_defined,not_applicable,not_applicable,adobe-master:configurable_family:configurable_variations,queue:adobe_composition_mapping,DEFERRED_REVIEW,"THIRD_PASS_RESEARCH; Frozen Adobe master classification; no cross-platform equivalence asserted."
f0001f532645806ee456011197b497dc137af38836f127532b5c2d4added1190,adobe-v1-afbf393f380d8809,adobe_commerce,docs/data/adobe_commerce_v1_inventory_master.csv,24,6cf658f9b45163bfa914836bc26222649b425922a07cd0d5df6e7856c0c03863,"Adobe Commerce 2.4.9 / services current at frozen snapshot","Import API",product_capability,configurable_variation_labels,not_applicable,"edition=PaaS/Magento Open Source;cluster=configurable_family;review=THIRD_PASS_RESEARCH",not_applicable,adobe:atom:master:configurable_variation_labels,adobe:alias:configurable_composition,DOMAIN_CAPABILITY,VariantComposition,provider_domain_capability,ProductOrProviderContext,provider_typed_or_structured,surface_defined,surface_defined,not_applicable,not_applicable,adobe-master:configurable_family:configurable_variation_labels,queue:adobe_composition_mapping,DEFERRED_REVIEW,"THIRD_PASS_RESEARCH; Frozen Adobe master classification; no cross-platform equivalence asserted."
56e784b321daae22fc2768ad5d4e86b96311aff6be6c92f2a75ae5ce600ec35f,adobe-v1-afbf393f380d8809,adobe_commerce,docs/data/adobe_commerce_v1_inventory_master.csv,25,2c14eb670e07bd957d01d1800e85f55c52699dc99a4fbb25ed4fff0200b07f8f,"Adobe Commerce 2.4.9 / services current at frozen snapshot","Admin REST ConfigurableProductDataOptionInterface",product_capability,configurable_product_options,not_applicable,"edition=PaaS/Magento Open Source;cluster=configurable_family;review=THIRD_PASS_RESEARCH",not_applicable,adobe:atom:master:configurable_product_options,adobe:alias:configurable_composition,DOMAIN_CAPABILITY,VariantComposition,provider_domain_capability,ProductOrProviderContext,provider_typed_or_structured,surface_defined,surface_defined,not_applicable,not_applicable,adobe-master:configurable_family:configurable_product_options,queue:adobe_composition_mapping,DEFERRED_REVIEW,"THIRD_PASS_RESEARCH; Frozen Adobe master classification; no cross-platform equivalence asserted."
792a7799cebb067e54fce9dcb3a2400657af0ab3719f57400bc34024ab54999a,adobe-v1-afbf393f380d8809,adobe_commerce,docs/data/adobe_commerce_v1_inventory_master.csv,26,87e04973829dc042084b68c56c1e6f3760b816a69d8eebcf1f20421b903bd386,"Adobe Commerce 2.4.9 / services current at frozen snapshot","Admin REST configurable child-link API",product_capability,configurable_product_links,not_applicable,"edition=PaaS/Magento Open Source;cluster=configurable_family;review=THIRD_PASS_RESEARCH",not_applicable,adobe:atom:master:configurable_product_links,adobe:alias:configurable_composition,DOMAIN_CAPABILITY,VariantComposition,provider_domain_capability,ProductOrProviderContext,provider_typed_or_structured,surface_defined,surface_defined,not_applicable,not_applicable,adobe-master:configurable_family:configurable_product_links,queue:adobe_composition_mapping,DEFERRED_REVIEW,"THIRD_PASS_RESEARCH; Frozen Adobe master classification; no cross-platform equivalence asserted."
7e09d2a2e67434adad183e59402ba49f9d08b34c38c7bf4b60821562d0101fbc,adobe-v1-afbf393f380d8809,adobe_commerce,docs/data/adobe_commerce_v1_inventory_master.csv,27,2fc0beaec549bf0857e057c0accd1379a7f4b974ad6c7ab41287486032372860,"Adobe Commerce 2.4.9 / services current at frozen snapshot","Import + Admin REST + core GraphQL",product_capability,name,not_applicable,"edition=PaaS/Magento Open Source;cluster=core_product_scalar;review=INITIAL_RESEARCH",not_applicable,adobe:atom:master:name,adobe:core_product_scalar:name,REUSABLE_SEMANTIC,ProductData,provider_field_candidate,ProductOrProviderContext,scalar_or_context,surface_defined,surface_defined,not_applicable,not_applicable,adobe-master:core_product_scalar:name,not_applicable,PROVIDER_VERIFIED,"INITIAL_RESEARCH; Frozen Adobe master classification; no cross-platform equivalence asserted."
ce13212c09142673a213935407220c00e76c41582d1d2ad35a6233ec41371520,adobe-v1-afbf393f380d8809,adobe_commerce,docs/data/adobe_commerce_v1_inventory_master.csv,28,d72cff226004f2f8ae2dfe050cdf980c5187848994ece59fe48d3af649d570de,"Adobe Commerce 2.4.9 / services current at frozen snapshot","Import + Admin REST + core GraphQL",product_capability,description,not_applicable,"edition=PaaS/Magento Open Source;cluster=core_product_scalar;review=INITIAL_RESEARCH",not_applicable,adobe:atom:master:description,adobe:core_product_scalar:description,REUSABLE_SEMANTIC,ProductData,provider_field_candidate,ProductOrProviderContext,scalar_or_context,surface_defined,surface_defined,not_applicable,not_applicable,adobe-master:core_product_scalar:description,not_applicable,PROVIDER_VERIFIED,"INITIAL_RESEARCH; Frozen Adobe master classification; no cross-platform equivalence asserted."
691297da83831162a8b9bbdb4a49a4ed40ac96e9f9dd127dff5f11de2c9fc742,adobe-v1-afbf393f380d8809,adobe_commerce,docs/data/adobe_commerce_v1_inventory_master.csv,29,c2d581465999898ae0315e58b6fe25cdbc4872eced423cbb344b12dc5fa38835,"Adobe Commerce 2.4.9 / services current at frozen snapshot","Import + Admin REST + core GraphQL",product_capability,short_description,not_applicable,"edition=PaaS/Magento Open Source;cluster=core_product_scalar;review=INITIAL_RESEARCH",not_applicable,adobe:atom:master:short_description,adobe:core_product_scalar:short_description,REUSABLE_SEMANTIC,ProductData,provider_field_candidate,ProductOrProviderContext,scalar_or_context,surface_defined,surface_defined,not_applicable,not_applicable,adobe-master:core_product_scalar:short_description,not_applicable,PROVIDER_VERIFIED,"INITIAL_RESEARCH; Frozen Adobe master classification; no cross-platform equivalence asserted."
d9963213055993402653f24b6bee76562d5580046f31d755d169d1b27587e254,adobe-v1-afbf393f380d8809,adobe_commerce,docs/data/adobe_commerce_v1_inventory_master.csv,30,54e075e3e49670a23521a3710cefa2808f8ef42044f2a05957cfb7e79c5252f9,"Adobe Commerce 2.4.9 / services current at frozen snapshot","Import + Admin REST + core GraphQL",product_capability,weight,not_applicable,"edition=PaaS/Magento Open Source;cluster=core_product_scalar;review=INITIAL_RESEARCH",not_applicable,adobe:atom:master:weight,adobe:core_product_scalar:weight,REUSABLE_SEMANTIC,ProductData,provider_field_candidate,ProductOrProviderContext,scalar_or_context,surface_defined,surface_defined,not_applicable,not_applicable,adobe-master:core_product_scalar:weight,queue:adobe_weight_semantic,DEFERRED_REVIEW,"INITIAL_RESEARCH; Frozen Adobe master classification; no cross-platform equivalence asserted."
6ae3796808246c4e62c4f6d09be3450fac45942bb0a739c9db34f6ea4d7db927,adobe-v1-afbf393f380d8809,adobe_commerce,docs/data/adobe_commerce_v1_inventory_master.csv,31,8061de3426cfd7f31a478a2085ffb060a734c7e069d25fdb099c09e9aaab137c,"Adobe Commerce 2.4.9 / services current at frozen snapshot","Import + Admin REST + core GraphQL",product_capability,tax_class_name,not_applicable,"edition=PaaS/Magento Open Source;cluster=tax_configuration;review=SECOND_PASS_RESEARCH",not_applicable,adobe:atom:master:tax_class_name,adobe:alias:tax_class,DOMAIN_CAPABILITY,PricingTax,provider_domain_capability,ProductOrProviderContext,provider_typed_or_structured,surface_defined,surface_defined,not_applicable,not_applicable,adobe-master:tax_configuration:tax_class_name,queue:adobe_tax_portability,DEFERRED_REVIEW,"SECOND_PASS_RESEARCH; Frozen Adobe master classification; no cross-platform equivalence asserted."
c47c71d7f6792177afd465718858402aa0751ec1760cc3485a0a20dab404c97f,adobe-v1-afbf393f380d8809,adobe_commerce,docs/data/adobe_commerce_v1_inventory_master.csv,32,570ada173b2e3bbf2d5232483758a384450b7c37202b5c7b31c14e3ed3a65390,"Adobe Commerce 2.4.9 / services current at frozen snapshot","Import + Admin REST + core GraphQL",product_capability,new_from_date,not_applicable,"edition=PaaS/Magento Open Source;cluster=core_product_scalar;review=INITIAL_RESEARCH",not_applicable,adobe:atom:master:new_from_date,adobe:core_product_scalar:new_from_date,REUSABLE_SEMANTIC,ProductData,provider_field_candidate,ProductOrProviderContext,scalar_or_context,surface_defined,surface_defined,not_applicable,not_applicable,adobe-master:core_product_scalar:new_from_date,not_applicable,PROVIDER_VERIFIED,"INITIAL_RESEARCH; Frozen Adobe master classification; no cross-platform equivalence asserted."
f3502dc6d58aa1fce13ca2ccab9c7133ffe1451b665fd1c8ec70b1b6bc7e58f0,adobe-v1-afbf393f380d8809,adobe_commerce,docs/data/adobe_commerce_v1_inventory_master.csv,33,9f13e90edf50a41e1e25b51d80be2bece34d727a5b2f71cac858c852dde82b58,"Adobe Commerce 2.4.9 / services current at frozen snapshot","Import + Admin REST + core GraphQL",product_capability,new_to_date,not_applicable,"edition=PaaS/Magento Open Source;cluster=core_product_scalar;review=INITIAL_RESEARCH",not_applicable,adobe:atom:master:new_to_date,adobe:core_product_scalar:new_to_date,REUSABLE_SEMANTIC,ProductData,provider_field_candidate,ProductOrProviderContext,scalar_or_context,surface_defined,surface_defined,not_applicable,not_applicable,adobe-master:core_product_scalar:new_to_date,not_applicable,PROVIDER_VERIFIED,"INITIAL_RESEARCH; Frozen Adobe master classification; no cross-platform equivalence asserted."
ef7303f3c0e3010c76ce448a5a28d67752fa985f86ab7a99ee327c1be1760971,adobe-v1-afbf393f380d8809,adobe_commerce,docs/data/adobe_commerce_v1_inventory_master.csv,34,0b5779a5aaf0b10694687762dcf3f8eff3cd4df657d333ebc7b826ff71a7869d,"Adobe Commerce 2.4.9 / services current at frozen snapshot","Import + Admin REST + core GraphQL",product_capability,country_of_manufacture,not_applicable,"edition=PaaS/Magento Open Source;cluster=core_product_scalar;review=INITIAL_RESEARCH",not_applicable,adobe:atom:master:country_of_manufacture,adobe:core_product_scalar:country_of_manufacture,REUSABLE_SEMANTIC,ProductData,provider_field_candidate,ProductOrProviderContext,scalar_or_context,surface_defined,surface_defined,not_applicable,not_applicable,adobe-master:core_product_scalar:country_of_manufacture,not_applicable,PROVIDER_VERIFIED,"INITIAL_RESEARCH; Frozen Adobe master classification; no cross-platform equivalence asserted."
3e3f01f1e0e79b769f6068f4ead613e20519a2261519e9135c6bae79b25d2f2c,adobe-v1-afbf393f380d8809,adobe_commerce,docs/data/adobe_commerce_v1_inventory_master.csv,35,0b997bf03fd2173d04bec09d73bc462671703c759f10fd20f3d7026f8575334d,"Adobe Commerce 2.4.9 / services current at frozen snapshot","Import + Admin REST + core GraphQL",product_capability,status,not_applicable,"edition=PaaS/Magento Open Source;cluster=core_product_scalar;review=INITIAL_RESEARCH",not_applicable,adobe:atom:master:status,adobe:alias:status,REUSABLE_SEMANTIC,ProductData,provider_field_candidate,ProductOrProviderContext,scalar_or_context,surface_defined,surface_defined,not_applicable,not_applicable,adobe-master:core_product_scalar:status,queue:adobe_status_lifecycle,DEFERRED_REVIEW,"INITIAL_RESEARCH; Frozen Adobe master classification; no cross-platform equivalence asserted."
662c3ba9a234f7179839d78e4215e31cde36696094efe06dfedb9c3f13d6e1d5,adobe-v1-afbf393f380d8809,adobe_commerce,docs/data/adobe_commerce_v1_inventory_master.csv,36,2acbc09ce189f841ad624f223cccc7f6ddb54e4e5a592f11d86d18fdefb88d41,"Adobe Commerce 2.4.9 / services current at frozen snapshot","Import + Admin REST + Catalog Service READ",product_capability,display_product_options_in,not_applicable,"edition=PaaS/Magento Open Source;cluster=customizable_options;review=INITIAL_RESEARCH",not_applicable,adobe:atom:master:display_product_options_in,adobe:customizable_options:display_product_options_in,DOMAIN_CAPABILITY,OrderCustomization,provider_domain_capability,ProductOrProviderContext,provider_typed_or_structured,surface_defined,surface_defined,not_applicable,not_applicable,adobe-master:customizable_options:display_product_options_in,not_applicable,PROVIDER_VERIFIED,"INITIAL_RESEARCH; Frozen Adobe master classification; no cross-platform equivalence asserted."
65ddc9a67dae186d07202ea3187b1a3a7c8ec1bd61020e2ce214d4213c1ceb8e,adobe-v1-afbf393f380d8809,adobe_commerce,docs/data/adobe_commerce_v1_inventory_master.csv,37,1f646c2e20348509082410558fa7da0ed33e05b581ef085d75b67f2e37b26409,"Adobe Commerce 2.4.9 / services current at frozen snapshot","Import + Admin REST + Catalog Service READ",product_capability,product_options_container,not_applicable,"edition=PaaS/Magento Open Source;cluster=customizable_options;review=INITIAL_RESEARCH",not_applicable,adobe:atom:master:product_options_container,adobe:customizable_options:product_options_container,DOMAIN_CAPABILITY,OrderCustomization,provider_domain_capability,ProductOrProviderContext,provider_typed_or_structured,surface_defined,surface_defined,not_applicable,not_applicable,adobe-master:customizable_options:product_options_container,not_applicable,PROVIDER_VERIFIED,"INITIAL_RESEARCH; Frozen Adobe master classification; no cross-platform equivalence asserted."
050180ab2d716da88c1ca1f3e1e5e7a9b432e21f8b31dbd7b878adfe9007a223,adobe-v1-afbf393f380d8809,adobe_commerce,docs/data/adobe_commerce_v1_inventory_master.csv,38,f35603cb27293f318dfc2edff44bba00a0033995ee42f43bcc4a934619fa178d,"Adobe Commerce 2.4.9 / services current at frozen snapshot","Import + Admin REST + Catalog Service READ",product_capability,custom_options,not_applicable,"edition=PaaS/Magento Open Source;cluster=customizable_options;review=INITIAL_RESEARCH",not_applicable,adobe:atom:master:custom_options,adobe:customizable_options:custom_options,DOMAIN_CAPABILITY,OrderCustomization,provider_domain_capability,ProductOrProviderContext,provider_typed_or_structured,surface_defined,surface_defined,not_applicable,not_applicable,adobe-master:customizable_options:custom_options,queue:adobe_customization_architecture,DEFERRED_REVIEW,"INITIAL_RESEARCH; Frozen Adobe master classification; no cross-platform equivalence asserted."
34800b3c9632b45bd9363c04bb9ad1a287604590b8843dbec822c790489ae96f,adobe-v1-afbf393f380d8809,adobe_commerce,docs/data/adobe_commerce_v1_inventory_master.csv,39,b7e33ae96dc17a9ef6632babcce3902d2b4f8bec3230990d73afef247c140a5c,"Adobe Commerce 2.4.9 / services current at frozen snapshot","Import + Admin REST + Catalog Service READ",product_capability,custom_option_definition,not_applicable,"edition=PaaS/Magento Open Source;cluster=customizable_options;review=INITIAL_RESEARCH",not_applicable,adobe:atom:master:custom_option_definition,adobe:customizable_options:custom_option_definition,DOMAIN_CAPABILITY,OrderCustomization,provider_domain_capability,ProductOrProviderContext,provider_typed_or_structured,surface_defined,surface_defined,not_applicable,not_applicable,adobe-master:customizable_options:custom_option_definition,queue:adobe_customization_architecture,DEFERRED_REVIEW,"INITIAL_RESEARCH; Frozen Adobe master classification; no cross-platform equivalence asserted."
b27cab8ccf7d5e4072cae8d039964b265a5a65e022e602f3e50cc93413bed2a5,adobe-v1-afbf393f380d8809,adobe_commerce,docs/data/adobe_commerce_v1_inventory_master.csv,40,8738b8f35f4a024636d6d750e6466d9ccf5289f6e2871ca2e802904ec2fe5d9a,"Adobe Commerce 2.4.9 / services current at frozen snapshot","Import + Admin REST + core GraphQL",product_capability,downloadable_links,not_applicable,"edition=PaaS/Magento Open Source;cluster=downloadable_assets;review=INITIAL_RESEARCH",not_applicable,adobe:atom:master:downloadable_links,adobe:downloadable_assets:downloadable_links,DOMAIN_CAPABILITY,DownloadableComposition,provider_domain_capability,ProductOrProviderContext,provider_typed_or_structured,surface_defined,surface_defined,not_applicable,not_applicable,adobe-master:downloadable_assets:downloadable_links,not_applicable,PROVIDER_VERIFIED,"INITIAL_RESEARCH; Frozen Adobe master classification; no cross-platform equivalence asserted."
ac10550a5c23881e9168143c040a19250632e4f2b1bb0ed87ac933a8e990de06,adobe-v1-afbf393f380d8809,adobe_commerce,docs/data/adobe_commerce_v1_inventory_master.csv,41,b22ff472bda57b06a840d99d8beab1c62744281d7513058e862b291106f934cd,"Adobe Commerce 2.4.9 / services current at frozen snapshot","Import + Admin REST + core GraphQL",product_capability,downloadable_samples,not_applicable,"edition=PaaS/Magento Open Source;cluster=downloadable_assets;review=INITIAL_RESEARCH",not_applicable,adobe:atom:master:downloadable_samples,adobe:downloadable_assets:downloadable_samples,DOMAIN_CAPABILITY,DownloadableComposition,provider_domain_capability,ProductOrProviderContext,provider_typed_or_structured,surface_defined,surface_defined,not_applicable,not_applicable,adobe-master:downloadable_assets:downloadable_samples,not_applicable,PROVIDER_VERIFIED,"INITIAL_RESEARCH; Frozen Adobe master classification; no cross-platform equivalence asserted."
03b3d883a16666727adc660d4f73fda413b7f497bc16900e7fc70da49afbef03,adobe-v1-afbf393f380d8809,adobe_commerce,docs/data/adobe_commerce_v1_inventory_master.csv,42,ed6d6c8f6d4753f5d7a57f4496bafd905dcdc841ce59e1146837be6edc9393af,"Adobe Commerce 2.4.9 / services current at frozen snapshot","Import API + downloadable Admin/GraphQL interfaces",product_capability,downloadable_link,not_applicable,"edition=PaaS/Magento Open Source;cluster=downloadable_assets;review=THIRD_PASS_RESEARCH",not_applicable,adobe:atom:master:downloadable_link,adobe:downloadable_assets:downloadable_link,DOMAIN_CAPABILITY,DownloadableComposition,provider_domain_capability,ProductOrProviderContext,provider_typed_or_structured,surface_defined,surface_defined,not_applicable,not_applicable,adobe-master:downloadable_assets:downloadable_link,not_applicable,PROVIDER_VERIFIED,"THIRD_PASS_RESEARCH; Frozen Adobe master classification; no cross-platform equivalence asserted."
35302d521a35abf1093b82449b53841ebc59b24fdfd6a070ebed04a15ebe1e4c,adobe-v1-afbf393f380d8809,adobe_commerce,docs/data/adobe_commerce_v1_inventory_master.csv,43,00012ee33a8a5286f0d9a049ba78209055309ee4b312ebade9f3f8f581140708,"Adobe Commerce 2.4.9 / services current at frozen snapshot","Import API + downloadable Admin/GraphQL interfaces",product_capability,downloadable_sample,not_applicable,"edition=PaaS/Magento Open Source;cluster=downloadable_assets;review=THIRD_PASS_RESEARCH",not_applicable,adobe:atom:master:downloadable_sample,adobe:downloadable_assets:downloadable_sample,DOMAIN_CAPABILITY,DownloadableComposition,provider_domain_capability,ProductOrProviderContext,provider_typed_or_structured,surface_defined,surface_defined,not_applicable,not_applicable,adobe-master:downloadable_assets:downloadable_sample,not_applicable,PROVIDER_VERIFIED,"THIRD_PASS_RESEARCH; Frozen Adobe master classification; no cross-platform equivalence asserted."
76a124a6ab8b9394a9353cb17ec4f3dfb976e4d72297fc8975d3e85a86b64ccf,adobe-v1-afbf393f380d8809,adobe_commerce,docs/data/adobe_commerce_v1_inventory_master.csv,44,7486b8325ce37ec439e712d7b1f220b6ccc3393354a81f92d3607c1175da7f53,"Adobe Commerce 2.4.9 / services current at frozen snapshot","Import + Admin REST + live discovery",product_capability,additional_attributes,not_applicable,"edition=Live target schema;cluster=dynamic_attributes;review=SECOND_PASS_RESEARCH",not_applicable,adobe:atom:master:additional_attributes,adobe:dynamic_attributes:additional_attributes,DOMAIN_CAPABILITY,DynamicField,provider_domain_capability,ProductOrProviderContext,provider_typed_or_structured,surface_defined,surface_defined,not_applicable,not_applicable,adobe-master:dynamic_attributes:additional_attributes,queue:adobe_dynamic_eav_promotion,DEFERRED_REVIEW,"SECOND_PASS_RESEARCH; Frozen Adobe master classification; no cross-platform equivalence asserted."
2a6553bf0dcca4f0be70899341046f5f293c7eeeb24d2adbf45db3be7edab4c2,adobe-v1-afbf393f380d8809,adobe_commerce,docs/data/adobe_commerce_v1_inventory_master.csv,45,929405ce617e77f177a5bf6e6ba3aa1c3f29c9653ea5e62ac857dfab22f0c47a,"Adobe Commerce 2.4.9 / services current at frozen snapshot","Admin REST + GraphQL + live discovery",product_capability,custom_attributes,not_applicable,"edition=Live target schema;cluster=dynamic_attributes;review=SECOND_PASS_RESEARCH",not_applicable,adobe:atom:master:custom_attributes,adobe:dynamic_attributes:custom_attributes,DOMAIN_CAPABILITY,DynamicField,provider_domain_capability,ProductOrProviderContext,provider_typed_or_structured,surface_defined,surface_defined,not_applicable,not_applicable,adobe-master:dynamic_attributes:custom_attributes,queue:adobe_dynamic_eav_promotion,DEFERRED_REVIEW,"SECOND_PASS_RESEARCH; Frozen Adobe master classification; no cross-platform equivalence asserted."
46e3e1f90dd9e349326db391f305ad31234b1e058a1f2ca368eef7ce38566dbd,adobe-v1-afbf393f380d8809,adobe_commerce,docs/data/adobe_commerce_v1_inventory_master.csv,46,d542e40a3d14aa2430094d455eeacd4ead7e596fb83400f3eb7d9aa98ff8b88b,"Adobe Commerce 2.4.9 / services current at frozen snapshot","Import + Admin REST + live discovery",product_capability,manufacturer,not_applicable,"edition=Live target schema;cluster=dynamic_attributes;review=INITIAL_RESEARCH",not_applicable,adobe:atom:master:manufacturer,adobe:dynamic_attributes:manufacturer,REUSABLE_SEMANTIC,ProductData,eav_bound_semantic_candidate,ProductOrProviderContext,scalar_or_context,surface_defined,surface_defined,not_applicable,not_applicable,adobe-master:dynamic_attributes:manufacturer,not_applicable,PROVIDER_VERIFIED,"INITIAL_RESEARCH; Frozen Adobe master classification; no cross-platform equivalence asserted."
3dff810be5129cf7e429d80ef6e9ee552561a3b6590796c0a44c50eefe27d663,adobe-v1-afbf393f380d8809,adobe_commerce,docs/data/adobe_commerce_v1_inventory_master.csv,47,ba08a173f94d8f659eb8728f52a734b88526435014408011636efaab28063f92,"Adobe Commerce 2.4.9 / services current at frozen snapshot","Import + Admin REST + live discovery",product_capability,material,not_applicable,"edition=Live target schema;cluster=dynamic_attributes;review=INITIAL_RESEARCH",not_applicable,adobe:atom:master:material,adobe:dynamic_attributes:material,REUSABLE_SEMANTIC,ProductData,eav_bound_semantic_candidate,ProductOrProviderContext,scalar_or_context,surface_defined,surface_defined,not_applicable,not_applicable,adobe-master:dynamic_attributes:material,not_applicable,PROVIDER_VERIFIED,"INITIAL_RESEARCH; Frozen Adobe master classification; no cross-platform equivalence asserted."
9a69dcf4d767a650462f447ea91e2fefe19221f096f9ab2d31282db1c8c777fa,adobe-v1-afbf393f380d8809,adobe_commerce,docs/data/adobe_commerce_v1_inventory_master.csv,48,399e9f9c40eae8e9f69d4345167f90460b0a48784f12bd578146fe52d6a5bb5c,"Adobe Commerce 2.4.9 / services current at frozen snapshot","Import + Admin REST + live discovery",product_capability,color,not_applicable,"edition=Live target schema;cluster=dynamic_attributes;review=INITIAL_RESEARCH",not_applicable,adobe:atom:master:color,adobe:dynamic_attributes:color,REUSABLE_SEMANTIC,ProductData,eav_bound_semantic_candidate,ProductOrProviderContext,scalar_or_context,surface_defined,surface_defined,not_applicable,not_applicable,adobe-master:dynamic_attributes:color,not_applicable,PROVIDER_VERIFIED,"INITIAL_RESEARCH; Frozen Adobe master classification; no cross-platform equivalence asserted."
0c20430f2ee69944b72f1fa7e7a773bfc431d349a9426f235bf25625efee84f0,adobe-v1-afbf393f380d8809,adobe_commerce,docs/data/adobe_commerce_v1_inventory_master.csv,49,08db2e02c0ff1b01e72b047cae150b86bc5e36560f94d4b914f90c2c4e4c29f2,"Adobe Commerce 2.4.9 / services current at frozen snapshot","Import + Admin REST + live discovery",product_capability,size,not_applicable,"edition=Live target schema;cluster=dynamic_attributes;review=INITIAL_RESEARCH",not_applicable,adobe:atom:master:size,adobe:dynamic_attributes:size,REUSABLE_SEMANTIC,ProductData,eav_bound_semantic_candidate,ProductOrProviderContext,scalar_or_context,surface_defined,surface_defined,not_applicable,not_applicable,adobe-master:dynamic_attributes:size,not_applicable,PROVIDER_VERIFIED,"INITIAL_RESEARCH; Frozen Adobe master classification; no cross-platform equivalence asserted."
ae198dbfc398f835300a0649c63a70ede2f86495bb7fa39c279160a18c2cbfba,adobe-v1-afbf393f380d8809,adobe_commerce,docs/data/adobe_commerce_v1_inventory_master.csv,50,3927d7061c7a3541644ca5906a3d2fb652bf595f3d4759b45711b924fd68d002,"Adobe Commerce 2.4.9 / services current at frozen snapshot","Import + Admin REST + live discovery",product_capability,instructions,not_applicable,"edition=Live target schema;cluster=dynamic_attributes;review=INITIAL_RESEARCH",not_applicable,adobe:atom:master:instructions,adobe:dynamic_attributes:instructions,REUSABLE_SEMANTIC,ProductData,eav_bound_semantic_candidate,ProductOrProviderContext,scalar_or_context,surface_defined,surface_defined,not_applicable,not_applicable,adobe-master:dynamic_attributes:instructions,not_applicable,PROVIDER_VERIFIED,"INITIAL_RESEARCH; Frozen Adobe master classification; no cross-platform equivalence asserted."
41ba1f436ee15ecafef9de2f3fcaa891ca812af3861f8596124afefc099737c1,adobe-v1-afbf393f380d8809,adobe_commerce,docs/data/adobe_commerce_v1_inventory_master.csv,51,16fa5ba703a05985aea65f2eefe739c8e87ca8394cb4a3861cf2f9bb08d08337,"Adobe Commerce 2.4.9 / services current at frozen snapshot","Import + Admin REST + live discovery",product_capability,gtin,not_applicable,"edition=Live target schema;cluster=dynamic_attributes;review=INITIAL_RESEARCH",not_applicable,adobe:atom:master:gtin,adobe:dynamic_attributes:gtin,REUSABLE_SEMANTIC,ProductData,eav_bound_semantic_candidate,ProductOrProviderContext,scalar_or_context,surface_defined,surface_defined,not_applicable,not_applicable,adobe-master:dynamic_attributes:gtin,not_applicable,PROVIDER_VERIFIED,"INITIAL_RESEARCH; Frozen Adobe master classification; no cross-platform equivalence asserted."
6e6906c518fdb7af26f09616dc131c41c602c765e5a0af118409855097f11d22,adobe-v1-afbf393f380d8809,adobe_commerce,docs/data/adobe_commerce_v1_inventory_master.csv,52,02280894fb5a0a1c901c845b1af65c66790af8019df8cd297ef4a6481cab27f6,"Adobe Commerce 2.4.9 / services current at frozen snapshot","Import + Admin REST + live discovery",product_capability,mpn,not_applicable,"edition=Live target schema;cluster=dynamic_attributes;review=INITIAL_RESEARCH",not_applicable,adobe:atom:master:mpn,adobe:dynamic_attributes:mpn,REUSABLE_SEMANTIC,ProductData,eav_bound_semantic_candidate,ProductOrProviderContext,scalar_or_context,surface_defined,surface_defined,not_applicable,not_applicable,adobe-master:dynamic_attributes:mpn,not_applicable,PROVIDER_VERIFIED,"INITIAL_RESEARCH; Frozen Adobe master classification; no cross-platform equivalence asserted."
f22cecdbfa76cf9ed5823bcbcec5ff34a4c7c53a9c66ed77b6287961ed79c802,adobe-v1-afbf393f380d8809,adobe_commerce,docs/data/adobe_commerce_v1_inventory_master.csv,53,0e275b612c1d94d54c2b7e52acb6f7c572cf32a702776344347798c06657de6d,"Adobe Commerce 2.4.9 / services current at frozen snapshot","Import + Admin REST + live discovery",product_capability,brand,not_applicable,"edition=Live target schema;cluster=dynamic_attributes;review=INITIAL_RESEARCH",not_applicable,adobe:atom:master:brand,adobe:dynamic_attributes:brand,REUSABLE_SEMANTIC,ProductData,eav_bound_semantic_candidate,ProductOrProviderContext,scalar_or_context,surface_defined,surface_defined,not_applicable,not_applicable,adobe-master:dynamic_attributes:brand,not_applicable,PROVIDER_VERIFIED,"INITIAL_RESEARCH; Frozen Adobe master classification; no cross-platform equivalence asserted."
b00acd999f7c1ca8aabfa5fb21d44f10588e79d14d44e5307d69ea23ccd413a5,adobe-v1-afbf393f380d8809,adobe_commerce,docs/data/adobe_commerce_v1_inventory_master.csv,54,1dfada30027ca7647bb2c8439a08df0cd9c26fc846d31028216f0d239f409f8d,"Adobe Commerce 2.4.9 / services current at frozen snapshot","Experience League RMA configuration; exact Admin REST write key unresolved",product_capability,rma_eligibility,not_applicable,"edition=Adobe Commerce only;cluster=fulfillment_policy;review=QUALIFIED_RESEARCH",not_applicable,adobe:atom:master:rma_eligibility,adobe:fulfillment_policy:rma_eligibility,DOMAIN_CAPABILITY,Returns,provider_domain_capability,ProductOrProviderContext,provider_typed_or_structured,surface_defined,not_proven,not_applicable,not_applicable,adobe-master:fulfillment_policy:rma_eligibility,queue:adobe_rma_write_identity,DEFERRED_REVIEW,"QUALIFIED_RESEARCH; Frozen Adobe master classification; no cross-platform equivalence asserted."
545f6b976d6e30ff4f96f97d0c8673208e87bb2f27ba330b48eaeb4fb5a59182,adobe-v1-afbf393f380d8809,adobe_commerce,docs/data/adobe_commerce_v1_inventory_master.csv,55,24c0a113e93008a974444b548c9c4d8c911038ca871a7b94f9d2137903cf73be,"Adobe Commerce 2.4.9 / services current at frozen snapshot","Import / Admin REST",product_capability,gift_message_available,not_applicable,"edition=PaaS/Magento Open Source;cluster=gift_and_merchandising;review=INITIAL_RESEARCH",not_applicable,adobe:atom:master:gift_message_available,adobe:gift_and_merchandising:gift_message_available,DOMAIN_CAPABILITY,Merchandising,provider_domain_capability,ProductOrProviderContext,scalar_or_context,surface_defined,surface_defined,not_applicable,not_applicable,adobe-master:gift_and_merchandising:gift_message_available,not_applicable,PROVIDER_VERIFIED,"INITIAL_RESEARCH; Frozen Adobe master classification; no cross-platform equivalence asserted."
009e7731486dce444bf46740a29a7348b26f4f5e157822399d5e4dd17f09fd03,adobe-v1-afbf393f380d8809,adobe_commerce,docs/data/adobe_commerce_v1_inventory_master.csv,56,dd2ce79ecbd74e20e361ed548f1acb23a8cfd567aae14327064068794a0cdbcf,"Adobe Commerce 2.4.9 / services current at frozen snapshot","Experience League product gift options; exact Admin REST write key unresolved",product_capability,gift_wrapping_capability,not_applicable,"edition=Adobe Commerce only;cluster=gift_and_merchandising;review=QUALIFIED_RESEARCH",not_applicable,adobe:atom:master:gift_wrapping_capability,adobe:gift_and_merchandising:gift_wrapping_capability,DOMAIN_CAPABILITY,Merchandising,provider_domain_capability,ProductOrProviderContext,provider_typed_or_structured,surface_defined,not_proven,not_applicable,not_applicable,adobe-master:gift_and_merchandising:gift_wrapping_capability,queue:adobe_gift_wrap_write_identity,DEFERRED_REVIEW,"QUALIFIED_RESEARCH; Frozen Adobe master classification; no cross-platform equivalence asserted."
361bbff82c2a69389a27cbfd9ed5f4140d8b2ddfe11f86dfa96ae75d19cf36b7,adobe-v1-afbf393f380d8809,adobe_commerce,docs/data/adobe_commerce_v1_inventory_master.csv,57,dd7d8f721c0d493a9bbd01bf5a0a1b33affc7f03c5953eeca3ddb42dd5e866ac,"Adobe Commerce 2.4.9 / services current at frozen snapshot","Import + core GraphQL + Admin REST",product_capability,giftcard_type,not_applicable,"edition=Adobe Commerce;cluster=gift_card_product;review=INITIAL_RESEARCH",not_applicable,adobe:atom:master:giftcard_type,adobe:gift_card_product:giftcard_type,DOMAIN_CAPABILITY,GiftCard,provider_domain_capability,ProductOrProviderContext,provider_typed_or_structured,surface_defined,surface_defined,not_applicable,not_applicable,adobe-master:gift_card_product:giftcard_type,not_applicable,PROVIDER_VERIFIED,"INITIAL_RESEARCH; Frozen Adobe master classification; no cross-platform equivalence asserted."
a8fe83af199ec327198d6817ef67000910a28d21ec24f6704916127b86a7d989,adobe-v1-afbf393f380d8809,adobe_commerce,docs/data/adobe_commerce_v1_inventory_master.csv,58,5a47a3e85810ac6da06cbfec76da410050ca772a106c2b92d00d950b83dded4d,"Adobe Commerce 2.4.9 / services current at frozen snapshot","Import + core GraphQL + Admin REST",product_capability,giftcard_allow_open_amount,not_applicable,"edition=Adobe Commerce;cluster=gift_card_product;review=INITIAL_RESEARCH",not_applicable,adobe:atom:master:giftcard_allow_open_amount,adobe:gift_card_product:giftcard_allow_open_amount,DOMAIN_CAPABILITY,GiftCard,provider_domain_capability,ProductOrProviderContext,provider_typed_or_structured,surface_defined,surface_defined,not_applicable,not_applicable,adobe-master:gift_card_product:giftcard_allow_open_amount,not_applicable,PROVIDER_VERIFIED,"INITIAL_RESEARCH; Frozen Adobe master classification; no cross-platform equivalence asserted."
56fc3f6e4626be78dc96b377f881a2b4e96e9608c25cfc0c7639fefc5e7271d2,adobe-v1-afbf393f380d8809,adobe_commerce,docs/data/adobe_commerce_v1_inventory_master.csv,59,87443e188f52671e8df814e7f28d4456572c6a3b7129c45b41711dd57f28dd24,"Adobe Commerce 2.4.9 / services current at frozen snapshot","Import + core GraphQL + Admin REST",product_capability,giftcard_open_amount_min,not_applicable,"edition=Adobe Commerce;cluster=gift_card_product;review=INITIAL_RESEARCH",not_applicable,adobe:atom:master:giftcard_open_amount_min,adobe:gift_card_product:giftcard_open_amount_min,DOMAIN_CAPABILITY,GiftCard,provider_domain_capability,ProductOrProviderContext,provider_typed_or_structured,surface_defined,surface_defined,not_applicable,not_applicable,adobe-master:gift_card_product:giftcard_open_amount_min,not_applicable,PROVIDER_VERIFIED,"INITIAL_RESEARCH; Frozen Adobe master classification; no cross-platform equivalence asserted."
1face4f3c8e0a99ab4f79c631b7ca64d53ef39d94642704a1e9126e3948778da,adobe-v1-afbf393f380d8809,adobe_commerce,docs/data/adobe_commerce_v1_inventory_master.csv,60,c8c1749e25f73b8df76d911a6c82eae815b11bce7a6f2c3415bf26ffa6ca81f3,"Adobe Commerce 2.4.9 / services current at frozen snapshot","Import + core GraphQL + Admin REST",product_capability,giftcard_open_amount_max,not_applicable,"edition=Adobe Commerce;cluster=gift_card_product;review=INITIAL_RESEARCH",not_applicable,adobe:atom:master:giftcard_open_amount_max,adobe:gift_card_product:giftcard_open_amount_max,DOMAIN_CAPABILITY,GiftCard,provider_domain_capability,ProductOrProviderContext,provider_typed_or_structured,surface_defined,surface_defined,not_applicable,not_applicable,adobe-master:gift_card_product:giftcard_open_amount_max,not_applicable,PROVIDER_VERIFIED,"INITIAL_RESEARCH; Frozen Adobe master classification; no cross-platform equivalence asserted."
c5a92ef4605c2e421b12187991c3a79089df2258feeccb52ce1889c87832b4bb,adobe-v1-afbf393f380d8809,adobe_commerce,docs/data/adobe_commerce_v1_inventory_master.csv,61,7a1ec17adf621742a55845029e4ad09cb6d9ee2c8e9317bdff731ccf39a1de07,"Adobe Commerce 2.4.9 / services current at frozen snapshot","Import API flat preset amount array",product_capability,giftcard_amount,not_applicable,"edition=Adobe Commerce;cluster=gift_card_product;review=THIRD_PASS_RESEARCH",not_applicable,adobe:atom:master:giftcard_amount,adobe:alias:giftcard_amount,DOMAIN_CAPABILITY,GiftCard,provider_domain_capability,ProductOrProviderContext,provider_typed_or_structured,surface_defined,surface_defined,not_applicable,not_applicable,adobe-master:gift_card_product:giftcard_amount,not_applicable,PROVIDER_VERIFIED,"THIRD_PASS_RESEARCH; Frozen Adobe master classification; no cross-platform equivalence asserted."
1e991d3128e15e2bda7df0b9a3890952e7424f2e9d2490f487e3bbba3cbc3cf0,adobe-v1-afbf393f380d8809,adobe_commerce,docs/data/adobe_commerce_v1_inventory_master.csv,62,7e16db712254a56c0daabef69308e98241a877c74b8d7f68d54465ad02a93558,"Adobe Commerce 2.4.9 / services current at frozen snapshot","Import + core GraphQL + Admin REST",product_capability,use_config_is_redeemable,not_applicable,"edition=Adobe Commerce;cluster=gift_card_product;review=INITIAL_RESEARCH",not_applicable,adobe:atom:master:use_config_is_redeemable,adobe:gift_card_product:use_config_is_redeemable,DOMAIN_CAPABILITY,GiftCard,provider_domain_capability,ProductOrProviderContext,provider_typed_or_structured,surface_defined,surface_defined,not_applicable,not_applicable,adobe-master:gift_card_product:use_config_is_redeemable,not_applicable,PROVIDER_VERIFIED,"INITIAL_RESEARCH; Frozen Adobe master classification; no cross-platform equivalence asserted."
4320b637d2dfb106980b6b063e4719b4cb5ec7b51a379bdde2ccec30a879ad67,adobe-v1-afbf393f380d8809,adobe_commerce,docs/data/adobe_commerce_v1_inventory_master.csv,63,fef80bf6eaa5e907e631ddd951987d6d3831f5e03fa84fc5adafbfe514734799,"Adobe Commerce 2.4.9 / services current at frozen snapshot","Import + core GraphQL + Admin REST",product_capability,giftcard_is_redeemable,not_applicable,"edition=Adobe Commerce;cluster=gift_card_product;review=INITIAL_RESEARCH",not_applicable,adobe:atom:master:giftcard_is_redeemable,adobe:gift_card_product:giftcard_is_redeemable,DOMAIN_CAPABILITY,GiftCard,provider_domain_capability,ProductOrProviderContext,provider_typed_or_structured,surface_defined,surface_defined,not_applicable,not_applicable,adobe-master:gift_card_product:giftcard_is_redeemable,not_applicable,PROVIDER_VERIFIED,"INITIAL_RESEARCH; Frozen Adobe master classification; no cross-platform equivalence asserted."
6d7d8bbf884a8b825c9da2240e70aaf4d0af93c50dcb56e0596c8130f87cd314,adobe-v1-afbf393f380d8809,adobe_commerce,docs/data/adobe_commerce_v1_inventory_master.csv,64,a876f0d039916b792843ffc915cba4569e745cefd7cb6f5c780da5aebd95b5ec,"Adobe Commerce 2.4.9 / services current at frozen snapshot","Import + core GraphQL + Admin REST",product_capability,use_config_lifetime,not_applicable,"edition=Adobe Commerce;cluster=gift_card_product;review=INITIAL_RESEARCH",not_applicable,adobe:atom:master:use_config_lifetime,adobe:gift_card_product:use_config_lifetime,DOMAIN_CAPABILITY,GiftCard,provider_domain_capability,ProductOrProviderContext,provider_typed_or_structured,surface_defined,surface_defined,not_applicable,not_applicable,adobe-master:gift_card_product:use_config_lifetime,not_applicable,PROVIDER_VERIFIED,"INITIAL_RESEARCH; Frozen Adobe master classification; no cross-platform equivalence asserted."
d35faf10e91154ba0992960aa199e67e96cd6d1354849716db217c7f7063d057,adobe-v1-afbf393f380d8809,adobe_commerce,docs/data/adobe_commerce_v1_inventory_master.csv,65,974a7f36d349fbed4c9d48b7addf1fc07da65b1151aa3fffed2747a81c3530aa,"Adobe Commerce 2.4.9 / services current at frozen snapshot","Import + core GraphQL + Admin REST",product_capability,giftcard_lifetime,not_applicable,"edition=Adobe Commerce;cluster=gift_card_product;review=INITIAL_RESEARCH",not_applicable,adobe:atom:master:giftcard_lifetime,adobe:gift_card_product:giftcard_lifetime,DOMAIN_CAPABILITY,GiftCard,provider_domain_capability,ProductOrProviderContext,provider_typed_or_structured,surface_defined,surface_defined,not_applicable,not_applicable,adobe-master:gift_card_product:giftcard_lifetime,not_applicable,PROVIDER_VERIFIED,"INITIAL_RESEARCH; Frozen Adobe master classification; no cross-platform equivalence asserted."
75bd30654db038a5050e4fa0557e90f16fbbffbdcb21b284d00bf4fdd4f15767,adobe-v1-afbf393f380d8809,adobe_commerce,docs/data/adobe_commerce_v1_inventory_master.csv,66,22fef931ef4e99b72e5396409e6301acc0bd26e6c4251e72d76c5bd6e3f48767,"Adobe Commerce 2.4.9 / services current at frozen snapshot","Import + core GraphQL + Admin REST",product_capability,use_config_allow_message,not_applicable,"edition=Adobe Commerce;cluster=gift_card_product;review=INITIAL_RESEARCH",not_applicable,adobe:atom:master:use_config_allow_message,adobe:gift_card_product:use_config_allow_message,DOMAIN_CAPABILITY,GiftCard,provider_domain_capability,ProductOrProviderContext,provider_typed_or_structured,surface_defined,surface_defined,not_applicable,not_applicable,adobe-master:gift_card_product:use_config_allow_message,not_applicable,PROVIDER_VERIFIED,"INITIAL_RESEARCH; Frozen Adobe master classification; no cross-platform equivalence asserted."
2817248adf7ab67171fe62fdbb42f907bb2d80682727fd4c159b89bb42852e64,adobe-v1-afbf393f380d8809,adobe_commerce,docs/data/adobe_commerce_v1_inventory_master.csv,67,7e6bb233e7f0625b208868cccbc51eb355c58cd9ee6fa26782e18a2adaee107c,"Adobe Commerce 2.4.9 / services current at frozen snapshot","Import + core GraphQL + Admin REST",product_capability,giftcard_allow_message,not_applicable,"edition=Adobe Commerce;cluster=gift_card_product;review=INITIAL_RESEARCH",not_applicable,adobe:atom:master:giftcard_allow_message,adobe:gift_card_product:giftcard_allow_message,DOMAIN_CAPABILITY,GiftCard,provider_domain_capability,ProductOrProviderContext,provider_typed_or_structured,surface_defined,surface_defined,not_applicable,not_applicable,adobe-master:gift_card_product:giftcard_allow_message,not_applicable,PROVIDER_VERIFIED,"INITIAL_RESEARCH; Frozen Adobe master classification; no cross-platform equivalence asserted."
c6ea90c71add1222bb50dde68ab373e8ded1e4105a1aa2e71fd1701258ba170b,adobe-v1-afbf393f380d8809,adobe_commerce,docs/data/adobe_commerce_v1_inventory_master.csv,68,bc65bda9732eda31f4e614633832f608c05bdc9fcedb41dad636b8611a02bf2d,"Adobe Commerce 2.4.9 / services current at frozen snapshot","Import + core GraphQL + Admin REST",product_capability,use_config_email_template,not_applicable,"edition=Adobe Commerce;cluster=gift_card_product;review=INITIAL_RESEARCH",not_applicable,adobe:atom:master:use_config_email_template,adobe:gift_card_product:use_config_email_template,DOMAIN_CAPABILITY,GiftCard,provider_domain_capability,ProductOrProviderContext,provider_typed_or_structured,surface_defined,surface_defined,not_applicable,not_applicable,adobe-master:gift_card_product:use_config_email_template,not_applicable,PROVIDER_VERIFIED,"INITIAL_RESEARCH; Frozen Adobe master classification; no cross-platform equivalence asserted."
18952dcb983f83d37cd48323b770e7b4f19626228c6fe7f466f18887f9902425,adobe-v1-afbf393f380d8809,adobe_commerce,docs/data/adobe_commerce_v1_inventory_master.csv,69,befea1bf2e996e30c2b9e00081b3644f5f9120f67877f54a7d315d80ef9b9cee,"Adobe Commerce 2.4.9 / services current at frozen snapshot","Import + core GraphQL + Admin REST",product_capability,giftcard_email_template,not_applicable,"edition=Adobe Commerce;cluster=gift_card_product;review=INITIAL_RESEARCH",not_applicable,adobe:atom:master:giftcard_email_template,adobe:gift_card_product:giftcard_email_template,DOMAIN_CAPABILITY,GiftCard,provider_domain_capability,ProductOrProviderContext,provider_typed_or_structured,surface_defined,surface_defined,not_applicable,not_applicable,adobe-master:gift_card_product:giftcard_email_template,not_applicable,PROVIDER_VERIFIED,"INITIAL_RESEARCH; Frozen Adobe master classification; no cross-platform equivalence asserted."
290f6ab24e41417641cdf50d13e2f9a97f7fcc909838b55e93b60589a73e4bc0,adobe-v1-afbf393f380d8809,adobe_commerce,docs/data/adobe_commerce_v1_inventory_master.csv,70,75eeded9d8f0aaca8ff48e1ea7f273071b92608a897d1fe83d39ddd3ed937288,"Adobe Commerce 2.4.9 / services current at frozen snapshot","Import + core GraphQL + Admin REST",product_capability,gift_card_product,not_applicable,"edition=Adobe Commerce;cluster=gift_card_product;review=INITIAL_RESEARCH",not_applicable,adobe:atom:master:gift_card_product,adobe:gift_card_product:gift_card_product,DOMAIN_CAPABILITY,GiftCard,provider_domain_capability,ProductOrProviderContext,provider_typed_or_structured,surface_defined,surface_defined,not_applicable,not_applicable,adobe-master:gift_card_product:gift_card_product,not_applicable,PROVIDER_VERIFIED,"INITIAL_RESEARCH; Frozen Adobe master classification; no cross-platform equivalence asserted."
91e8eac45d4b3ce1589710012ff1b65686b71204769753fc20d837b89c42dc87,adobe-v1-afbf393f380d8809,adobe_commerce,docs/data/adobe_commerce_v1_inventory_master.csv,71,8df633448ecde8c6cd6bce4724cefc9527a173e3ab87d0411e7303452c86befa,"Adobe Commerce 2.4.9 / services current at frozen snapshot","Import API grouped-product representation",product_capability,associated_skus,not_applicable,"edition=PaaS/Magento Open Source;cluster=grouped_composition;review=THIRD_PASS_RESEARCH",not_applicable,adobe:atom:master:associated_skus,adobe:alias:grouped_composition,DOMAIN_CAPABILITY,GroupedComposition,provider_domain_capability,ProductOrProviderContext,provider_typed_or_structured,surface_defined,surface_defined,not_applicable,not_applicable,adobe-master:grouped_composition:associated_skus,queue:adobe_composition_mapping,DEFERRED_REVIEW,"THIRD_PASS_RESEARCH; Frozen Adobe master classification; no cross-platform equivalence asserted."
3dea5fe70c80358b77544749ff4646e4614ecd475bf4ab3d084dd767802864de,adobe-v1-afbf393f380d8809,adobe_commerce,docs/data/adobe_commerce_v1_inventory_master.csv,72,48d5363dd03930bcf12d47b104d2b03fac314d219860b81444af79169aadfe33,"Adobe Commerce 2.4.9 / services current at frozen snapshot","Import + Admin REST + GraphQL",product_capability,sku,not_applicable,"edition=PaaS/Magento Open Source;cluster=identity_lifecycle;review=INITIAL_RESEARCH",not_applicable,adobe:atom:master:sku,adobe:identity_lifecycle:sku,REUSABLE_SEMANTIC,ProductData,provider_field_candidate,ProductOrProviderContext,scalar_or_context,surface_defined,surface_defined,not_applicable,not_applicable,adobe-master:identity_lifecycle:sku,not_applicable,PROVIDER_VERIFIED,"INITIAL_RESEARCH; Frozen Adobe master classification; no cross-platform equivalence asserted."
bb60ca59c7757e525cc2c51df02457b74f81cc8d15fa4c16d6fd490571a6b420,adobe-v1-afbf393f380d8809,adobe_commerce,docs/data/adobe_commerce_v1_inventory_master.csv,73,a104e36fc5096e4109d0243e285db8c1f7097fbd0e26b80075bd1ea84a26a474,"Adobe Commerce 2.4.9 / services current at frozen snapshot","Import + Admin REST + GraphQL",product_capability,created_at,not_applicable,"edition=PaaS/Magento Open Source;cluster=identity_lifecycle;review=INITIAL_RESEARCH",not_applicable,adobe:atom:master:created_at,adobe:identity_lifecycle:created_at,DERIVED_PROJECTION,Connector,provider_metadata_projection,ProductOrProviderContext,scalar_or_context,read_projection,read_only,not_applicable,not_applicable,adobe-master:identity_lifecycle:created_at,not_applicable,PROVIDER_VERIFIED,"INITIAL_RESEARCH; Frozen Adobe master classification; no cross-platform equivalence asserted."
71b7f7013bb243c25833c38a6227ab12572d226b1d26e9879492d2abe36b7fd1,adobe-v1-afbf393f380d8809,adobe_commerce,docs/data/adobe_commerce_v1_inventory_master.csv,74,dd3d1ca351ee1dce04ed3ee268aa83055f154a5748d308ccd54090d63a8ebca7,"Adobe Commerce 2.4.9 / services current at frozen snapshot","Import + Admin REST + GraphQL",product_capability,updated_at,not_applicable,"edition=PaaS/Magento Open Source;cluster=identity_lifecycle;review=INITIAL_RESEARCH",not_applicable,adobe:atom:master:updated_at,adobe:identity_lifecycle:updated_at,DERIVED_PROJECTION,Connector,provider_metadata_projection,ProductOrProviderContext,scalar_or_context,read_projection,read_only,not_applicable,not_applicable,adobe-master:identity_lifecycle:updated_at,not_applicable,PROVIDER_VERIFIED,"INITIAL_RESEARCH; Frozen Adobe master classification; no cross-platform equivalence asserted."
f78d8799fa6593af2f69918bd76e9fb53e03c76bebc4c73b238826af7e5edde8,adobe-v1-afbf393f380d8809,adobe_commerce,docs/data/adobe_commerce_v1_inventory_master.csv,75,a5b4249f5861bb0da66edef2afc15e62064fee736a849129a05d19bc271f2fe5,"Adobe Commerce 2.4.9 / services current at frozen snapshot","Import + Admin REST + GraphQL",product_capability,entity_id,not_applicable,"edition=PaaS/Magento Open Source;cluster=identity_lifecycle;review=INITIAL_RESEARCH",not_applicable,adobe:atom:master:entity_id,adobe:identity_lifecycle:entity_id,EXTERNAL_IDENTITY,Connector,external_record_identity,ProductOrProviderContext,scalar_or_context,surface_defined,surface_defined,not_applicable,not_applicable,adobe-master:identity_lifecycle:entity_id,not_applicable,PROVIDER_VERIFIED,"INITIAL_RESEARCH; Frozen Adobe master classification; no cross-platform equivalence asserted."
3e6c49940c63c852f35c0d7dd914223e80c7c694729ca6a40dc865651e32224c,adobe-v1-afbf393f380d8809,adobe_commerce,docs/data/adobe_commerce_v1_inventory_master.csv,76,eb4a67024812ea5f8258d817b2f354e3fb5eba8b8d210eb501bfba6f9a159f06,"Adobe Commerce 2.4.9 / services current at frozen snapshot","Import + Inventory REST",product_capability,qty,not_applicable,"edition=PaaS/Magento Open Source;cluster=inventory_availability;review=INITIAL_RESEARCH",not_applicable,adobe:atom:master:qty,adobe:inventory_availability:qty,DOMAIN_CAPABILITY,Availability,provider_domain_capability,ProductOrProviderContext,provider_typed_or_structured,surface_defined,surface_defined,not_applicable,not_applicable,adobe-master:inventory_availability:qty,not_applicable,PROVIDER_VERIFIED,"INITIAL_RESEARCH; Frozen Adobe master classification; no cross-platform equivalence asserted."
8b7ac4ac151f4774b544b70fb00bc4e6dbf13db8cff6564f71655d3c8e1f9d6e,adobe-v1-afbf393f380d8809,adobe_commerce,docs/data/adobe_commerce_v1_inventory_master.csv,77,fa309b9effb88a1226d7440245b7462861b8155ccaef3e0e9a85378bee6e7920,"Adobe Commerce 2.4.9 / services current at frozen snapshot","Import + Inventory REST",product_capability,out_of_stock_qty,not_applicable,"edition=PaaS/Magento Open Source;cluster=inventory_availability;review=INITIAL_RESEARCH",not_applicable,adobe:atom:master:out_of_stock_qty,adobe:inventory_availability:out_of_stock_qty,DOMAIN_CAPABILITY,Availability,provider_domain_capability,ProductOrProviderContext,provider_typed_or_structured,surface_defined,surface_defined,not_applicable,not_applicable,adobe-master:inventory_availability:out_of_stock_qty,not_applicable,PROVIDER_VERIFIED,"INITIAL_RESEARCH; Frozen Adobe master classification; no cross-platform equivalence asserted."
952a65dab5ae91d66d0dc67726a8f671c9d86868ed1bb38be050af0be7a11d8c,adobe-v1-afbf393f380d8809,adobe_commerce,docs/data/adobe_commerce_v1_inventory_master.csv,78,d7fd7b7f8d1fd08de8df857d24d7adefc9f78be9bdfb6cd5d7d5d0c6c2934c48,"Adobe Commerce 2.4.9 / services current at frozen snapshot","Import + Inventory REST",product_capability,use_config_min_qty,not_applicable,"edition=PaaS/Magento Open Source;cluster=inventory_availability;review=INITIAL_RESEARCH",not_applicable,adobe:atom:master:use_config_min_qty,adobe:inventory_availability:use_config_min_qty,DOMAIN_CAPABILITY,Availability,provider_domain_capability,ProductOrProviderContext,provider_typed_or_structured,surface_defined,surface_defined,not_applicable,not_applicable,adobe-master:inventory_availability:use_config_min_qty,not_applicable,PROVIDER_VERIFIED,"INITIAL_RESEARCH; Frozen Adobe master classification; no cross-platform equivalence asserted."
d7deb1248a4da402609b22a2a261dea044218cf07201eeb16dfac3334b298353,adobe-v1-afbf393f380d8809,adobe_commerce,docs/data/adobe_commerce_v1_inventory_master.csv,79,0ea90cc9326287ba5e8b8dbb6664a91d7026ff5a81b35d28d6ab137ecdf9b4c8,"Adobe Commerce 2.4.9 / services current at frozen snapshot","Import + Inventory REST",product_capability,is_qty_decimal,not_applicable,"edition=PaaS/Magento Open Source;cluster=inventory_availability;review=INITIAL_RESEARCH",not_applicable,adobe:atom:master:is_qty_decimal,adobe:inventory_availability:is_qty_decimal,DOMAIN_CAPABILITY,Availability,provider_domain_capability,ProductOrProviderContext,provider_typed_or_structured,surface_defined,surface_defined,not_applicable,not_applicable,adobe-master:inventory_availability:is_qty_decimal,not_applicable,PROVIDER_VERIFIED,"INITIAL_RESEARCH; Frozen Adobe master classification; no cross-platform equivalence asserted."
af0066d876ee313178cf8870cc2e22520e020236ff3aa9e768aaa9c0e1c99d65,adobe-v1-afbf393f380d8809,adobe_commerce,docs/data/adobe_commerce_v1_inventory_master.csv,80,5de5b7b2a33192f4fde039b39af5c10e57dfe81da3371bd9ab7e1a6b1e3dee8e,"Adobe Commerce 2.4.9 / services current at frozen snapshot","Import + Inventory REST",product_capability,allow_backorders,not_applicable,"edition=PaaS/Magento Open Source;cluster=inventory_availability;review=INITIAL_RESEARCH",not_applicable,adobe:atom:master:allow_backorders,adobe:inventory_availability:allow_backorders,DOMAIN_CAPABILITY,Availability,provider_domain_capability,ProductOrProviderContext,provider_typed_or_structured,surface_defined,surface_defined,not_applicable,not_applicable,adobe-master:inventory_availability:allow_backorders,not_applicable,PROVIDER_VERIFIED,"INITIAL_RESEARCH; Frozen Adobe master classification; no cross-platform equivalence asserted."
434d148d0be0b74623de00f77e5a9d1ccbd3a0a1c33374f520529b822fbf79e9,adobe-v1-afbf393f380d8809,adobe_commerce,docs/data/adobe_commerce_v1_inventory_master.csv,81,36717c3c4ef1380289be385633a5ddda938d0dc8a5859b4ed44e8e5d3a555407,"Adobe Commerce 2.4.9 / services current at frozen snapshot","Import + Inventory REST",product_capability,use_config_backorders,not_applicable,"edition=PaaS/Magento Open Source;cluster=inventory_availability;review=INITIAL_RESEARCH",not_applicable,adobe:atom:master:use_config_backorders,adobe:inventory_availability:use_config_backorders,DOMAIN_CAPABILITY,Availability,provider_domain_capability,ProductOrProviderContext,provider_typed_or_structured,surface_defined,surface_defined,not_applicable,not_applicable,adobe-master:inventory_availability:use_config_backorders,not_applicable,PROVIDER_VERIFIED,"INITIAL_RESEARCH; Frozen Adobe master classification; no cross-platform equivalence asserted."
8ceaf8efe1862c9520e070f385ed737ea02efec2cec5c6ed7e4df12f35f159ab,adobe-v1-afbf393f380d8809,adobe_commerce,docs/data/adobe_commerce_v1_inventory_master.csv,82,bf26e7e0d448a1c3cd62a47166381b411eaf2e31f250744925fa31a87b08f0a4,"Adobe Commerce 2.4.9 / services current at frozen snapshot","Import + Inventory REST",product_capability,min_cart_qty,not_applicable,"edition=PaaS/Magento Open Source;cluster=inventory_availability;review=INITIAL_RESEARCH",not_applicable,adobe:atom:master:min_cart_qty,adobe:inventory_availability:min_cart_qty,DOMAIN_CAPABILITY,Availability,provider_domain_capability,ProductOrProviderContext,provider_typed_or_structured,surface_defined,surface_defined,not_applicable,not_applicable,adobe-master:inventory_availability:min_cart_qty,not_applicable,PROVIDER_VERIFIED,"INITIAL_RESEARCH; Frozen Adobe master classification; no cross-platform equivalence asserted."
ffdb1fb17dde80442dfa700c3cdd605c21b419abbc2e2d3c11bbe9ec5c99b83a,adobe-v1-afbf393f380d8809,adobe_commerce,docs/data/adobe_commerce_v1_inventory_master.csv,83,10f5bfe8fa90248f8bb7920db13a8f62a72e4f3c312248887508cb45c36807c1,"Adobe Commerce 2.4.9 / services current at frozen snapshot","Import + Inventory REST",product_capability,use_config_min_sale_qty,not_applicable,"edition=PaaS/Magento Open Source;cluster=inventory_availability;review=INITIAL_RESEARCH",not_applicable,adobe:atom:master:use_config_min_sale_qty,adobe:inventory_availability:use_config_min_sale_qty,DOMAIN_CAPABILITY,Availability,provider_domain_capability,ProductOrProviderContext,provider_typed_or_structured,surface_defined,surface_defined,not_applicable,not_applicable,adobe-master:inventory_availability:use_config_min_sale_qty,not_applicable,PROVIDER_VERIFIED,"INITIAL_RESEARCH; Frozen Adobe master classification; no cross-platform equivalence asserted."
aee1b7046fb59139e3531f47fa99cfcdb03d291596dce635274c97d2fb17dc44,adobe-v1-afbf393f380d8809,adobe_commerce,docs/data/adobe_commerce_v1_inventory_master.csv,84,2596998547577c9d06ed58f72c02c6c3e225ffdb59aa7db850e71048ba8e27bb,"Adobe Commerce 2.4.9 / services current at frozen snapshot","Import + Inventory REST",product_capability,max_cart_qty,not_applicable,"edition=PaaS/Magento Open Source;cluster=inventory_availability;review=INITIAL_RESEARCH",not_applicable,adobe:atom:master:max_cart_qty,adobe:inventory_availability:max_cart_qty,DOMAIN_CAPABILITY,Availability,provider_domain_capability,ProductOrProviderContext,provider_typed_or_structured,surface_defined,surface_defined,not_applicable,not_applicable,adobe-master:inventory_availability:max_cart_qty,not_applicable,PROVIDER_VERIFIED,"INITIAL_RESEARCH; Frozen Adobe master classification; no cross-platform equivalence asserted."
4a8dc7130b549885c1fefe77a36d018cea16e9d2b834843a5d772ee2bf22bb37,adobe-v1-afbf393f380d8809,adobe_commerce,docs/data/adobe_commerce_v1_inventory_master.csv,85,b82201250df262cb51b8bd22cb700ad613496e1fbc9126964a250161db95bbc4,"Adobe Commerce 2.4.9 / services current at frozen snapshot","Import + Inventory REST",product_capability,use_config_max_sale_qty,not_applicable,"edition=PaaS/Magento Open Source;cluster=inventory_availability;review=INITIAL_RESEARCH",not_applicable,adobe:atom:master:use_config_max_sale_qty,adobe:inventory_availability:use_config_max_sale_qty,DOMAIN_CAPABILITY,Availability,provider_domain_capability,ProductOrProviderContext,provider_typed_or_structured,surface_defined,surface_defined,not_applicable,not_applicable,adobe-master:inventory_availability:use_config_max_sale_qty,not_applicable,PROVIDER_VERIFIED,"INITIAL_RESEARCH; Frozen Adobe master classification; no cross-platform equivalence asserted."
568b8f69617cd1a24ef86330aaa5e9a501d893de8f110161f07717019c0234a0,adobe-v1-afbf393f380d8809,adobe_commerce,docs/data/adobe_commerce_v1_inventory_master.csv,86,45979db76b1b54b678e4fe59f8c40406e6215be3e36f0ac90c44f2f30b70c6de,"Adobe Commerce 2.4.9 / services current at frozen snapshot","Import + Inventory REST",product_capability,is_in_stock,not_applicable,"edition=PaaS/Magento Open Source;cluster=inventory_availability;review=INITIAL_RESEARCH",not_applicable,adobe:atom:master:is_in_stock,adobe:inventory_availability:is_in_stock,DOMAIN_CAPABILITY,Availability,provider_domain_capability,ProductOrProviderContext,provider_typed_or_structured,surface_defined,surface_defined,not_applicable,not_applicable,adobe-master:inventory_availability:is_in_stock,not_applicable,PROVIDER_VERIFIED,"INITIAL_RESEARCH; Frozen Adobe master classification; no cross-platform equivalence asserted."
eaaf7008d4ae0a82f0d351624fffccb77fde050f29f433d52e3c8dba4db9465b,adobe-v1-afbf393f380d8809,adobe_commerce,docs/data/adobe_commerce_v1_inventory_master.csv,87,3aff215171b820f672651d5ecc7f661d6c2d21b41835b45edd792a5f72fa0ef8,"Adobe Commerce 2.4.9 / services current at frozen snapshot","Import + Inventory REST",product_capability,notify_on_stock_below,not_applicable,"edition=PaaS/Magento Open Source;cluster=inventory_availability;review=INITIAL_RESEARCH",not_applicable,adobe:atom:master:notify_on_stock_below,adobe:inventory_availability:notify_on_stock_below,DOMAIN_CAPABILITY,Availability,provider_domain_capability,ProductOrProviderContext,provider_typed_or_structured,surface_defined,surface_defined,not_applicable,not_applicable,adobe-master:inventory_availability:notify_on_stock_below,not_applicable,PROVIDER_VERIFIED,"INITIAL_RESEARCH; Frozen Adobe master classification; no cross-platform equivalence asserted."
83b89b09f8a06a97646b0e556f8119348471381d523ea734d5a73fee0933ad08,adobe-v1-afbf393f380d8809,adobe_commerce,docs/data/adobe_commerce_v1_inventory_master.csv,88,3109a37025914fbeb9d45be30a5c01c854cef914971c49c942c7ff1d96324af8,"Adobe Commerce 2.4.9 / services current at frozen snapshot","Import + Inventory REST",product_capability,use_config_notify_stock_qty,not_applicable,"edition=PaaS/Magento Open Source;cluster=inventory_availability;review=INITIAL_RESEARCH",not_applicable,adobe:atom:master:use_config_notify_stock_qty,adobe:inventory_availability:use_config_notify_stock_qty,DOMAIN_CAPABILITY,Availability,provider_domain_capability,ProductOrProviderContext,provider_typed_or_structured,surface_defined,surface_defined,not_applicable,not_applicable,adobe-master:inventory_availability:use_config_notify_stock_qty,not_applicable,PROVIDER_VERIFIED,"INITIAL_RESEARCH; Frozen Adobe master classification; no cross-platform equivalence asserted."
10f5eee155321c561040e1483df043bdee209a01da74021ddcd5a31da4739c14,adobe-v1-afbf393f380d8809,adobe_commerce,docs/data/adobe_commerce_v1_inventory_master.csv,89,a36362ef08ff2c78ec56c734dd409b100f75d8bf97e5f642ccb47b52c933ef8a,"Adobe Commerce 2.4.9 / services current at frozen snapshot","Import + Inventory REST",product_capability,manage_stock,not_applicable,"edition=PaaS/Magento Open Source;cluster=inventory_availability;review=INITIAL_RESEARCH",not_applicable,adobe:atom:master:manage_stock,adobe:inventory_availability:manage_stock,DOMAIN_CAPABILITY,Availability,provider_domain_capability,ProductOrProviderContext,provider_typed_or_structured,surface_defined,surface_defined,not_applicable,not_applicable,adobe-master:inventory_availability:manage_stock,not_applicable,PROVIDER_VERIFIED,"INITIAL_RESEARCH; Frozen Adobe master classification; no cross-platform equivalence asserted."
050deb81eb4d24366a92051fb0f2442e2a8db8a0408db9fa14ff2355f1107e7b,adobe-v1-afbf393f380d8809,adobe_commerce,docs/data/adobe_commerce_v1_inventory_master.csv,90,8e037c636895c2078f826a9b4429a0fe2729c90163d6b7bfb8b05f2f0c174cda,"Adobe Commerce 2.4.9 / services current at frozen snapshot","Import + Inventory REST",product_capability,use_config_manage_stock,not_applicable,"edition=PaaS/Magento Open Source;cluster=inventory_availability;review=INITIAL_RESEARCH",not_applicable,adobe:atom:master:use_config_manage_stock,adobe:inventory_availability:use_config_manage_stock,DOMAIN_CAPABILITY,Availability,provider_domain_capability,ProductOrProviderContext,provider_typed_or_structured,surface_defined,surface_defined,not_applicable,not_applicable,adobe-master:inventory_availability:use_config_manage_stock,not_applicable,PROVIDER_VERIFIED,"INITIAL_RESEARCH; Frozen Adobe master classification; no cross-platform equivalence asserted."
e38c9be5884d4b6971a95ba4431eb31c34586268294ebc7d2ff08393575b601f,adobe-v1-afbf393f380d8809,adobe_commerce,docs/data/adobe_commerce_v1_inventory_master.csv,91,dad90acf002bc3a2c653bf3f9e95546ed50a4265627798f24ae0df054abf95b0,"Adobe Commerce 2.4.9 / services current at frozen snapshot","Import + Inventory REST",product_capability,use_config_qty_increments,not_applicable,"edition=PaaS/Magento Open Source;cluster=inventory_availability;review=INITIAL_RESEARCH",not_applicable,adobe:atom:master:use_config_qty_increments,adobe:inventory_availability:use_config_qty_increments,DOMAIN_CAPABILITY,Availability,provider_domain_capability,ProductOrProviderContext,provider_typed_or_structured,surface_defined,surface_defined,not_applicable,not_applicable,adobe-master:inventory_availability:use_config_qty_increments,not_applicable,PROVIDER_VERIFIED,"INITIAL_RESEARCH; Frozen Adobe master classification; no cross-platform equivalence asserted."
e1c02addde848ddcbda1774f1fa94c470dabfd18b3c291b6ef47e4cab189dbee,adobe-v1-afbf393f380d8809,adobe_commerce,docs/data/adobe_commerce_v1_inventory_master.csv,92,c3a8f469d25d7c5223b092c064b3732d1040b38623ebd68bb5116fdb0ee74c11,"Adobe Commerce 2.4.9 / services current at frozen snapshot","Import + Inventory REST",product_capability,qty_increments,not_applicable,"edition=PaaS/Magento Open Source;cluster=inventory_availability;review=INITIAL_RESEARCH",not_applicable,adobe:atom:master:qty_increments,adobe:inventory_availability:qty_increments,DOMAIN_CAPABILITY,Availability,provider_domain_capability,ProductOrProviderContext,provider_typed_or_structured,surface_defined,surface_defined,not_applicable,not_applicable,adobe-master:inventory_availability:qty_increments,not_applicable,PROVIDER_VERIFIED,"INITIAL_RESEARCH; Frozen Adobe master classification; no cross-platform equivalence asserted."
4fbe483e3600efb12937667d6d67a3fdd115ccea280ada28380ce21461b659fa,adobe-v1-afbf393f380d8809,adobe_commerce,docs/data/adobe_commerce_v1_inventory_master.csv,93,c7d14cfe14b45ac36612093c7fb9b1316848bc5ac9c9aedd7ec2a03abeb05e68,"Adobe Commerce 2.4.9 / services current at frozen snapshot","Import + Inventory REST",product_capability,use_config_enable_qty_inc,not_applicable,"edition=PaaS/Magento Open Source;cluster=inventory_availability;review=INITIAL_RESEARCH",not_applicable,adobe:atom:master:use_config_enable_qty_inc,adobe:inventory_availability:use_config_enable_qty_inc,DOMAIN_CAPABILITY,Availability,provider_domain_capability,ProductOrProviderContext,provider_typed_or_structured,surface_defined,surface_defined,not_applicable,not_applicable,adobe-master:inventory_availability:use_config_enable_qty_inc,not_applicable,PROVIDER_VERIFIED,"INITIAL_RESEARCH; Frozen Adobe master classification; no cross-platform equivalence asserted."
40d851381b8f8d53a177f88f94001c30de283c228a05658c6fbd415e0d0f189b,adobe-v1-afbf393f380d8809,adobe_commerce,docs/data/adobe_commerce_v1_inventory_master.csv,94,d0bf63a311320aef00f25cdc3f2ae5ac97a8de4a5ea568fc95f729bdecaf7dbe,"Adobe Commerce 2.4.9 / services current at frozen snapshot","Import + Inventory REST",product_capability,enable_qty_increments,not_applicable,"edition=PaaS/Magento Open Source;cluster=inventory_availability;review=INITIAL_RESEARCH",not_applicable,adobe:atom:master:enable_qty_increments,adobe:inventory_availability:enable_qty_increments,DOMAIN_CAPABILITY,Availability,provider_domain_capability,ProductOrProviderContext,provider_typed_or_structured,surface_defined,surface_defined,not_applicable,not_applicable,adobe-master:inventory_availability:enable_qty_increments,not_applicable,PROVIDER_VERIFIED,"INITIAL_RESEARCH; Frozen Adobe master classification; no cross-platform equivalence asserted."
58cb7acb0692c5218f58e3af2e519d96fcd1e911791a9f0aef269fcae340a09b,adobe-v1-afbf393f380d8809,adobe_commerce,docs/data/adobe_commerce_v1_inventory_master.csv,95,4ae88789afa1fb05fbba52189e4ea8105f9803a1f6bbdfae1daa0ad9632b5ea0,"Adobe Commerce 2.4.9 / services current at frozen snapshot","Import + Inventory REST",product_capability,is_decimal_divided,not_applicable,"edition=PaaS/Magento Open Source;cluster=inventory_availability;review=INITIAL_RESEARCH",not_applicable,adobe:atom:master:is_decimal_divided,adobe:inventory_availability:is_decimal_divided,DOMAIN_CAPABILITY,Availability,provider_domain_capability,ProductOrProviderContext,provider_typed_or_structured,surface_defined,surface_defined,not_applicable,not_applicable,adobe-master:inventory_availability:is_decimal_divided,not_applicable,PROVIDER_VERIFIED,"INITIAL_RESEARCH; Frozen Adobe master classification; no cross-platform equivalence asserted."
a4ea7e73d5753f1c6674c24672a5ce265335570e8afeb9ae79625610898532b7,adobe-v1-afbf393f380d8809,adobe_commerce,docs/data/adobe_commerce_v1_inventory_master.csv,96,a85e9691048676272a1a18eac6af5e7f236e68111abbc41d7f70fdd99a6ab16d,"Adobe Commerce 2.4.9 / services current at frozen snapshot","Import + Inventory REST",product_capability,deferred_stock_update,not_applicable,"edition=PaaS/Magento Open Source;cluster=inventory_availability;review=INITIAL_RESEARCH",not_applicable,adobe:atom:master:deferred_stock_update,adobe:inventory_availability:deferred_stock_update,DOMAIN_CAPABILITY,Availability,provider_domain_capability,ProductOrProviderContext,provider_typed_or_structured,surface_defined,surface_defined,not_applicable,not_applicable,adobe-master:inventory_availability:deferred_stock_update,not_applicable,PROVIDER_VERIFIED,"INITIAL_RESEARCH; Frozen Adobe master classification; no cross-platform equivalence asserted."
50f49c89cfbec8231e9053c0685f944056c6006512834a758bfe991398579e80,adobe-v1-afbf393f380d8809,adobe_commerce,docs/data/adobe_commerce_v1_inventory_master.csv,97,2ff00b59a3e67cb3479b6ff743201384fb3e7a52cf88e431c8a5a82e43a6c228,"Adobe Commerce 2.4.9 / services current at frozen snapshot","Import + Inventory REST",product_capability,use_config_deferred_stock_update,not_applicable,"edition=PaaS/Magento Open Source;cluster=inventory_availability;review=INITIAL_RESEARCH",not_applicable,adobe:atom:master:use_config_deferred_stock_update,adobe:inventory_availability:use_config_deferred_stock_update,DOMAIN_CAPABILITY,Availability,provider_domain_capability,ProductOrProviderContext,provider_typed_or_structured,surface_defined,surface_defined,not_applicable,not_applicable,adobe-master:inventory_availability:use_config_deferred_stock_update,not_applicable,PROVIDER_VERIFIED,"INITIAL_RESEARCH; Frozen Adobe master classification; no cross-platform equivalence asserted."
ac5a83006f493072b18afdc73100952dcdeefea4644179bfbe46664ec55bde6e,adobe-v1-afbf393f380d8809,adobe_commerce,docs/data/adobe_commerce_v1_inventory_master.csv,98,097eca7e890a1619921d6a9256386e480af0137769b4fb73db18b43c041219aa,"Adobe Commerce 2.4.9 / services current at frozen snapshot","Import + Inventory REST",product_capability,source_item,not_applicable,"edition=PaaS/Magento Open Source;cluster=inventory_availability;review=INITIAL_RESEARCH",not_applicable,adobe:atom:master:source_item,adobe:inventory_availability:source_item,DOMAIN_CAPABILITY,Availability,provider_domain_capability,ProductOrProviderContext,provider_typed_or_structured,surface_defined,surface_defined,not_applicable,not_applicable,adobe-master:inventory_availability:source_item,not_applicable,PROVIDER_VERIFIED,"INITIAL_RESEARCH; Frozen Adobe master classification; no cross-platform equivalence asserted."
f4f3b0de0059f8d033ef179f50c8741a174c5787adc03682d6760a6891819d66,adobe-v1-afbf393f380d8809,adobe_commerce,docs/data/adobe_commerce_v1_inventory_master.csv,99,c3ef13ef7379c4fc4af3ca340dcbc6325e00f9ba4226ad61b11cdbfbbad6bf74,"Adobe Commerce 2.4.9 / services current at frozen snapshot","Import + Inventory REST",product_capability,stock_and_source_assignment,not_applicable,"edition=PaaS/Magento Open Source;cluster=inventory_availability;review=INITIAL_RESEARCH",not_applicable,adobe:atom:master:stock_and_source_assignment,adobe:inventory_availability:stock_and_source_assignment,DOMAIN_CAPABILITY,Availability,provider_domain_capability,ProductOrProviderContext,provider_typed_or_structured,surface_defined,surface_defined,not_applicable,not_applicable,adobe-master:inventory_availability:stock_and_source_assignment,not_applicable,PROVIDER_VERIFIED,"INITIAL_RESEARCH; Frozen Adobe master classification; no cross-platform equivalence asserted."
ed5cc1738d3060a7eeb351c472c9f6b4553c605d831a63014596e77c0c60371a,adobe-v1-afbf393f380d8809,adobe_commerce,docs/data/adobe_commerce_v1_inventory_master.csv,100,98d56eb104d9f2d47832e86a7eb9dc4423f9853d08623e47fab3cc0468433b7f,"Adobe Commerce 2.4.9 / services current at frozen snapshot","Import + Inventory REST",product_capability,salable_quantity,not_applicable,"edition=PaaS/Magento Open Source;cluster=inventory_availability;review=INITIAL_RESEARCH",not_applicable,adobe:atom:master:salable_quantity,adobe:inventory_availability:salable_quantity,DERIVED_PROJECTION,Availability,read_projection,ProductOrProviderContext,scalar_or_context,read_projection,read_only,not_applicable,not_applicable,adobe-master:inventory_availability:salable_quantity,not_applicable,PROVIDER_VERIFIED,"INITIAL_RESEARCH; Frozen Adobe master classification; no cross-platform equivalence asserted."
625d50ef8c044f8cfc91f279c1b3b85702385bf1b945da7f99719e02aa77e8c4,adobe-v1-afbf393f380d8809,adobe_commerce,docs/data/adobe_commerce_v1_inventory_master.csv,101,bfc6e4fd385a455a0723944b7f8624d53d6d41e559f5f6b674d233a49aaa84af,"Adobe Commerce 2.4.9 / services current at frozen snapshot","Admin REST / store scope",product_capability,store_view_overrides,not_applicable,"edition=PaaS/Magento Open Source;cluster=localization_store_scope;review=INITIAL_RESEARCH",not_applicable,adobe:atom:master:store_view_overrides,adobe:localization_store_scope:store_view_overrides,CHANNEL_SEMANTIC,Connector,provider_scope_context,ProductOrProviderContext,scalar_or_context,surface_defined,surface_defined,not_applicable,not_applicable,adobe-master:localization_store_scope:store_view_overrides,queue:adobe_store_scope_localization,DEFERRED_REVIEW,"INITIAL_RESEARCH; Frozen Adobe master classification; no cross-platform equivalence asserted."
636e21d749ebb232db101d7fc8967997ef3752b4dbd7205805a99e07655cd31a,adobe-v1-afbf393f380d8809,adobe_commerce,docs/data/adobe_commerce_v1_inventory_master.csv,102,7ce7e3b801c77ba255e9b24ad00f9ff1945ce2db04a5924758b54d9f2086faf6,"Adobe Commerce 2.4.9 / services current at frozen snapshot","Import API",product_capability,base_image,not_applicable,"edition=PaaS/Magento Open Source;cluster=media;review=FOURTH_PASS_RESEARCH",not_applicable,adobe:atom:master:base_image,adobe:alias:media_base_role,DOMAIN_CAPABILITY,Media,provider_domain_capability,ProductOrProviderContext,provider_typed_or_structured,surface_defined,surface_defined,not_applicable,not_applicable,adobe-master:media:base_image,not_applicable,PROVIDER_VERIFIED,"FOURTH_PASS_RESEARCH; Frozen Adobe master classification; no cross-platform equivalence asserted."
8059d4e15a0df35bf973b189f0711988a25aaf4f5bae53fd51310f445227a567,adobe-v1-afbf393f380d8809,adobe_commerce,docs/data/adobe_commerce_v1_inventory_master.csv,103,6163d35df7b7da37b40e8cd030aeaf7dc974dffa4d2234a58f4196a847ffef45,"Adobe Commerce 2.4.9 / services current at frozen snapshot","Import API",product_capability,base_image_label,not_applicable,"edition=PaaS/Magento Open Source;cluster=media;review=FOURTH_PASS_RESEARCH",not_applicable,adobe:atom:master:base_image_label,adobe:media:base_image_label,DOMAIN_CAPABILITY,Media,provider_domain_capability,ProductOrProviderContext,provider_typed_or_structured,surface_defined,surface_defined,not_applicable,not_applicable,adobe-master:media:base_image_label,not_applicable,PROVIDER_VERIFIED,"FOURTH_PASS_RESEARCH; Frozen Adobe master classification; no cross-platform equivalence asserted."
2b40de464a1243c35ba3ebfea2d89ce97c1d41cf09c39c955be0cc5a10d8611f,adobe-v1-afbf393f380d8809,adobe_commerce,docs/data/adobe_commerce_v1_inventory_master.csv,104,f88ccfc183906e45630d03bc67190728684c621284541bed70ffd4ee0e251cc4,"Adobe Commerce 2.4.9 / services current at frozen snapshot","Import API",product_capability,small_image,not_applicable,"edition=PaaS/Magento Open Source;cluster=media;review=FOURTH_PASS_RESEARCH",not_applicable,adobe:atom:master:small_image,adobe:alias:media_small_role,DOMAIN_CAPABILITY,Media,provider_domain_capability,ProductOrProviderContext,provider_typed_or_structured,surface_defined,surface_defined,not_applicable,not_applicable,adobe-master:media:small_image,not_applicable,PROVIDER_VERIFIED,"FOURTH_PASS_RESEARCH; Frozen Adobe master classification; no cross-platform equivalence asserted."
55fd93519b2cf45e7433b65d2a63073ed347750c483149753e0b056e46d3754e,adobe-v1-afbf393f380d8809,adobe_commerce,docs/data/adobe_commerce_v1_inventory_master.csv,105,d3495628b5cf909bcd01f5a091d955b2d4ffc793abebd9f604dc5077ec145825,"Adobe Commerce 2.4.9 / services current at frozen snapshot","Import API",product_capability,small_image_label,not_applicable,"edition=PaaS/Magento Open Source;cluster=media;review=FOURTH_PASS_RESEARCH",not_applicable,adobe:atom:master:small_image_label,adobe:media:small_image_label,DOMAIN_CAPABILITY,Media,provider_domain_capability,ProductOrProviderContext,provider_typed_or_structured,surface_defined,surface_defined,not_applicable,not_applicable,adobe-master:media:small_image_label,not_applicable,PROVIDER_VERIFIED,"FOURTH_PASS_RESEARCH; Frozen Adobe master classification; no cross-platform equivalence asserted."
f0ad588e8879a1294774cb4d8729028f013219cdddc306f09b384d8e7ed0e1ab,adobe-v1-afbf393f380d8809,adobe_commerce,docs/data/adobe_commerce_v1_inventory_master.csv,106,ee487ad400d69430220ddf5dcfb1607ec6930637e213d806a7556498222b1784,"Adobe Commerce 2.4.9 / services current at frozen snapshot","Import API",product_capability,thumbnail_image,not_applicable,"edition=PaaS/Magento Open Source;cluster=media;review=FOURTH_PASS_RESEARCH",not_applicable,adobe:atom:master:thumbnail_image,adobe:alias:media_thumbnail_role,DOMAIN_CAPABILITY,Media,provider_domain_capability,ProductOrProviderContext,provider_typed_or_structured,surface_defined,surface_defined,not_applicable,not_applicable,adobe-master:media:thumbnail_image,not_applicable,PROVIDER_VERIFIED,"FOURTH_PASS_RESEARCH; Frozen Adobe master classification; no cross-platform equivalence asserted."
47a76e85d841b283c8b64cc9b93855acbe339efe72555f65e1d95c724f7035f2,adobe-v1-afbf393f380d8809,adobe_commerce,docs/data/adobe_commerce_v1_inventory_master.csv,107,23463c35d9bbcef89402a50fd9e027608702cdae8203173ac5c295da103a0d93,"Adobe Commerce 2.4.9 / services current at frozen snapshot","Import API",product_capability,thumbnail_image_label,not_applicable,"edition=PaaS/Magento Open Source;cluster=media;review=FOURTH_PASS_RESEARCH",not_applicable,adobe:atom:master:thumbnail_image_label,adobe:media:thumbnail_image_label,DOMAIN_CAPABILITY,Media,provider_domain_capability,ProductOrProviderContext,provider_typed_or_structured,surface_defined,surface_defined,not_applicable,not_applicable,adobe-master:media:thumbnail_image_label,not_applicable,PROVIDER_VERIFIED,"FOURTH_PASS_RESEARCH; Frozen Adobe master classification; no cross-platform equivalence asserted."
4790759fee223d10dc047a7aa6a9e64b89bab35d2a6e583b91320035a85e52a5,adobe-v1-afbf393f380d8809,adobe_commerce,docs/data/adobe_commerce_v1_inventory_master.csv,108,8c201088fc9f4ab1e129e8cb31b3919ba43ced19388481da762fa2bcfb89696d,"Adobe Commerce 2.4.9 / services current at frozen snapshot","Import + Admin REST + Catalog Service READ",product_capability,swatch_image,not_applicable,"edition=PaaS/Magento Open Source;cluster=media;review=INITIAL_RESEARCH",not_applicable,adobe:atom:master:swatch_image,adobe:media:swatch_image,DOMAIN_CAPABILITY,Media,provider_domain_capability,ProductOrProviderContext,provider_typed_or_structured,surface_defined,surface_defined,not_applicable,not_applicable,adobe-master:media:swatch_image,not_applicable,PROVIDER_VERIFIED,"INITIAL_RESEARCH; Frozen Adobe master classification; no cross-platform equivalence asserted."
ca56b6870ea23cc71e64eb9f0040d7b94c2bb44c7b6bf9b4066cd3b4bb060376,adobe-v1-afbf393f380d8809,adobe_commerce,docs/data/adobe_commerce_v1_inventory_master.csv,109,c0473504b08ba79fecd9543317ed708f9079698dab7a773d7c406ae29e9a5da5,"Adobe Commerce 2.4.9 / services current at frozen snapshot","Import + Admin REST + Catalog Service READ",product_capability,swatch_image_label,not_applicable,"edition=PaaS/Magento Open Source;cluster=media;review=INITIAL_RESEARCH",not_applicable,adobe:atom:master:swatch_image_label,adobe:media:swatch_image_label,DOMAIN_CAPABILITY,Media,provider_domain_capability,ProductOrProviderContext,provider_typed_or_structured,surface_defined,surface_defined,not_applicable,not_applicable,adobe-master:media:swatch_image_label,not_applicable,PROVIDER_VERIFIED,"INITIAL_RESEARCH; Frozen Adobe master classification; no cross-platform equivalence asserted."
ce5eeb6d669f3455ede3aa27d8e9a609c1053845b652a41189a050755bba2d5c,adobe-v1-afbf393f380d8809,adobe_commerce,docs/data/adobe_commerce_v1_inventory_master.csv,110,6afec1528e2fc1be8fee453754e20bf6e0468b761fc8aaa13d88612225bdb159,"Adobe Commerce 2.4.9 / services current at frozen snapshot","Import API",product_capability,additional_images,not_applicable,"edition=PaaS/Magento Open Source;cluster=media;review=FOURTH_PASS_RESEARCH",not_applicable,adobe:atom:master:additional_images,adobe:alias:media_additional_gallery,DOMAIN_CAPABILITY,Media,provider_domain_capability,ProductOrProviderContext,provider_typed_or_structured,surface_defined,surface_defined,not_applicable,not_applicable,adobe-master:media:additional_images,not_applicable,PROVIDER_VERIFIED,"FOURTH_PASS_RESEARCH; Frozen Adobe master classification; no cross-platform equivalence asserted."
ca0e5dcf6913487a9c38b2659d53392952e4b470cab28bba28306aedd8c8a6c3,adobe-v1-afbf393f380d8809,adobe_commerce,docs/data/adobe_commerce_v1_inventory_master.csv,111,d791a58f8fd3320377cd12454eb01f42450cc4d8fccf3e22b4a75d10fbfccd62,"Adobe Commerce 2.4.9 / services current at frozen snapshot","Import API",product_capability,additional_image_labels,not_applicable,"edition=PaaS/Magento Open Source;cluster=media;review=FOURTH_PASS_RESEARCH",not_applicable,adobe:atom:master:additional_image_labels,adobe:alias:media_additional_labels,DOMAIN_CAPABILITY,Media,provider_domain_capability,ProductOrProviderContext,provider_typed_or_structured,surface_defined,surface_defined,not_applicable,not_applicable,adobe-master:media:additional_image_labels,not_applicable,PROVIDER_VERIFIED,"FOURTH_PASS_RESEARCH; Frozen Adobe master classification; no cross-platform equivalence asserted."
7940c6ebdd0853683d1d287f5df148156e887fb693111758954b8c2f9f6d7df3,adobe-v1-afbf393f380d8809,adobe_commerce,docs/data/adobe_commerce_v1_inventory_master.csv,112,40340747a31af8cb6c57315741687383fae346fbe9513ededde6efe618b73685,"Adobe Commerce 2.4.9 / services current at frozen snapshot","Import API",product_capability,hide_from_product_page,not_applicable,"edition=PaaS/Magento Open Source;cluster=media;review=FOURTH_PASS_RESEARCH",not_applicable,adobe:atom:master:hide_from_product_page,adobe:alias:media_hidden_from_product_page,DOMAIN_CAPABILITY,Media,provider_domain_capability,ProductOrProviderContext,provider_typed_or_structured,surface_defined,surface_defined,not_applicable,not_applicable,adobe-master:media:hide_from_product_page,not_applicable,PROVIDER_VERIFIED,"FOURTH_PASS_RESEARCH; Frozen Adobe master classification; no cross-platform equivalence asserted."
58fc0d43948afd9b759ebe406b440138b6679c3c2de4908a1f8d7d11b91b4547,adobe-v1-afbf393f380d8809,adobe_commerce,docs/data/adobe_commerce_v1_inventory_master.csv,113,44b75439c858f59ed5064dbf9fb4ae4fb5bab7846dc3f9066219f82ec5025615,"Adobe Commerce 2.4.9 / services current at frozen snapshot","Admin REST GalleryManagement + product payload",product_capability,media_gallery_entries,not_applicable,"edition=PaaS/Magento Open Source;cluster=media;review=THIRD_PASS_RESEARCH",not_applicable,adobe:atom:master:media_gallery_entries,adobe:media:media_gallery_entries,DOMAIN_CAPABILITY,Media,provider_domain_capability,ProductOrProviderContext,provider_typed_or_structured,surface_defined,surface_defined,not_applicable,not_applicable,adobe-master:media:media_gallery_entries,not_applicable,PROVIDER_VERIFIED,"THIRD_PASS_RESEARCH; Frozen Adobe master classification; no cross-platform equivalence asserted."
e6cf485d2df812b88c5117b534bb91b7bd567d53262c03072c1c71b838da6582,adobe-v1-afbf393f380d8809,adobe_commerce,docs/data/adobe_commerce_v1_inventory_master.csv,114,dfba4820d8d49c217b4cc53ba9f7c48a331d5bb292499dae01e356fca0ce4bac,"Adobe Commerce 2.4.9 / services current at frozen snapshot","Import + Admin REST + Catalog Service READ",product_capability,media_video,not_applicable,"edition=PaaS/Magento Open Source;cluster=media;review=INITIAL_RESEARCH",not_applicable,adobe:atom:master:media_video,adobe:media:media_video,DOMAIN_CAPABILITY,Media,provider_domain_capability,ProductOrProviderContext,provider_typed_or_structured,surface_defined,surface_defined,not_applicable,not_applicable,adobe-master:media:media_video,not_applicable,PROVIDER_VERIFIED,"INITIAL_RESEARCH; Frozen Adobe master classification; no cross-platform equivalence asserted."
108479dd67420c77fd465411180be1db6f51da83237d8518e4a1651411b12656,adobe-v1-afbf393f380d8809,adobe_commerce,docs/data/adobe_commerce_v1_inventory_master.csv,115,c566fda1aa2c34b0c1c8f76829bc4dd37a9a0ed6816a4e994442eefc22d16f9f,"Adobe Commerce 2.4.9 / services current at frozen snapshot","Import / Admin REST",product_capability,custom_design,not_applicable,"edition=PaaS/Magento Open Source;cluster=presentation_layout;review=FOURTH_PASS_RESEARCH",not_applicable,adobe:atom:master:custom_design,adobe:presentation_layout:custom_design,CHANNEL_SEMANTIC,Connector,provider_scope_context,ProductOrProviderContext,scalar_or_context,surface_defined,surface_defined,not_applicable,not_applicable,adobe-master:presentation_layout:custom_design,not_applicable,PROVIDER_VERIFIED,"FOURTH_PASS_RESEARCH; Frozen Adobe master classification; no cross-platform equivalence asserted."
d35c429548f9298ff2ca71141b64905288b67f51ccb55b49cc44e0432005fd7f,adobe-v1-afbf393f380d8809,adobe_commerce,docs/data/adobe_commerce_v1_inventory_master.csv,116,812d80c53f4b6ed8245409ebb31691e0b576a6a8bc4aaf31c1092a2c8392a07f,"Adobe Commerce 2.4.9 / services current at frozen snapshot","Import / Admin REST",product_capability,custom_design_from,not_applicable,"edition=PaaS/Magento Open Source;cluster=presentation_layout;review=FOURTH_PASS_RESEARCH",not_applicable,adobe:atom:master:custom_design_from,adobe:presentation_layout:custom_design_from,CHANNEL_SEMANTIC,Connector,provider_scope_context,ProductOrProviderContext,scalar_or_context,surface_defined,surface_defined,not_applicable,not_applicable,adobe-master:presentation_layout:custom_design_from,not_applicable,PROVIDER_VERIFIED,"FOURTH_PASS_RESEARCH; Frozen Adobe master classification; no cross-platform equivalence asserted."
d3a5fd79e458a99cf686f602f0cf6dd1b47d05b0fd962f5442b0dad58fbf6b20,adobe-v1-afbf393f380d8809,adobe_commerce,docs/data/adobe_commerce_v1_inventory_master.csv,117,1526f4eb7f9cbc4d24120bae232607c7cd5cec5e7fda1a11fb3b422941decfaa,"Adobe Commerce 2.4.9 / services current at frozen snapshot","Import / Admin REST",product_capability,custom_design_to,not_applicable,"edition=PaaS/Magento Open Source;cluster=presentation_layout;review=FOURTH_PASS_RESEARCH",not_applicable,adobe:atom:master:custom_design_to,adobe:presentation_layout:custom_design_to,CHANNEL_SEMANTIC,Connector,provider_scope_context,ProductOrProviderContext,scalar_or_context,surface_defined,surface_defined,not_applicable,not_applicable,adobe-master:presentation_layout:custom_design_to,not_applicable,PROVIDER_VERIFIED,"FOURTH_PASS_RESEARCH; Frozen Adobe master classification; no cross-platform equivalence asserted."
76c988e4deb64dacb1c20eeed903ff888029ce3ff6d26394ba661a96a3e21d49,adobe-v1-afbf393f380d8809,adobe_commerce,docs/data/adobe_commerce_v1_inventory_master.csv,118,042781807fd0bc9d29c8b10b8c9553c11625b363dd37b6847a535adc27508872,"Adobe Commerce 2.4.9 / services current at frozen snapshot","Import / Admin REST",product_capability,custom_layout_update,not_applicable,"edition=PaaS/Magento Open Source;cluster=presentation_layout;review=FOURTH_PASS_RESEARCH",not_applicable,adobe:atom:master:custom_layout_update,adobe:presentation_layout:custom_layout_update,CHANNEL_SEMANTIC,Connector,provider_scope_context,ProductOrProviderContext,scalar_or_context,surface_defined,surface_defined,not_applicable,not_applicable,adobe-master:presentation_layout:custom_layout_update,not_applicable,PROVIDER_VERIFIED,"FOURTH_PASS_RESEARCH; Frozen Adobe master classification; no cross-platform equivalence asserted."
7dde1a55cdc7826585887bc248a837885aedaaba9fc7c31f63dfcbdb1bb89924,adobe-v1-afbf393f380d8809,adobe_commerce,docs/data/adobe_commerce_v1_inventory_master.csv,119,0b53242aa88fa35f68a2a57b0a7be72a2890f4ccd302d716b4c36c56ab2d4004,"Adobe Commerce 2.4.9 / services current at frozen snapshot","Import / Admin REST",product_capability,page_layout,not_applicable,"edition=PaaS/Magento Open Source;cluster=presentation_layout;review=FOURTH_PASS_RESEARCH",not_applicable,adobe:atom:master:page_layout,adobe:presentation_layout:page_layout,CHANNEL_SEMANTIC,Connector,provider_scope_context,ProductOrProviderContext,scalar_or_context,surface_defined,surface_defined,not_applicable,not_applicable,adobe-master:presentation_layout:page_layout,not_applicable,PROVIDER_VERIFIED,"FOURTH_PASS_RESEARCH; Frozen Adobe master classification; no cross-platform equivalence asserted."
ca327fa0ae3e4d85bc7b6e0f7e0d2b6c0fdca05397393bf43e6ecf24c3a7f092,adobe-v1-afbf393f380d8809,adobe_commerce,docs/data/adobe_commerce_v1_inventory_master.csv,120,78e735b4cc28e5e404c2132e8ba5d469eeb2aaa657ded5bc82fcc0bbb5de0bf2,"Adobe Commerce 2.4.9 / services current at frozen snapshot","Import + Catalog Pricing REST + GraphQL",product_capability,price,not_applicable,"edition=PaaS/Magento Open Source;cluster=pricing;review=INITIAL_RESEARCH",not_applicable,adobe:atom:master:price,adobe:pricing:price,DOMAIN_CAPABILITY,Pricing,provider_domain_capability,ProductOrProviderContext,provider_typed_or_structured,surface_defined,surface_defined,not_applicable,not_applicable,adobe-master:pricing:price,not_applicable,PROVIDER_VERIFIED,"INITIAL_RESEARCH; Frozen Adobe master classification; no cross-platform equivalence asserted."
9a0978267de9c1d9640d654becff7537e918d91b47178c2435dcf134915777df,adobe-v1-afbf393f380d8809,adobe_commerce,docs/data/adobe_commerce_v1_inventory_master.csv,121,d035ae6c750918a292ab219d95366189d94829ffe664c2f8edb4ae9baef5937b,"Adobe Commerce 2.4.9 / services current at frozen snapshot","Import + Catalog Pricing REST + GraphQL",product_capability,special_price,not_applicable,"edition=PaaS/Magento Open Source;cluster=pricing;review=INITIAL_RESEARCH",not_applicable,adobe:atom:master:special_price,adobe:pricing:special_price,DOMAIN_CAPABILITY,Pricing,provider_domain_capability,ProductOrProviderContext,provider_typed_or_structured,surface_defined,surface_defined,not_applicable,not_applicable,adobe-master:pricing:special_price,not_applicable,PROVIDER_VERIFIED,"INITIAL_RESEARCH; Frozen Adobe master classification; no cross-platform equivalence asserted."
54f75317b6838406e55ef7c070bd61727efd60c3e912c6aca97df8d826720d91,adobe-v1-afbf393f380d8809,adobe_commerce,docs/data/adobe_commerce_v1_inventory_master.csv,122,b041e622c30f6aa43091955b542f8357960f55362cc56c03aa5020abee974b0e,"Adobe Commerce 2.4.9 / services current at frozen snapshot","Import + Catalog Pricing REST + GraphQL",product_capability,special_price_from_date,not_applicable,"edition=PaaS/Magento Open Source;cluster=pricing;review=INITIAL_RESEARCH",not_applicable,adobe:atom:master:special_price_from_date,adobe:pricing:special_price_from_date,DOMAIN_CAPABILITY,Pricing,provider_domain_capability,ProductOrProviderContext,provider_typed_or_structured,surface_defined,surface_defined,not_applicable,not_applicable,adobe-master:pricing:special_price_from_date,not_applicable,PROVIDER_VERIFIED,"INITIAL_RESEARCH; Frozen Adobe master classification; no cross-platform equivalence asserted."
e3d567e815e4378b2e646e0e1db10457ee16973dd7a952900ff3544de6c6067d,adobe-v1-afbf393f380d8809,adobe_commerce,docs/data/adobe_commerce_v1_inventory_master.csv,123,64950401f9501a8840914b7a5d2017299e3c4cd490981da7321aaf231e8905e5,"Adobe Commerce 2.4.9 / services current at frozen snapshot","Import + Catalog Pricing REST + GraphQL",product_capability,special_price_to_date,not_applicable,"edition=PaaS/Magento Open Source;cluster=pricing;review=INITIAL_RESEARCH",not_applicable,adobe:atom:master:special_price_to_date,adobe:pricing:special_price_to_date,DOMAIN_CAPABILITY,Pricing,provider_domain_capability,ProductOrProviderContext,provider_typed_or_structured,surface_defined,surface_defined,not_applicable,not_applicable,adobe-master:pricing:special_price_to_date,not_applicable,PROVIDER_VERIFIED,"INITIAL_RESEARCH; Frozen Adobe master classification; no cross-platform equivalence asserted."
809886473295c1cbc85db6b7c3442ec76a5b85c83e6cb62c5181ba331328daca,adobe-v1-afbf393f380d8809,adobe_commerce,docs/data/adobe_commerce_v1_inventory_master.csv,124,05250b32038050b546f3f32d8952afa852654b708cc9031dd3dbbe30ced9d5cc,"Adobe Commerce 2.4.9 / services current at frozen snapshot","Import + Catalog Pricing REST + GraphQL",product_capability,map_price,not_applicable,"edition=PaaS/Magento Open Source;cluster=pricing;review=INITIAL_RESEARCH",not_applicable,adobe:atom:master:map_price,adobe:pricing:map_price,DOMAIN_CAPABILITY,Pricing,provider_domain_capability,ProductOrProviderContext,provider_typed_or_structured,surface_defined,surface_defined,not_applicable,not_applicable,adobe-master:pricing:map_price,queue:adobe_map_policy,DEFERRED_REVIEW,"INITIAL_RESEARCH; Frozen Adobe master classification; no cross-platform equivalence asserted."
c552136b4dfea4d8dc51307f17365690ee1f0f34d30e70925a7f0145f1f3a538,adobe-v1-afbf393f380d8809,adobe_commerce,docs/data/adobe_commerce_v1_inventory_master.csv,125,a60edfa62194baad8f9aee45cb3c937f9f20e8f1e26c12f65621486ea61c41f9,"Adobe Commerce 2.4.9 / services current at frozen snapshot","Import + Catalog Pricing REST + GraphQL",product_capability,msrp_price,not_applicable,"edition=PaaS/Magento Open Source;cluster=pricing;review=INITIAL_RESEARCH",not_applicable,adobe:atom:master:msrp_price,adobe:pricing:msrp_price,DOMAIN_CAPABILITY,Pricing,provider_domain_capability,ProductOrProviderContext,provider_typed_or_structured,surface_defined,surface_defined,not_applicable,not_applicable,adobe-master:pricing:msrp_price,queue:adobe_msrp_equivalence,DEFERRED_REVIEW,"INITIAL_RESEARCH; Frozen Adobe master classification; no cross-platform equivalence asserted."
82ca41801bb5d8ea77a6902d9141cb53147a91165f2b99d3eabd5752732e8b34,adobe-v1-afbf393f380d8809,adobe_commerce,docs/data/adobe_commerce_v1_inventory_master.csv,126,ee8e54b4add263f0468d25696d8af5e512998f13913f766fddf713814bd13261,"Adobe Commerce 2.4.9 / services current at frozen snapshot","Import + Catalog Pricing REST + GraphQL",product_capability,map_enabled,not_applicable,"edition=PaaS/Magento Open Source;cluster=pricing;review=INITIAL_RESEARCH",not_applicable,adobe:atom:master:map_enabled,adobe:pricing:map_enabled,DOMAIN_CAPABILITY,Pricing,provider_domain_capability,ProductOrProviderContext,provider_typed_or_structured,surface_defined,surface_defined,not_applicable,not_applicable,adobe-master:pricing:map_enabled,queue:adobe_map_policy,DEFERRED_REVIEW,"INITIAL_RESEARCH; Frozen Adobe master classification; no cross-platform equivalence asserted."
bfc4b0398494e43dbf008ac467ef93fc6dd55aaf39c4f74b88f296e50aabb21c,adobe-v1-afbf393f380d8809,adobe_commerce,docs/data/adobe_commerce_v1_inventory_master.csv,127,7ec790b0c47274f0ef0a55919f4412d97d14e50f0a4f8d85db17da62ca270f31,"Adobe Commerce 2.4.9 / services current at frozen snapshot","Import + Catalog Pricing REST + GraphQL",product_capability,msrp_display_actual_price_type,not_applicable,"edition=PaaS/Magento Open Source;cluster=pricing;review=INITIAL_RESEARCH",not_applicable,adobe:atom:master:msrp_display_actual_price_type,adobe:pricing:msrp_display_actual_price_type,DOMAIN_CAPABILITY,Pricing,provider_domain_capability,ProductOrProviderContext,provider_typed_or_structured,surface_defined,surface_defined,not_applicable,not_applicable,adobe-master:pricing:msrp_display_actual_price_type,queue:adobe_msrp_equivalence,DEFERRED_REVIEW,"INITIAL_RESEARCH; Frozen Adobe master classification; no cross-platform equivalence asserted."
c3b4b729c8404240ad317c9fa67a36b5a497f07981abda96175e1b069944e2b4,adobe-v1-afbf393f380d8809,adobe_commerce,docs/data/adobe_commerce_v1_inventory_master.csv,128,5e46f677d0210f91e2f2c40196648a1e74e3c35e686b06bafbd1160308093037,"Adobe Commerce 2.4.9 / services current at frozen snapshot","Import + Catalog Pricing REST + GraphQL",product_capability,tier_prices,not_applicable,"edition=PaaS/Magento Open Source;cluster=pricing;review=INITIAL_RESEARCH",not_applicable,adobe:atom:master:tier_prices,adobe:pricing:tier_prices,DOMAIN_CAPABILITY,Pricing,provider_domain_capability,ProductOrProviderContext,provider_typed_or_structured,surface_defined,surface_defined,not_applicable,not_applicable,adobe-master:pricing:tier_prices,not_applicable,PROVIDER_VERIFIED,"INITIAL_RESEARCH; Frozen Adobe master classification; no cross-platform equivalence asserted."
d735468cf5b658beb86b61c0d63f6224fc7bd7221256fa05d8cdf5cbaa4fa2e2,adobe-v1-afbf393f380d8809,adobe_commerce,docs/data/adobe_commerce_v1_inventory_master.csv,129,ddeed8053e1ea3db20710782ef31704ebefab6afddceea3ffb7fccaa61802793,"Adobe Commerce 2.4.9 / services current at frozen snapshot","Import + Catalog Pricing REST + GraphQL",product_capability,base_price_storage,not_applicable,"edition=PaaS/Magento Open Source;cluster=pricing;review=INITIAL_RESEARCH",not_applicable,adobe:atom:master:base_price_storage,adobe:pricing:base_price_storage,DOMAIN_CAPABILITY,Pricing,provider_domain_capability,ProductOrProviderContext,provider_typed_or_structured,surface_defined,surface_defined,not_applicable,not_applicable,adobe-master:pricing:base_price_storage,not_applicable,PROVIDER_VERIFIED,"INITIAL_RESEARCH; Frozen Adobe master classification; no cross-platform equivalence asserted."
b85bd72433861ff6adc150e6920ebf8c020d98e3c8ed97d990c551d8ddb38c64,adobe-v1-afbf393f380d8809,adobe_commerce,docs/data/adobe_commerce_v1_inventory_master.csv,130,e198b43889270ba636484287c9b1131ea3abe10163bec2bd02772591770b361a,"Adobe Commerce 2.4.9 / services current at frozen snapshot","Import + Catalog Pricing REST + GraphQL",product_capability,special_price_storage,not_applicable,"edition=PaaS/Magento Open Source;cluster=pricing;review=INITIAL_RESEARCH",not_applicable,adobe:atom:master:special_price_storage,adobe:pricing:special_price_storage,DOMAIN_CAPABILITY,Pricing,provider_domain_capability,ProductOrProviderContext,provider_typed_or_structured,surface_defined,surface_defined,not_applicable,not_applicable,adobe-master:pricing:special_price_storage,not_applicable,PROVIDER_VERIFIED,"INITIAL_RESEARCH; Frozen Adobe master classification; no cross-platform equivalence asserted."
e4311be8889458d0513397d9148139eb00b3dc20f5da3e9ca2f9581ae596dec0,adobe-v1-afbf393f380d8809,adobe_commerce,docs/data/adobe_commerce_v1_inventory_master.csv,131,58cae8fc2835b67ea72bd7a427177622720ab1d56c4000992d54cb989428f9f4,"Adobe Commerce 2.4.9 / services current at frozen snapshot","Import + Catalog Pricing REST + GraphQL",product_capability,cost_storage,not_applicable,"edition=PaaS/Magento Open Source;cluster=pricing;review=INITIAL_RESEARCH",not_applicable,adobe:atom:master:cost_storage,adobe:pricing:cost_storage,DOMAIN_CAPABILITY,Pricing,provider_domain_capability,ProductOrProviderContext,provider_typed_or_structured,surface_defined,surface_defined,not_applicable,not_applicable,adobe-master:pricing:cost_storage,not_applicable,PROVIDER_VERIFIED,"INITIAL_RESEARCH; Frozen Adobe master classification; no cross-platform equivalence asserted."
0de73b8d6727df4edcbd56825808b4dab37e3350979b1b0e172efd5dc9dfc47c,adobe-v1-afbf393f380d8809,adobe_commerce,docs/data/adobe_commerce_v1_inventory_master.csv,132,14f1857ad1ff6469dc2747eb388bb7c377c5ffbd95134c95b992375ff09b91ab,"Adobe Commerce 2.4.9 / services current at frozen snapshot","core GraphQL / storefront",product_capability,rating_summary,not_applicable,"edition=PaaS/Magento Open Source;cluster=reviews_ratings;review=INITIAL_RESEARCH",not_applicable,adobe:atom:master:rating_summary,adobe:reviews_ratings:rating_summary,DERIVED_PROJECTION,Connector,read_projection,ProductOrProviderContext,scalar_or_context,read_projection,read_only,not_applicable,not_applicable,adobe-master:reviews_ratings:rating_summary,not_applicable,PROVIDER_VERIFIED,"INITIAL_RESEARCH; Frozen Adobe master classification; no cross-platform equivalence asserted."
6c93dadd0fb3cf183ee40818d46f63df905045418b74d273d3d44866940dc719,adobe-v1-afbf393f380d8809,adobe_commerce,docs/data/adobe_commerce_v1_inventory_master.csv,133,d71c9249966e8358d4580a0e26742d05b4aff5619af6f90bb5753a8c246a2b62,"Adobe Commerce 2.4.9 / services current at frozen snapshot","core GraphQL / storefront",product_capability,review_count,not_applicable,"edition=PaaS/Magento Open Source;cluster=reviews_ratings;review=INITIAL_RESEARCH",not_applicable,adobe:atom:master:review_count,adobe:reviews_ratings:review_count,DERIVED_PROJECTION,Connector,read_projection,ProductOrProviderContext,scalar_or_context,read_projection,read_only,not_applicable,not_applicable,adobe-master:reviews_ratings:review_count,not_applicable,PROVIDER_VERIFIED,"INITIAL_RESEARCH; Frozen Adobe master classification; no cross-platform equivalence asserted."
865fc3ce7da2620f92393961ab1663c5a566857634fdfe469dde835a330ce6f2,adobe-v1-afbf393f380d8809,adobe_commerce,docs/data/adobe_commerce_v1_inventory_master.csv,134,d09801d264df1878320cb8a0d1eaadfabd9337c032f528258f62a4a1c80968cf,"Adobe Commerce 2.4.9 / services current at frozen snapshot","Admin REST + live discovery",product_capability,attribute_options,not_applicable,"edition=PaaS/Magento Open Source;cluster=select_multiselect_options;review=INITIAL_RESEARCH",not_applicable,adobe:atom:master:attribute_options,adobe:select_multiselect_options:attribute_options,DOMAIN_CAPABILITY,FieldDictionary,provider_domain_capability,ProductOrProviderContext,scalar_or_context,surface_defined,surface_defined,not_applicable,not_applicable,adobe-master:select_multiselect_options:attribute_options,not_applicable,PROVIDER_VERIFIED,"INITIAL_RESEARCH; Frozen Adobe master classification; no cross-platform equivalence asserted."
93fb6bbaa57d7d0c3417002cbc0d35d7965ef9aa3bc4f827c0abc6387cb1cd25,adobe-v1-afbf393f380d8809,adobe_commerce,docs/data/adobe_commerce_v1_inventory_master.csv,135,e31bdb8fe13ec37b80dbf558c7f3b1933f099fc0811737bf4c5bf9599a668015,"Adobe Commerce 2.4.9 / services current at frozen snapshot","Import + Admin REST + GraphQL",product_capability,url_key,not_applicable,"edition=PaaS/Magento Open Source;cluster=seo_routing;review=INITIAL_RESEARCH",not_applicable,adobe:atom:master:url_key,adobe:seo_routing:url_key,REUSABLE_SEMANTIC,ProductData,provider_field_candidate,ProductOrProviderContext,scalar_or_context,surface_defined,surface_defined,not_applicable,not_applicable,adobe-master:seo_routing:url_key,not_applicable,PROVIDER_VERIFIED,"INITIAL_RESEARCH; Frozen Adobe master classification; no cross-platform equivalence asserted."
73780b1e0a93989333d8524d6604d91dea2a429b9370623daaa0ddb9a88f29c3,adobe-v1-afbf393f380d8809,adobe_commerce,docs/data/adobe_commerce_v1_inventory_master.csv,136,4f034c69be3af786222aec6201c1d300dd424731d40d15fab5f54a9d1028556a,"Adobe Commerce 2.4.9 / services current at frozen snapshot","Import + Admin REST + GraphQL",product_capability,meta_title,not_applicable,"edition=PaaS/Magento Open Source;cluster=seo_routing;review=INITIAL_RESEARCH",not_applicable,adobe:atom:master:meta_title,adobe:seo_routing:meta_title,REUSABLE_SEMANTIC,ProductData,provider_field_candidate,ProductOrProviderContext,scalar_or_context,surface_defined,surface_defined,not_applicable,not_applicable,adobe-master:seo_routing:meta_title,not_applicable,PROVIDER_VERIFIED,"INITIAL_RESEARCH; Frozen Adobe master classification; no cross-platform equivalence asserted."
73662bc41165ef686c08d0f608f540380b665ec9c398b472548bf40caf741b47,adobe-v1-afbf393f380d8809,adobe_commerce,docs/data/adobe_commerce_v1_inventory_master.csv,137,adae1b04fe04becd1737debc6d7ab9902ff91927231481a0e5b679b84a29232b,"Adobe Commerce 2.4.9 / services current at frozen snapshot","Import + Admin REST + GraphQL",product_capability,meta_keywords,not_applicable,"edition=PaaS/Magento Open Source;cluster=seo_routing;review=INITIAL_RESEARCH",not_applicable,adobe:atom:master:meta_keywords,adobe:alias:meta_keyword,REUSABLE_SEMANTIC,ProductData,provider_field_candidate,ProductOrProviderContext,scalar_or_context,surface_defined,surface_defined,not_applicable,not_applicable,adobe-master:seo_routing:meta_keywords,not_applicable,PROVIDER_VERIFIED,"INITIAL_RESEARCH; Frozen Adobe master classification; no cross-platform equivalence asserted."
63535f910ca28ba50d9463256e6f89a85763214773c9289e8555bf96d7e6f3d6,adobe-v1-afbf393f380d8809,adobe_commerce,docs/data/adobe_commerce_v1_inventory_master.csv,138,27c4ba3ec12bdbac25e1fe8c89298e2207312aee2e42ea2a16e4ed1ae792d1cc,"Adobe Commerce 2.4.9 / services current at frozen snapshot","Import + Admin REST + GraphQL",product_capability,meta_description,not_applicable,"edition=PaaS/Magento Open Source;cluster=seo_routing;review=INITIAL_RESEARCH",not_applicable,adobe:atom:master:meta_description,adobe:seo_routing:meta_description,REUSABLE_SEMANTIC,ProductData,provider_field_candidate,ProductOrProviderContext,scalar_or_context,surface_defined,surface_defined,not_applicable,not_applicable,adobe-master:seo_routing:meta_description,not_applicable,PROVIDER_VERIFIED,"INITIAL_RESEARCH; Frozen Adobe master classification; no cross-platform equivalence asserted."
e065fafa7e9c46a8012dd87f08f49a180741ed577c865de67fbf8b5504122d1d,adobe-v1-afbf393f380d8809,adobe_commerce,docs/data/adobe_commerce_v1_inventory_master.csv,139,b029e995be6420979022b2ac44d9db8a675a4dd1c1b358edddc6569f8287de0a,"Adobe Commerce 2.4.9 / services current at frozen snapshot","Catalog Service / Storefront Services",product_capability,catalog_service_attributes,not_applicable,"edition=PaaS Storefront Services + Adobe Commerce SaaS;cluster=storefront_derived_readonly;review=INITIAL_RESEARCH",not_applicable,adobe:atom:master:catalog_service_attributes,adobe:storefront_derived_readonly:catalog_service_attributes,DERIVED_PROJECTION,Connector,read_projection,ProductOrProviderContext,scalar_or_context,read_projection,read_only,not_applicable,not_applicable,adobe-master:storefront_derived_readonly:catalog_service_attributes,not_applicable,PROVIDER_VERIFIED,"INITIAL_RESEARCH; Frozen Adobe master classification; no cross-platform equivalence asserted."
d515a86dbaf03befadc9ae1055f788743c6c83b672140dfbd9b2f80eff7b31cb,adobe-v1-afbf393f380d8809,adobe_commerce,docs/data/adobe_commerce_v1_inventory_master.csv,140,70594f5cbc906d1c2dc9077618e1cdf02f7fc5a572d5d45729488d5865401016,"Adobe Commerce 2.4.9 / services current at frozen snapshot","Catalog Service / Storefront Services",product_capability,catalog_service_images,not_applicable,"edition=PaaS Storefront Services + Adobe Commerce SaaS;cluster=storefront_derived_readonly;review=INITIAL_RESEARCH",not_applicable,adobe:atom:master:catalog_service_images,adobe:storefront_derived_readonly:catalog_service_images,DERIVED_PROJECTION,Connector,read_projection,ProductOrProviderContext,scalar_or_context,read_projection,read_only,not_applicable,not_applicable,adobe-master:storefront_derived_readonly:catalog_service_images,not_applicable,PROVIDER_VERIFIED,"INITIAL_RESEARCH; Frozen Adobe master classification; no cross-platform equivalence asserted."
f0ee13fac81022d3208ce287108ae961f340889ca0dc1e93d4226c0324e56f66,adobe-v1-afbf393f380d8809,adobe_commerce,docs/data/adobe_commerce_v1_inventory_master.csv,141,78f4c5ee9d9c99f46e07c8d04e194ba651d49c674955998f3173a5b3c8a4ff17,"Adobe Commerce 2.4.9 / services current at frozen snapshot","Catalog Service / Storefront Services",product_capability,catalog_service_links,not_applicable,"edition=PaaS Storefront Services + Adobe Commerce SaaS;cluster=storefront_derived_readonly;review=INITIAL_RESEARCH",not_applicable,adobe:atom:master:catalog_service_links,adobe:storefront_derived_readonly:catalog_service_links,DERIVED_PROJECTION,Connector,read_projection,ProductOrProviderContext,scalar_or_context,read_projection,read_only,not_applicable,not_applicable,adobe-master:storefront_derived_readonly:catalog_service_links,not_applicable,PROVIDER_VERIFIED,"INITIAL_RESEARCH; Frozen Adobe master classification; no cross-platform equivalence asserted."
ebb02b414fda2b2bffde0f6c038966c262776365ccf86f9b3afbc2266b624965,adobe-v1-afbf393f380d8809,adobe_commerce,docs/data/adobe_commerce_v1_inventory_master.csv,142,8fac6c5d2612f441f928698cad26654f6866d323d8027fea891a145f64f833b8,"Adobe Commerce 2.4.9 / services current at frozen snapshot","Catalog Service / Storefront Services",product_capability,catalog_service_input_options,not_applicable,"edition=PaaS Storefront Services + Adobe Commerce SaaS;cluster=storefront_derived_readonly;review=INITIAL_RESEARCH",not_applicable,adobe:atom:master:catalog_service_input_options,adobe:storefront_derived_readonly:catalog_service_input_options,DERIVED_PROJECTION,Connector,read_projection,ProductOrProviderContext,scalar_or_context,read_projection,read_only,not_applicable,not_applicable,adobe-master:storefront_derived_readonly:catalog_service_input_options,not_applicable,PROVIDER_VERIFIED,"INITIAL_RESEARCH; Frozen Adobe master classification; no cross-platform equivalence asserted."
1acd103c57566c7056eced095cb053f1163089528c5d32403e09455ef92c2902,adobe-v1-afbf393f380d8809,adobe_commerce,docs/data/adobe_commerce_v1_inventory_master.csv,143,65a16237d471de5801b0f393980328757bd12e66363dc992f843a60d734bede7,"Adobe Commerce 2.4.9 / services current at frozen snapshot","Catalog Service / Storefront Services",product_capability,catalog_service_stock_flags,not_applicable,"edition=PaaS Storefront Services + Adobe Commerce SaaS;cluster=storefront_derived_readonly;review=INITIAL_RESEARCH",not_applicable,adobe:atom:master:catalog_service_stock_flags,adobe:storefront_derived_readonly:catalog_service_stock_flags,DERIVED_PROJECTION,Connector,read_projection,ProductOrProviderContext,scalar_or_context,read_projection,read_only,not_applicable,not_applicable,adobe-master:storefront_derived_readonly:catalog_service_stock_flags,queue:adobe_catalog_projection,DEFERRED_REVIEW,"INITIAL_RESEARCH; Frozen Adobe master classification; no cross-platform equivalence asserted."
878d1896299eb67596a7e57ff86e5e782dc27cde2ebb4e492797747bd8d87421,adobe-v1-afbf393f380d8809,adobe_commerce,docs/data/adobe_commerce_v1_inventory_master.csv,144,63f923cd5b95da2bfb73baf25f037fbdfe8b2945c3640ba969b60fd8e51d6702,"Adobe Commerce 2.4.9 / services current at frozen snapshot","Catalog Service / Storefront Services",product_capability,catalog_service_price,not_applicable,"edition=PaaS Storefront Services + Adobe Commerce SaaS;cluster=storefront_derived_readonly;review=INITIAL_RESEARCH",not_applicable,adobe:atom:master:catalog_service_price,adobe:storefront_derived_readonly:catalog_service_price,DERIVED_PROJECTION,Connector,read_projection,ProductOrProviderContext,scalar_or_context,read_projection,read_only,not_applicable,not_applicable,adobe-master:storefront_derived_readonly:catalog_service_price,queue:adobe_catalog_projection,DEFERRED_REVIEW,"INITIAL_RESEARCH; Frozen Adobe master classification; no cross-platform equivalence asserted."
65f2d74a442e1e61050f6c7fba8637a600febb20568cad8610f3ef4e32e37ed7,adobe-v1-afbf393f380d8809,adobe_commerce,docs/data/adobe_commerce_v1_inventory_master.csv,145,fafac80626310252ac78dfa35f318c6ef54299bbe35bdcb8077a53fd42de40ad,"Adobe Commerce 2.4.9 / services current at frozen snapshot","Catalog Service / Storefront Services",product_capability,catalog_service_variants,not_applicable,"edition=PaaS Storefront Services + Adobe Commerce SaaS;cluster=storefront_derived_readonly;review=INITIAL_RESEARCH",not_applicable,adobe:atom:master:catalog_service_variants,adobe:storefront_derived_readonly:catalog_service_variants,DERIVED_PROJECTION,Connector,read_projection,ProductOrProviderContext,scalar_or_context,read_projection,read_only,not_applicable,not_applicable,adobe-master:storefront_derived_readonly:catalog_service_variants,not_applicable,PROVIDER_VERIFIED,"INITIAL_RESEARCH; Frozen Adobe master classification; no cross-platform equivalence asserted."
78bcbe0841f3f35250b82c3e0910568f2a762a499eb9e9dc44c911441e61d1d1,adobe-v1-afbf393f380d8809,adobe_commerce,docs/data/adobe_commerce_v1_inventory_master.csv,146,4f8feaafd37a1eef1c90df8ba43cdf535aaae75856a84d9cfdcf10be27216912,"Adobe Commerce 2.4.9 / services current at frozen snapshot","Catalog Service / Storefront Services",product_capability,catalog_service_videos,not_applicable,"edition=PaaS Storefront Services + Adobe Commerce SaaS;cluster=storefront_derived_readonly;review=INITIAL_RESEARCH",not_applicable,adobe:atom:master:catalog_service_videos,adobe:storefront_derived_readonly:catalog_service_videos,DERIVED_PROJECTION,Connector,read_projection,ProductOrProviderContext,scalar_or_context,read_projection,read_only,not_applicable,not_applicable,adobe-master:storefront_derived_readonly:catalog_service_videos,not_applicable,PROVIDER_VERIFIED,"INITIAL_RESEARCH; Frozen Adobe master classification; no cross-platform equivalence asserted."
21b5586a5aac4e60a78bc56b8f159a363ea7b992282a83b2cf5f80f96901f26f,adobe-v1-afbf393f380d8809,adobe_commerce,docs/data/adobe_commerce_v1_inventory_master.csv,147,7b1108367f0d84b97d7bb6735d922c3992c9cc512687237c72905a128299441c,"Adobe Commerce 2.4.9 / services current at frozen snapshot","Import API + core GraphQL READ; REST uses category_link objects",product_capability,categories,not_applicable,"edition=PaaS/Magento Open Source;cluster=taxonomy_and_product_relations;review=THIRD_PASS_RESEARCH",not_applicable,adobe:atom:master:categories,adobe:alias:category_assignment,DOMAIN_CAPABILITY,Category,provider_domain_capability,ProductOrProviderContext,provider_typed_or_structured,surface_defined,surface_defined,not_applicable,not_applicable,adobe-master:taxonomy_and_product_relations:categories,not_applicable,PROVIDER_VERIFIED,"THIRD_PASS_RESEARCH; Frozen Adobe master classification; no cross-platform equivalence asserted."
4ec88dc0facbf896b64ab77f25e81b6a597332c890819c9e925bc7de39e5dab4,adobe-v1-afbf393f380d8809,adobe_commerce,docs/data/adobe_commerce_v1_inventory_master.csv,148,9a959f5be094432a03121a8ce2963c5ae79fa450128e0055dd2e734e8ffafead,"Adobe Commerce 2.4.9 / services current at frozen snapshot","Import + Admin REST + GraphQL",product_capability,related_skus,not_applicable,"edition=PaaS/Magento Open Source;cluster=taxonomy_and_product_relations;review=INITIAL_RESEARCH",not_applicable,adobe:atom:master:related_skus,adobe:taxonomy_and_product_relations:related_skus,DOMAIN_CAPABILITY,ProductAssociation,provider_domain_capability,ProductOrProviderContext,provider_typed_or_structured,surface_defined,surface_defined,not_applicable,not_applicable,adobe-master:taxonomy_and_product_relations:related_skus,not_applicable,PROVIDER_VERIFIED,"INITIAL_RESEARCH; Frozen Adobe master classification; no cross-platform equivalence asserted."
372fa040b58dce0624b677f40032b6c46289108dc1e5782d77d6ebefdb91a359,adobe-v1-afbf393f380d8809,adobe_commerce,docs/data/adobe_commerce_v1_inventory_master.csv,149,bbe59c0c6ec24eae33ad7b890d494f2f66215d1b54f2268f6217ec24ee940f96,"Adobe Commerce 2.4.9 / services current at frozen snapshot","Import + Admin REST + GraphQL",product_capability,related_position,not_applicable,"edition=PaaS/Magento Open Source;cluster=taxonomy_and_product_relations;review=INITIAL_RESEARCH",not_applicable,adobe:atom:master:related_position,adobe:taxonomy_and_product_relations:related_position,DOMAIN_CAPABILITY,ProductAssociation,provider_domain_capability,ProductOrProviderContext,provider_typed_or_structured,surface_defined,surface_defined,not_applicable,not_applicable,adobe-master:taxonomy_and_product_relations:related_position,not_applicable,PROVIDER_VERIFIED,"INITIAL_RESEARCH; Frozen Adobe master classification; no cross-platform equivalence asserted."
182e78d46b3bedbf848cf6995da128bfa1a34c722d1f0866692d01f7b5561b85,adobe-v1-afbf393f380d8809,adobe_commerce,docs/data/adobe_commerce_v1_inventory_master.csv,150,a4ac056f7ff88bffed4604f03280cf98dc9366e1dfa40af7b6ffbb4a02012dc2,"Adobe Commerce 2.4.9 / services current at frozen snapshot","Import + Admin REST + GraphQL",product_capability,crosssell_skus,not_applicable,"edition=PaaS/Magento Open Source;cluster=taxonomy_and_product_relations;review=INITIAL_RESEARCH",not_applicable,adobe:atom:master:crosssell_skus,adobe:taxonomy_and_product_relations:crosssell_skus,DOMAIN_CAPABILITY,ProductAssociation,provider_domain_capability,ProductOrProviderContext,provider_typed_or_structured,surface_defined,surface_defined,not_applicable,not_applicable,adobe-master:taxonomy_and_product_relations:crosssell_skus,not_applicable,PROVIDER_VERIFIED,"INITIAL_RESEARCH; Frozen Adobe master classification; no cross-platform equivalence asserted."
f9f11c158d44ab94514a13f8a3dc63e0c6a2590c624c4f3a461c403af9c43b5d,adobe-v1-afbf393f380d8809,adobe_commerce,docs/data/adobe_commerce_v1_inventory_master.csv,151,69ee2ff651b8d105c9af0b427b1c6e97cb4865905566a98dfa87a01f2f8341f5,"Adobe Commerce 2.4.9 / services current at frozen snapshot","Import + Admin REST + GraphQL",product_capability,crosssell_position,not_applicable,"edition=PaaS/Magento Open Source;cluster=taxonomy_and_product_relations;review=INITIAL_RESEARCH",not_applicable,adobe:atom:master:crosssell_position,adobe:taxonomy_and_product_relations:crosssell_position,DOMAIN_CAPABILITY,ProductAssociation,provider_domain_capability,ProductOrProviderContext,provider_typed_or_structured,surface_defined,surface_defined,not_applicable,not_applicable,adobe-master:taxonomy_and_product_relations:crosssell_position,not_applicable,PROVIDER_VERIFIED,"INITIAL_RESEARCH; Frozen Adobe master classification; no cross-platform equivalence asserted."
0bbf0d5795833de43b90668a768489c8113a44f8f9d730de2dd7f698a4ddac22,adobe-v1-afbf393f380d8809,adobe_commerce,docs/data/adobe_commerce_v1_inventory_master.csv,152,342742a82facaf630d0ba7484b7a38eae2295bceb9f13457087249715411195e,"Adobe Commerce 2.4.9 / services current at frozen snapshot","Import + Admin REST + GraphQL",product_capability,upsell_skus,not_applicable,"edition=PaaS/Magento Open Source;cluster=taxonomy_and_product_relations;review=INITIAL_RESEARCH",not_applicable,adobe:atom:master:upsell_skus,adobe:taxonomy_and_product_relations:upsell_skus,DOMAIN_CAPABILITY,ProductAssociation,provider_domain_capability,ProductOrProviderContext,provider_typed_or_structured,surface_defined,surface_defined,not_applicable,not_applicable,adobe-master:taxonomy_and_product_relations:upsell_skus,not_applicable,PROVIDER_VERIFIED,"INITIAL_RESEARCH; Frozen Adobe master classification; no cross-platform equivalence asserted."
520f486128145abd2b0252972b1ef3c090844feb60ea0f7f9e2309a5e3b16874,adobe-v1-afbf393f380d8809,adobe_commerce,docs/data/adobe_commerce_v1_inventory_master.csv,153,ab926a9a24fcd95a62abe07deccf52d15c5bb87a0c0629abec7f18e9b6d211d1,"Adobe Commerce 2.4.9 / services current at frozen snapshot","Import + Admin REST + GraphQL",product_capability,upsell_position,not_applicable,"edition=PaaS/Magento Open Source;cluster=taxonomy_and_product_relations;review=INITIAL_RESEARCH",not_applicable,adobe:atom:master:upsell_position,adobe:taxonomy_and_product_relations:upsell_position,DOMAIN_CAPABILITY,ProductAssociation,provider_domain_capability,ProductOrProviderContext,provider_typed_or_structured,surface_defined,surface_defined,not_applicable,not_applicable,adobe-master:taxonomy_and_product_relations:upsell_position,not_applicable,PROVIDER_VERIFIED,"INITIAL_RESEARCH; Frozen Adobe master classification; no cross-platform equivalence asserted."
920c283385a60076c86b7bc655b26ac5c933e62d41f91d31893ac87783026c2b,adobe-v1-afbf393f380d8809,adobe_commerce,docs/data/adobe_commerce_v1_inventory_master.csv,154,78b1fb07085db7bf2cc9cead52d182890544983df1fbf5cc6412c582f92c5456,"Adobe Commerce 2.4.9 / services current at frozen snapshot","Admin REST + core GraphQL",product_capability,product_links,not_applicable,"edition=PaaS/Magento Open Source;cluster=taxonomy_and_product_relations;review=SECOND_PASS_RESEARCH",not_applicable,adobe:atom:master:product_links,adobe:taxonomy_and_product_relations:product_links,DOMAIN_CAPABILITY,ProductAssociation,provider_domain_capability,ProductOrProviderContext,provider_typed_or_structured,surface_defined,surface_defined,not_applicable,not_applicable,adobe-master:taxonomy_and_product_relations:product_links,not_applicable,PROVIDER_VERIFIED,"SECOND_PASS_RESEARCH; Frozen Adobe master classification; no cross-platform equivalence asserted."
1ebf65f2eb0e375b85cdf9db2d2a7e98ffbe77468061139e5b0311aa0821daa9,adobe-v1-afbf393f380d8809,adobe_commerce,docs/data/adobe_commerce_v1_inventory_master.csv,155,83dd536ce9cf84a216e2bb7bdcacdb0f49c5f21dae3063734bff1ab229126a13,"Adobe Commerce 2.4.9 / services current at frozen snapshot","core GraphQL + Admin REST + Import",product_capability,simple_product,not_applicable,"edition=PaaS/Magento Open Source;cluster=product_type_family;review=INITIAL_RESEARCH",not_applicable,adobe:atom:master:simple_product,adobe:product_type_family:simple_product,DOMAIN_CAPABILITY,ProductTypeExecution,provider_domain_capability,ProductOrProviderContext,provider_typed_or_structured,surface_defined,surface_defined,not_applicable,not_applicable,adobe-master:product_type_family:simple_product,not_applicable,PROVIDER_VERIFIED,"INITIAL_RESEARCH; Frozen Adobe master classification; no cross-platform equivalence asserted."
4debcfa9b452927528967d8ebc313a19ca0d4e4fc1e2720234f27efc45bb9bbf,adobe-v1-afbf393f380d8809,adobe_commerce,docs/data/adobe_commerce_v1_inventory_master.csv,156,58297667852457ebf5bfef4716aac02f44b640ea3dbe738d58b49b6bfea664d6,"Adobe Commerce 2.4.9 / services current at frozen snapshot","core GraphQL + Admin REST + Import",product_capability,virtual_product,not_applicable,"edition=PaaS/Magento Open Source;cluster=product_type_family;review=INITIAL_RESEARCH",not_applicable,adobe:atom:master:virtual_product,adobe:product_type_family:virtual_product,DOMAIN_CAPABILITY,ProductTypeExecution,provider_domain_capability,ProductOrProviderContext,provider_typed_or_structured,surface_defined,surface_defined,not_applicable,not_applicable,adobe-master:product_type_family:virtual_product,not_applicable,PROVIDER_VERIFIED,"INITIAL_RESEARCH; Frozen Adobe master classification; no cross-platform equivalence asserted."
f44fda545125dbe49b61c6736ba8a3d62d16901b1ff527d147c2aab5a7860343,adobe-v1-afbf393f380d8809,adobe_commerce,docs/data/adobe_commerce_v1_inventory_master.csv,157,75af89136b6826c36e8cee43a33fc1f8111c00a49c44f8cb277089dc008256f7,"Adobe Commerce 2.4.9 / services current at frozen snapshot","core GraphQL + Admin REST + Import",product_capability,configurable_product,not_applicable,"edition=PaaS/Magento Open Source;cluster=product_type_family;review=INITIAL_RESEARCH",not_applicable,adobe:atom:master:configurable_product,adobe:product_type_family:configurable_product,DOMAIN_CAPABILITY,ProductTypeExecution,provider_domain_capability,ProductOrProviderContext,provider_typed_or_structured,surface_defined,surface_defined,not_applicable,not_applicable,adobe-master:product_type_family:configurable_product,queue:adobe_composition_mapping,DEFERRED_REVIEW,"INITIAL_RESEARCH; Frozen Adobe master classification; no cross-platform equivalence asserted."
4132a8b71799f759a539cd9f575bced3a7dc4b0785ae992d68cce24dc1af6c82,adobe-v1-afbf393f380d8809,adobe_commerce,docs/data/adobe_commerce_v1_inventory_master.csv,158,a3d454b2498c8d2b3aa6e0fd759938645cca8e8f23c9b6312a1b0d4da45e05ba,"Adobe Commerce 2.4.9 / services current at frozen snapshot","core GraphQL + Admin REST + Import",product_capability,grouped_product,not_applicable,"edition=PaaS/Magento Open Source;cluster=product_type_family;review=INITIAL_RESEARCH",not_applicable,adobe:atom:master:grouped_product,adobe:product_type_family:grouped_product,DOMAIN_CAPABILITY,ProductTypeExecution,provider_domain_capability,ProductOrProviderContext,provider_typed_or_structured,surface_defined,surface_defined,not_applicable,not_applicable,adobe-master:product_type_family:grouped_product,queue:adobe_composition_mapping,DEFERRED_REVIEW,"INITIAL_RESEARCH; Frozen Adobe master classification; no cross-platform equivalence asserted."
11a0e37effac3456763389a8c4864a6676368b735c1914946e96b509a12a7e45,adobe-v1-afbf393f380d8809,adobe_commerce,docs/data/adobe_commerce_v1_inventory_master.csv,159,7594d204a8be43a61bcc9823b898f94a23292b798d657bf420bb513a16171aab,"Adobe Commerce 2.4.9 / services current at frozen snapshot","core GraphQL + Admin REST + Import",product_capability,bundle_product,not_applicable,"edition=PaaS/Magento Open Source;cluster=product_type_family;review=INITIAL_RESEARCH",not_applicable,adobe:atom:master:bundle_product,adobe:product_type_family:bundle_product,DOMAIN_CAPABILITY,ProductTypeExecution,provider_domain_capability,ProductOrProviderContext,provider_typed_or_structured,surface_defined,surface_defined,not_applicable,not_applicable,adobe-master:product_type_family:bundle_product,queue:adobe_composition_mapping,DEFERRED_REVIEW,"INITIAL_RESEARCH; Frozen Adobe master classification; no cross-platform equivalence asserted."
9af8e057371de3ceda6865f5ef53f344103584d134b87753207a83ddb07d8234,adobe-v1-afbf393f380d8809,adobe_commerce,docs/data/adobe_commerce_v1_inventory_master.csv,160,c193fb7d71d369820e46936b093effd6a97ee5b1116e8bea334959e1576a8580,"Adobe Commerce 2.4.9 / services current at frozen snapshot","core GraphQL + Admin REST + Import",product_capability,downloadable_product,not_applicable,"edition=PaaS/Magento Open Source;cluster=product_type_family;review=INITIAL_RESEARCH",not_applicable,adobe:atom:master:downloadable_product,adobe:product_type_family:downloadable_product,DOMAIN_CAPABILITY,ProductTypeExecution,provider_domain_capability,ProductOrProviderContext,provider_typed_or_structured,surface_defined,surface_defined,not_applicable,not_applicable,adobe-master:product_type_family:downloadable_product,not_applicable,PROVIDER_VERIFIED,"INITIAL_RESEARCH; Frozen Adobe master classification; no cross-platform equivalence asserted."
b2d1e793c48f080367a5f68eccdf7f1ede32d75e937f3caef676e70fc3d23d6e,adobe-v1-afbf393f380d8809,adobe_commerce,docs/data/adobe_commerce_v1_inventory_master.csv,161,9ee8b7cc0d27a3f04af035188b034f5811a96e9ae890513583942f3fda057d66,"Adobe Commerce 2.4.9 / services current at frozen snapshot","core GraphQL + Admin REST + Import",product_capability,gift_card_product_type,not_applicable,"edition=Adobe Commerce;cluster=product_type_family;review=INITIAL_RESEARCH",not_applicable,adobe:atom:master:gift_card_product_type,adobe:product_type_family:gift_card_product_type,DOMAIN_CAPABILITY,ProductTypeExecution,provider_domain_capability,ProductOrProviderContext,provider_typed_or_structured,surface_defined,surface_defined,not_applicable,not_applicable,adobe-master:product_type_family:gift_card_product_type,not_applicable,PROVIDER_VERIFIED,"INITIAL_RESEARCH; Frozen Adobe master classification; no cross-platform equivalence asserted."
6136b1f5007ded6e29647b38f47982895ff693304146e3cfc0bccaf6f7e03ad8,adobe-v1-afbf393f380d8809,adobe_commerce,docs/data/adobe_commerce_v1_inventory_master.csv,162,2ab46b2a101b825aefa9dca9b75c02682bdbf3921b43567f7c5571bb789e692b,"Adobe Commerce 2.4.9 / services current at frozen snapshot","Admin REST / stable EAV custom attribute",product_capability,meta_keyword,not_applicable,"edition=PaaS/Magento Open Source;cluster=seo_routing;review=SECOND_PASS_RESEARCH",not_applicable,adobe:atom:master:meta_keyword,adobe:alias:meta_keyword,REUSABLE_SEMANTIC,ProductData,provider_field_candidate,ProductOrProviderContext,scalar_or_context,surface_defined,surface_defined,not_applicable,not_applicable,adobe-master:seo_routing:meta_keyword,not_applicable,PROVIDER_VERIFIED,"SECOND_PASS_RESEARCH; Frozen Adobe master classification; no cross-platform equivalence asserted."
d082083243a5cd50f4ea250a2b592e4a96b35ec2a25b39034fd2b689a2d21d80,adobe-v1-afbf393f380d8809,adobe_commerce,docs/data/adobe_commerce_v1_inventory_master.csv,163,8f5d14ffdabd0d3cfae7f8148e4c1586f1d4c61dcbd22f771f5bc25ded8865ac,"Adobe Commerce 2.4.9 / services current at frozen snapshot","Admin REST / stable EAV custom attribute",product_capability,tax_class_id,not_applicable,"edition=PaaS/Magento Open Source;cluster=tax_configuration;review=SECOND_PASS_RESEARCH",not_applicable,adobe:atom:master:tax_class_id,adobe:alias:tax_class,DOMAIN_CAPABILITY,PricingTax,provider_domain_capability,ProductOrProviderContext,provider_typed_or_structured,surface_defined,surface_defined,not_applicable,not_applicable,adobe-master:tax_configuration:tax_class_id,queue:adobe_tax_portability,DEFERRED_REVIEW,"SECOND_PASS_RESEARCH; Frozen Adobe master classification; no cross-platform equivalence asserted."
c61531d2592662d92e3207ffc35a989b1300b4b2a38715e5c82b7c6ceca3f93c,adobe-v1-afbf393f380d8809,adobe_commerce,docs/data/adobe_commerce_v1_inventory_master.csv,164,fec2329efea15cb7baf307697cbb599fc6628e02f28c448910441c4e6be54ed2,"Adobe Commerce 2.4.9 / services current at frozen snapshot","Import API / product URL rewrite behavior",product_capability,save_rewrites_history,not_applicable,"edition=PaaS/Magento Open Source;cluster=seo_routing;review=FOURTH_PASS_RESEARCH",not_applicable,adobe:atom:master:save_rewrites_history,adobe:seo_routing:save_rewrites_history,CHANNEL_SEMANTIC,Connector,provider_scope_context,ProductOrProviderContext,scalar_or_context,surface_defined,surface_defined,not_applicable,not_applicable,adobe-master:seo_routing:save_rewrites_history,not_applicable,PROVIDER_VERIFIED,"FOURTH_PASS_RESEARCH; Frozen Adobe master classification; no cross-platform equivalence asserted."
1cd46c6f5ec63f0e12808f8bbe00de5fe1764da3b2ab9f9bd0b923cb5caf4dc6,adobe-v1-afbf393f380d8809,adobe_commerce,docs/data/adobe_commerce_v1_inventory_master.csv,165,5f796931b93fe05fd0b8a3064447ad86bc72d55b9a424bc5d1e5baa8e2c5ac3a,"Adobe Commerce 2.4.9 / services current at frozen snapshot","core GraphQL + Import API",product_capability,grouped_product_item,not_applicable,"edition=PaaS/Magento Open Source;cluster=grouped_composition;review=SECOND_PASS_RESEARCH",not_applicable,adobe:atom:master:grouped_product_item,adobe:grouped_composition:grouped_product_item,DOMAIN_CAPABILITY,GroupedComposition,provider_domain_capability,ProductOrProviderContext,provider_typed_or_structured,surface_defined,surface_defined,not_applicable,not_applicable,adobe-master:grouped_composition:grouped_product_item,queue:adobe_composition_mapping,DEFERRED_REVIEW,"SECOND_PASS_RESEARCH; Frozen Adobe master classification; no cross-platform equivalence asserted."
035c216ac705c916b99c87f52ff4e65e7a69958395f34fc09a6491b8a5e7b7af,adobe-v1-afbf393f380d8809,adobe_commerce,docs/data/adobe_commerce_v1_inventory_master.csv,166,58d2cc3cec6522c1719f2f81ee21cfa09fd37e6d0d70c1f1eb15116b5ffb2ddd,"Adobe Commerce 2.4.9 / services current at frozen snapshot","Admin REST extension_attributes.category_links",product_capability,category_link,not_applicable,"edition=PaaS/Magento Open Source;cluster=taxonomy_and_product_relations;review=SECOND_PASS_RESEARCH",not_applicable,adobe:atom:master:category_link,adobe:alias:category_assignment,DOMAIN_CAPABILITY,Category,provider_domain_capability,ProductOrProviderContext,provider_typed_or_structured,surface_defined,surface_defined,not_applicable,not_applicable,adobe-master:taxonomy_and_product_relations:category_link,not_applicable,PROVIDER_VERIFIED,"SECOND_PASS_RESEARCH; Frozen Adobe master classification; no cross-platform equivalence asserted."
dbb91d0610d2b73e14c23de0c5592b26a0bf406ebd615790bd0f2f8f6e385d6b,adobe-v1-afbf393f380d8809,adobe_commerce,docs/data/adobe_commerce_v1_inventory_master.csv,167,8c4cbc23c1e71f827ffd31aefd911e1350970078e5768c077a5a9502862df464,"Adobe Commerce 2.4.9 / services current at frozen snapshot","Inventory REST",product_capability,inventory_source,not_applicable,"edition=PaaS/Magento Open Source where MSI is available;cluster=inventory_topology_msi;review=SECOND_PASS_RESEARCH",not_applicable,adobe:atom:master:inventory_source,adobe:inventory_topology_msi:inventory_source,DOMAIN_CAPABILITY,Inventory,provider_domain_capability,ProductOrProviderContext,provider_typed_or_structured,surface_defined,surface_defined,not_applicable,not_applicable,adobe-master:inventory_topology_msi:inventory_source,not_applicable,PROVIDER_VERIFIED,"SECOND_PASS_RESEARCH; Frozen Adobe master classification; no cross-platform equivalence asserted."
5b06d8857bf01257594166e6316d70d4b3f73c36ff6426db9002985d0bdd51a9,adobe-v1-afbf393f380d8809,adobe_commerce,docs/data/adobe_commerce_v1_inventory_master.csv,168,45657ca5a6d7f50925a2e5cbd4041e17c11ba6216eff164c5d494450ef8a2309,"Adobe Commerce 2.4.9 / services current at frozen snapshot","Inventory REST",product_capability,inventory_stock,not_applicable,"edition=PaaS/Magento Open Source where MSI is available;cluster=inventory_topology_msi;review=SECOND_PASS_RESEARCH",not_applicable,adobe:atom:master:inventory_stock,adobe:inventory_topology_msi:inventory_stock,DOMAIN_CAPABILITY,Inventory,provider_domain_capability,ProductOrProviderContext,provider_typed_or_structured,surface_defined,surface_defined,not_applicable,not_applicable,adobe-master:inventory_topology_msi:inventory_stock,not_applicable,PROVIDER_VERIFIED,"SECOND_PASS_RESEARCH; Frozen Adobe master classification; no cross-platform equivalence asserted."
940fbcd218654eb23fcbbd69d6ed8ba3463383d7f77f7ee8726ea4495e5eab3d,adobe-v1-afbf393f380d8809,adobe_commerce,docs/data/adobe_commerce_v1_inventory_master.csv,169,fbaf8523ad8dcd0d3185d5a16542c177029e7f160567dab6068a14d4c2565814,"Adobe Commerce 2.4.9 / services current at frozen snapshot","Inventory REST",product_capability,inventory_stock_source_link,not_applicable,"edition=PaaS/Magento Open Source where MSI is available;cluster=inventory_topology_msi;review=SECOND_PASS_RESEARCH",not_applicable,adobe:atom:master:inventory_stock_source_link,adobe:inventory_topology_msi:inventory_stock_source_link,DOMAIN_CAPABILITY,Inventory,provider_domain_capability,ProductOrProviderContext,provider_typed_or_structured,surface_defined,surface_defined,not_applicable,not_applicable,adobe-master:inventory_topology_msi:inventory_stock_source_link,not_applicable,PROVIDER_VERIFIED,"SECOND_PASS_RESEARCH; Frozen Adobe master classification; no cross-platform equivalence asserted."
b930dca3890f6eb14e6ae79ddc168dbde00b5462c07866d1f5acba767670d57f,adobe-v1-afbf393f380d8809,adobe_commerce,docs/data/adobe_commerce_v1_inventory_master.csv,170,d4c5ab44325b1e226d522254387bb44deded0ce680fca08a126343ff90d1ba99,"Adobe Commerce 2.4.9 / services current at frozen snapshot","Inventory REST",product_capability,inventory_sales_channel,not_applicable,"edition=PaaS/Magento Open Source where MSI is available;cluster=inventory_topology_msi;review=SECOND_PASS_RESEARCH",not_applicable,adobe:atom:master:inventory_sales_channel,adobe:inventory_topology_msi:inventory_sales_channel,DOMAIN_CAPABILITY,Inventory,provider_domain_capability,ProductOrProviderContext,provider_typed_or_structured,surface_defined,surface_defined,not_applicable,not_applicable,adobe-master:inventory_topology_msi:inventory_sales_channel,not_applicable,PROVIDER_VERIFIED,"SECOND_PASS_RESEARCH; Frozen Adobe master classification; no cross-platform equivalence asserted."
1419b78be46e3e9d625005082b60bf7d28de92645785d1e488fbc053c272d6e0,adobe-v1-afbf393f380d8809,adobe_commerce,docs/data/adobe_commerce_v1_inventory_master.csv,171,4838f58a952ff2b3d177c0349c7f4f22095cde211fb55aca9cb2af5c62498803,"Adobe Commerce 2.4.9 / services current at frozen snapshot","Admin REST custom_attributes + live discovery",product_capability,has_options,not_applicable,"edition=PaaS/Magento Open Source;cluster=customizable_options;review=QUALIFIED_RESEARCH",not_applicable,adobe:atom:master:has_options,adobe:customizable_options:has_options,DERIVED_PROJECTION,OrderCustomization,provider_metadata_projection,ProductOrProviderContext,scalar_or_context,read_projection,read_only,not_applicable,not_applicable,adobe-master:customizable_options:has_options,not_applicable,PROVIDER_VERIFIED,"QUALIFIED_RESEARCH; Frozen Adobe master classification; no cross-platform equivalence asserted."
7fa3f4f22bbc4f18717cdcfcea6dcbf1a5dd117d7154ce8060667e84aab1c3c0,adobe-v1-afbf393f380d8809,adobe_commerce,docs/data/adobe_commerce_v1_inventory_master.csv,172,53a21b48797303a87cb9b75478fa752da2ecc4849f1f4014ab3fd748f671842a,"Adobe Commerce 2.4.9 / services current at frozen snapshot","Admin REST custom_attributes + live discovery",product_capability,required_options,not_applicable,"edition=PaaS/Magento Open Source;cluster=customizable_options;review=QUALIFIED_RESEARCH",not_applicable,adobe:atom:master:required_options,adobe:customizable_options:required_options,DERIVED_PROJECTION,OrderCustomization,provider_metadata_projection,ProductOrProviderContext,scalar_or_context,read_projection,read_only,not_applicable,not_applicable,adobe-master:customizable_options:required_options,not_applicable,PROVIDER_VERIFIED,"QUALIFIED_RESEARCH; Frozen Adobe master classification; no cross-platform equivalence asserted."
7ec41a516099eb2eae1f89548bc6a52da9928b121fee48b08e49a0918aacfabd,adobe-v1-afbf393f380d8809,adobe_commerce,docs/data/adobe_commerce_v1_inventory_master.csv,173,30976ebd420cbd0d69612c45fc25a4d738ba193705f16f6fe520da32306de558,"Adobe Commerce 2.4.9 / services current at frozen snapshot","GraphQL/product READ representation",product_capability,is_returnable,not_applicable,"edition=Adobe Commerce only;cluster=fulfillment_policy;review=QUALIFIED_RESEARCH",not_applicable,adobe:atom:master:is_returnable,adobe:fulfillment_policy:is_returnable,DERIVED_PROJECTION,Returns,read_projection,ProductOrProviderContext,scalar_or_context,read_projection,read_only,not_applicable,not_applicable,adobe-master:fulfillment_policy:is_returnable,queue:adobe_rma_write_identity,DEFERRED_REVIEW,"QUALIFIED_RESEARCH; Frozen Adobe master classification; no cross-platform equivalence asserted."
7c1f57842c3f4c2bbe76adb15408050efd7ed5ca98450106995f20c3e4301d4e,adobe-v1-afbf393f380d8809,adobe_commerce,docs/data/adobe_commerce_v1_inventory_master.csv,174,4c58492d8ab0518c8f4898718cc300589d98ce76adb2157a7a9a30eded6a7963,"Adobe Commerce 2.4.9 / services current at frozen snapshot","GraphQL/product READ representation",product_capability,gift_wrapping_available,not_applicable,"edition=Adobe Commerce only;cluster=gift_and_merchandising;review=QUALIFIED_RESEARCH",not_applicable,adobe:atom:master:gift_wrapping_available,adobe:gift_and_merchandising:gift_wrapping_available,DERIVED_PROJECTION,Merchandising,read_projection,ProductOrProviderContext,scalar_or_context,read_projection,read_only,not_applicable,not_applicable,adobe-master:gift_and_merchandising:gift_wrapping_available,queue:adobe_gift_wrap_write_identity,DEFERRED_REVIEW,"QUALIFIED_RESEARCH; Frozen Adobe master classification; no cross-platform equivalence asserted."
ac48b6a24c4a18f0d9d68bd664a122cc7a3840af3055e9620e4d74c12956c237,adobe-v1-afbf393f380d8809,adobe_commerce,docs/data/adobe_commerce_v1_inventory_master.csv,175,471b1a94819294e0be4c34b1fb0a6e03324e84e0a991b25a83b6da6347c308ab,"Adobe Commerce 2.4.9 / services current at frozen snapshot","GraphQL/product READ representation",product_capability,gift_wrapping_price,not_applicable,"edition=Adobe Commerce only;cluster=gift_and_merchandising;review=QUALIFIED_RESEARCH",not_applicable,adobe:atom:master:gift_wrapping_price,adobe:gift_and_merchandising:gift_wrapping_price,DOMAIN_CAPABILITY,Merchandising,provider_domain_capability,ProductOrProviderContext,provider_typed_or_structured,readable,not_proven,not_applicable,not_applicable,adobe-master:gift_and_merchandising:gift_wrapping_price,queue:adobe_gift_wrap_write_identity,DEFERRED_REVIEW,"QUALIFIED_RESEARCH; Frozen Adobe master classification; no cross-platform equivalence asserted."
9f99f28d8ee2d455e6c50f4cd1734144d9fa4c60ddf9e1b767f778c576363580,adobe-v1-afbf393f380d8809,adobe_commerce,docs/data/adobe_commerce_v1_inventory_master.csv,176,8fd54b9277ef1991ce9bddf62c69dbbb39a1935c4bd7159987a248635f6dbd5c,"Adobe Commerce 2.4.9 / services current at frozen snapshot","SaaS GraphQL ProductAttributeFile READ projection",product_capability,saas_attribute_file_value,not_applicable,"edition=Adobe Commerce as a Cloud Service;cluster=dynamic_attributes;review=THIRD_PASS_RESEARCH",not_applicable,adobe:atom:master:saas_attribute_file_value,adobe:dynamic_attributes:saas_attribute_file_value,DERIVED_PROJECTION,DynamicField,read_projection,ProductOrProviderContext,scalar_or_context,read_projection,read_only,not_applicable,not_applicable,adobe-master:dynamic_attributes:saas_attribute_file_value,not_applicable,PROVIDER_VERIFIED,"THIRD_PASS_RESEARCH; Frozen Adobe master classification; no cross-platform equivalence asserted."
821dac8e2676a82c932fb31e82b37e0e107b4cb4d8c66cba202cd089f745b817,adobe-v1-afbf393f380d8809,adobe_commerce,docs/data/adobe_commerce_v1_inventory_master.csv,177,b5a492bb02beb5e1581329f3572da8047ee04165243e7ecf732637d5939b9e7c,"Adobe Commerce 2.4.9 / services current at frozen snapshot","SaaS GraphQL AttributeImage READ projection",product_capability,saas_attribute_image_value,not_applicable,"edition=Adobe Commerce as a Cloud Service;cluster=dynamic_attributes;review=THIRD_PASS_RESEARCH",not_applicable,adobe:atom:master:saas_attribute_image_value,adobe:dynamic_attributes:saas_attribute_image_value,DERIVED_PROJECTION,DynamicField,read_projection,ProductOrProviderContext,scalar_or_context,read_projection,read_only,not_applicable,not_applicable,adobe-master:dynamic_attributes:saas_attribute_image_value,not_applicable,PROVIDER_VERIFIED,"THIRD_PASS_RESEARCH; Frozen Adobe master classification; no cross-platform equivalence asserted."
f62c8133cb0041c36df29be9db2e880a2c409487f64de42fa05cc03276f11c31,adobe-v1-afbf393f380d8809,adobe_commerce,docs/data/adobe_commerce_v1_inventory_master.csv,178,80415672023418dadaea9863e8317d64a4cf7039f46590fe89ddaf18ae32c5aa,"Adobe Commerce 2.4.9 / services current at frozen snapshot","core GraphQL ProductInterface READ",product_capability,url_rewrites,not_applicable,"edition=PaaS/Magento Open Source;cluster=seo_routing;review=SECOND_PASS_RESEARCH",not_applicable,adobe:atom:master:url_rewrites,adobe:seo_routing:url_rewrites,DERIVED_PROJECTION,Connector,read_projection,ProductOrProviderContext,scalar_or_context,read_projection,read_only,not_applicable,not_applicable,adobe-master:seo_routing:url_rewrites,not_applicable,PROVIDER_VERIFIED,"SECOND_PASS_RESEARCH; Frozen Adobe master classification; no cross-platform equivalence asserted."
7c0fbf5ca7aa2cf91c970367ca7d111701a8ec102fcceaa029810d441d4c7322,adobe-v1-afbf393f380d8809,adobe_commerce,docs/data/adobe_commerce_v1_inventory_master.csv,179,161ec2f033d859f82b499e842ea5edc968ae3275b3934ea079804e240444a700,"Adobe Commerce 2.4.9 / services current at frozen snapshot","GraphQL/storefront READ",product_capability,canonical_url,not_applicable,"edition=PaaS/Magento Open Source + Adobe Commerce SaaS;cluster=seo_routing;review=SECOND_PASS_RESEARCH",not_applicable,adobe:atom:master:canonical_url,adobe:seo_routing:canonical_url,DERIVED_PROJECTION,Connector,read_projection,ProductOrProviderContext,scalar_or_context,read_projection,read_only,not_applicable,not_applicable,adobe-master:seo_routing:canonical_url,not_applicable,PROVIDER_VERIFIED,"SECOND_PASS_RESEARCH; Frozen Adobe master classification; no cross-platform equivalence asserted."
ed9d90bdef46dd58edd01c1227d28c164e948364c610b97bbda060c310680b9d,adobe-v1-afbf393f380d8809,adobe_commerce,docs/data/adobe_commerce_v1_inventory_master.csv,180,0a015dfaf2c4bca52e913787ba0d4770a2f9a739404ba330b4d5f9306d939568,"Adobe Commerce 2.4.9 / services current at frozen snapshot","core GraphQL ProductInterface READ",product_capability,url_suffix,not_applicable,"edition=PaaS/Magento Open Source;cluster=seo_routing;review=SECOND_PASS_RESEARCH",not_applicable,adobe:atom:master:url_suffix,adobe:seo_routing:url_suffix,DERIVED_PROJECTION,Connector,read_projection,ProductOrProviderContext,scalar_or_context,read_projection,read_only,not_applicable,not_applicable,adobe-master:seo_routing:url_suffix,not_applicable,PROVIDER_VERIFIED,"SECOND_PASS_RESEARCH; Frozen Adobe master classification; no cross-platform equivalence asserted."
013322f3c4df8f1a841341d47c45d0e6cb68dcea0f52a47cf64e38d9e0fef46a,adobe-v1-afbf393f380d8809,adobe_commerce,docs/data/adobe_commerce_v1_inventory_master.csv,181,8a374c59374ab4ac73a17205f26bf6c4ba088ed3615354e605c61ee0111aed7b,"Adobe Commerce 2.4.9 / services current at frozen snapshot","core GraphQL deprecated READ / live EAV",product_capability,url_path,not_applicable,"edition=PaaS/Magento Open Source;cluster=seo_routing;review=SECOND_PASS_RESEARCH",not_applicable,adobe:atom:master:url_path,adobe:seo_routing:url_path,DERIVED_PROJECTION,Connector,read_projection,ProductOrProviderContext,scalar_or_context,read_projection,read_only,not_applicable,not_applicable,adobe-master:seo_routing:url_path,not_applicable,PROVIDER_VERIFIED,"SECOND_PASS_RESEARCH; Frozen Adobe master classification; no cross-platform equivalence asserted."
cc5d7d74a78ad4149a072056be0c3b50b387dec4067059af93bb5373d0b684d9,adobe-v1-afbf393f380d8809,adobe_commerce,docs/data/adobe_commerce_v1_inventory_master.csv,182,f5162a28b05f1bd5520137c756499e4bb9fc7c3d4b3d5b2c213651311795cdda,"Adobe Commerce 2.4.9 / services current at frozen snapshot","Admin REST BundleDataLinkInterface",product_capability,bundle_product_links,not_applicable,"edition=PaaS/Magento Open Source;cluster=bundle_composition;review=THIRD_PASS_RESEARCH",not_applicable,adobe:atom:master:bundle_product_links,adobe:alias:bundle_composition,DOMAIN_CAPABILITY,BundleComposition,provider_domain_capability,ProductOrProviderContext,provider_typed_or_structured,surface_defined,surface_defined,not_applicable,not_applicable,adobe-master:bundle_composition:bundle_product_links,queue:adobe_composition_mapping,DEFERRED_REVIEW,"THIRD_PASS_RESEARCH; Frozen Adobe master classification; no cross-platform equivalence asserted."
f62cec3ccb48efe0524e84ee46aa72845381c00ace3ac2569b2dfce8ba218f7a,adobe-v1-afbf393f380d8809,adobe_commerce,docs/data/adobe_commerce_v1_inventory_master.csv,183,660c5286f176376240a51ee796636fc4075df0f812ab07209dfe2e46d491b0be,"Adobe Commerce 2.4.9 / services current at frozen snapshot","core GraphQL GiftCardAmounts READ",product_capability,giftcard_amounts,not_applicable,"edition=Adobe Commerce;cluster=gift_card_product;review=THIRD_PASS_RESEARCH",not_applicable,adobe:atom:master:giftcard_amounts,adobe:alias:giftcard_amount,DERIVED_PROJECTION,GiftCard,read_projection,ProductOrProviderContext,scalar_or_context,read_projection,read_only,not_applicable,not_applicable,adobe-master:gift_card_product:giftcard_amounts,not_applicable,PROVIDER_VERIFIED,"THIRD_PASS_RESEARCH; Frozen Adobe master classification; no cross-platform equivalence asserted."
83c4200d7ddc5193778ce743cbc5927005377f4c894343995a25063b157ee248,adobe-v1-afbf393f380d8809,adobe_commerce,docs/data/adobe_commerce_v1_inventory_master.csv,184,d20a6c19a7554e091f0f09e3b683210818e6fbb3d9b7a187a3329159ad4f4769,"Adobe Commerce 2.4.9 / services current at frozen snapshot","Admin REST / stable EAV custom attribute",product_capability,cost,not_applicable,"edition=PaaS/Magento Open Source;cluster=pricing;review=FOURTH_PASS_RESEARCH",not_applicable,adobe:atom:master:cost,adobe:pricing:cost,DOMAIN_CAPABILITY,Pricing,provider_domain_capability,ProductOrProviderContext,provider_typed_or_structured,surface_defined,surface_defined,not_applicable,not_applicable,adobe-master:pricing:cost,not_applicable,PROVIDER_VERIFIED,"FOURTH_PASS_RESEARCH; Frozen Adobe master classification; no cross-platform equivalence asserted."
83f8f0532ccd51d7e7066527c96e55c929b634dcde2273dcb72203273bc46bf5,adobe-v1-925f07633b4f361b,adobe_commerce,docs/data/adobe_commerce_v1_structured_object_fields.csv,1,74e15da9a93f6b9e8ce9ace00b79379aade68c70a4ebe498f005ae0ca3d8d4b1,"Adobe Commerce 2.4.9 / services current at frozen snapshot","GraphQL attribute metadata + Admin REST attribute APIs",authoritative_attribute_metadata,code,authoritative_attribute_metadata.code,family=authoritative_attribute_metadata;entry_kind=schema_metadata;review=INITIAL_RESEARCH,4a65049e8b7150402a45bcf402142b8b4969b1ca79d90261af8ebc95ff491a97,adobe:atom:structure:authoritative_attribute_metadata:code,adobe:structure:authoritative_attribute_metadata:code,STRUCTURE_MEMBER,AttributeSchema,value_or_context_member,StructuredMember,provider_typed,surface_defined,surface_defined,not_applicable,not_applicable,adobe-structured:authoritative_attribute_metadata:code,not_applicable,PROVIDER_VERIFIED,"INITIAL_RESEARCH; stable attribute code/identity"
17b19a9499356d30ffcc6b9cb6bac9a97b286a0eb89e2eee9a69a2ba7cee7e3d,adobe-v1-925f07633b4f361b,adobe_commerce,docs/data/adobe_commerce_v1_structured_object_fields.csv,2,b150271069315896b6de52530fcd06d5c6d52e9066eed218d019b1846f623b63,"Adobe Commerce 2.4.9 / services current at frozen snapshot","GraphQL attribute metadata + Admin REST attribute APIs",authoritative_attribute_metadata,default_value,authoritative_attribute_metadata.default_value,family=authoritative_attribute_metadata;entry_kind=schema_metadata;review=INITIAL_RESEARCH,4a65049e8b7150402a45bcf402142b8b4969b1ca79d90261af8ebc95ff491a97,adobe:atom:structure:authoritative_attribute_metadata:default_value,adobe:structure:authoritative_attribute_metadata:default_value,STRUCTURE_MEMBER,AttributeSchema,value_or_context_member,StructuredMember,provider_typed,surface_defined,surface_defined,not_applicable,not_applicable,adobe-structured:authoritative_attribute_metadata:default_value,not_applicable,PROVIDER_VERIFIED,"INITIAL_RESEARCH; attribute default value"
aa36d80ed831dbd8d4de6eae50d82bb98385f3d2e444284e86a62f711fbfcab8,adobe-v1-925f07633b4f361b,adobe_commerce,docs/data/adobe_commerce_v1_structured_object_fields.csv,3,3715e63d1b6115ab76815a80b141291fa4b72e36ed732354f569622a3e1c1e7f,"Adobe Commerce 2.4.9 / services current at frozen snapshot","GraphQL attribute metadata",authoritative_attribute_metadata,entity_type,authoritative_attribute_metadata.entity_type,family=authoritative_attribute_metadata;entry_kind=schema_metadata;review=INITIAL_RESEARCH,4a65049e8b7150402a45bcf402142b8b4969b1ca79d90261af8ebc95ff491a97,adobe:atom:structure:authoritative_attribute_metadata:entity_type,adobe:structure:authoritative_attribute_metadata:entity_type,STRUCTURE_MEMBER,AttributeSchema,value_or_context_member,StructuredMember,provider_typed,readable,not_proven,not_applicable,not_applicable,adobe-structured:authoritative_attribute_metadata:entity_type,not_applicable,PROVIDER_VERIFIED,"INITIAL_RESEARCH; entity type such as catalog product"
f3817e8170fe67df25e9dfde6a25bb39a2ea447cccd0525d63f0e7e0c1af2b9d,adobe-v1-925f07633b4f361b,adobe_commerce,docs/data/adobe_commerce_v1_structured_object_fields.csv,4,a43e84fb7faa72d32014880c9a2d95852d23a3eb5c1bacdf541f8aacdad5d380,"Adobe Commerce 2.4.9 / services current at frozen snapshot","GraphQL attribute metadata",authoritative_attribute_metadata,frontend_class,authoritative_attribute_metadata.frontend_class,family=authoritative_attribute_metadata;entry_kind=schema_metadata;review=INITIAL_RESEARCH,4a65049e8b7150402a45bcf402142b8b4969b1ca79d90261af8ebc95ff491a97,adobe:atom:structure:authoritative_attribute_metadata:frontend_class,adobe:structure:authoritative_attribute_metadata:frontend_class,STRUCTURE_MEMBER,AttributeSchema,value_or_context_member,StructuredMember,provider_typed,readable,not_proven,not_applicable,not_applicable,adobe-structured:authoritative_attribute_metadata:frontend_class,not_applicable,PROVIDER_VERIFIED,"INITIAL_RESEARCH; frontend validation/class hint"
ea9991b0663feae93cb5786e35ffda241d6961309efb2fea73921997d3a0bcb9,adobe-v1-925f07633b4f361b,adobe_commerce,docs/data/adobe_commerce_v1_structured_object_fields.csv,5,6af62737a2822e4c1742bfd927d19673389996662e08e34f97f83c7ad2cec47f,"Adobe Commerce 2.4.9 / services current at frozen snapshot","GraphQL attribute metadata + Admin REST attribute APIs",authoritative_attribute_metadata,frontend_input,authoritative_attribute_metadata.frontend_input,family=authoritative_attribute_metadata;entry_kind=schema_metadata;review=INITIAL_RESEARCH,4a65049e8b7150402a45bcf402142b8b4969b1ca79d90261af8ebc95ff491a97,adobe:atom:structure:authoritative_attribute_metadata:frontend_input,adobe:structure:authoritative_attribute_metadata:frontend_input,STRUCTURE_MEMBER,AttributeSchema,value_or_context_member,StructuredMember,provider_typed,surface_defined,surface_defined,not_applicable,not_applicable,adobe-structured:authoritative_attribute_metadata:frontend_input,not_applicable,PROVIDER_VERIFIED,"INITIAL_RESEARCH; input/data-shape hint used for normalization"
df784030e86ed5f7be1f5a58492e8e4a693f88a05cabf9201ee53ecaa9c900be,adobe-v1-925f07633b4f361b,adobe_commerce,docs/data/adobe_commerce_v1_structured_object_fields.csv,6,bb48db32bf2a7bf7a5fe4051e6b6abc06bff15897352f3b43295f3e1f8240aea,"Adobe Commerce 2.4.9 / services current at frozen snapshot","GraphQL attribute metadata + Admin REST attribute APIs",authoritative_attribute_metadata,is_required,authoritative_attribute_metadata.is_required,family=authoritative_attribute_metadata;entry_kind=schema_metadata;review=INITIAL_RESEARCH,4a65049e8b7150402a45bcf402142b8b4969b1ca79d90261af8ebc95ff491a97,adobe:atom:structure:authoritative_attribute_metadata:is_required,adobe:structure:authoritative_attribute_metadata:is_required,STRUCTURE_MEMBER,AttributeSchema,requiredness_member,StructuredMember,provider_typed,surface_defined,surface_defined,not_applicable,not_applicable,adobe-structured:authoritative_attribute_metadata:is_required,not_applicable,PROVIDER_VERIFIED,"INITIAL_RESEARCH; requiredness metadata"
761353289906b95ef28eece097fb61ab59581425e16667d872832dc08d26d01b,adobe-v1-925f07633b4f361b,adobe_commerce,docs/data/adobe_commerce_v1_structured_object_fields.csv,7,e53ffa75563785ac66f8b6b7fdc23f21f3790b08561e44d87aa97fee010329c8,"Adobe Commerce 2.4.9 / services current at frozen snapshot","GraphQL attribute metadata",authoritative_attribute_metadata,is_unique,authoritative_attribute_metadata.is_unique,family=authoritative_attribute_metadata;entry_kind=schema_metadata;review=INITIAL_RESEARCH,4a65049e8b7150402a45bcf402142b8b4969b1ca79d90261af8ebc95ff491a97,adobe:atom:structure:authoritative_attribute_metadata:is_unique,adobe:structure:authoritative_attribute_metadata:is_unique,STRUCTURE_MEMBER,AttributeSchema,value_or_context_member,StructuredMember,provider_typed,readable,not_proven,not_applicable,not_applicable,adobe-structured:authoritative_attribute_metadata:is_unique,not_applicable,PROVIDER_VERIFIED,"INITIAL_RESEARCH; uniqueness metadata"
017f2a7c11221d9d0cbced0679b4f6b70778d4e8c9305e30b69462bc2fc2e980,adobe-v1-925f07633b4f361b,adobe_commerce,docs/data/adobe_commerce_v1_structured_object_fields.csv,8,a26f3a0cfc96da456d8ee5e4ee471292e99aac397e27d8def1ddd86c033e7133,"Adobe Commerce 2.4.9 / services current at frozen snapshot","GraphQL attribute metadata",authoritative_attribute_metadata,label,authoritative_attribute_metadata.label,family=authoritative_attribute_metadata;entry_kind=schema_metadata;review=INITIAL_RESEARCH,4a65049e8b7150402a45bcf402142b8b4969b1ca79d90261af8ebc95ff491a97,adobe:atom:structure:authoritative_attribute_metadata:label,adobe:structure:authoritative_attribute_metadata:label,STRUCTURE_MEMBER,AttributeSchema,value_or_context_member,StructuredMember,provider_typed,readable,not_proven,not_applicable,not_applicable,adobe-structured:authoritative_attribute_metadata:label,not_applicable,PROVIDER_VERIFIED,"INITIAL_RESEARCH; human label not stable identity"
ad075c6b0167098addcadd34d4376acb9011a8e37635d458b0a1b848a224f0f3,adobe-v1-925f07633b4f361b,adobe_commerce,docs/data/adobe_commerce_v1_structured_object_fields.csv,9,94b677f5d5bb44f16eaa8d9845babe8ebae437bb3601e19da18b168f66cec3df,"Adobe Commerce 2.4.9 / services current at frozen snapshot","GraphQL attribute metadata + Admin REST attribute options",authoritative_attribute_metadata,options,authoritative_attribute_metadata.options,family=authoritative_attribute_metadata;entry_kind=schema_metadata;review=INITIAL_RESEARCH,4a65049e8b7150402a45bcf402142b8b4969b1ca79d90261af8ebc95ff491a97,adobe:atom:structure:authoritative_attribute_metadata:options,adobe:structure:authoritative_attribute_metadata:options,STRUCTURE_MEMBER,AttributeSchema,value_or_context_member,StructuredMember,provider_typed,surface_defined,surface_defined,not_applicable,not_applicable,adobe-structured:authoritative_attribute_metadata:options,not_applicable,PROVIDER_VERIFIED,"INITIAL_RESEARCH; select/multiselect option vocabulary"
8a6d22563c8a3f002553e97f2f1c337bafbbd1dd21d7374e36e941efeb36cec1,adobe-v1-925f07633b4f361b,adobe_commerce,docs/data/adobe_commerce_v1_structured_object_fields.csv,10,b17077c9b4f9c7a7e0628c823507809965cc1852fa3732aec03fe5fcc7d3436c,"Adobe Commerce 2.4.9 / services current at frozen snapshot","Admin REST + core GraphQL 2.4.9",media_gallery_entry,id,media_gallery_entry.id,family=media_gallery_entry;entry_kind=external_system_metadata;review=INITIAL_RESEARCH,58fc0d43948afd9b759ebe406b440138b6679c3c2de4908a1f8d7d11b91b4547,adobe:atom:structure:media_gallery_entry:id,adobe:structure:media_gallery_entry:id,STRUCTURE_MEMBER,Media,identity_member,StructuredMember,provider_typed,surface_defined,surface_defined,not_applicable,not_applicable,adobe-structured:media_gallery_entry:id,not_applicable,PROVIDER_VERIFIED,"INITIAL_RESEARCH; legacy numeric media entry identity; GraphQL deprecates in favor of uid"
20cfdd4b9c6c57c0d5dcf88754886f768dbbea17fd579d0c8974ce683856a529,adobe-v1-925f07633b4f361b,adobe_commerce,docs/data/adobe_commerce_v1_structured_object_fields.csv,11,508b6e2a4aed307dd0133080cc0c29edfe1704a11c093b2252a766efe0e8fd0c,"Adobe Commerce 2.4.9 / services current at frozen snapshot","core GraphQL 2.4.9",media_gallery_entry,uid,media_gallery_entry.uid,family=media_gallery_entry;entry_kind=external_system_metadata;review=INITIAL_RESEARCH,58fc0d43948afd9b759ebe406b440138b6679c3c2de4908a1f8d7d11b91b4547,adobe:atom:structure:media_gallery_entry:uid,adobe:structure:media_gallery_entry:uid,STRUCTURE_MEMBER,Media,identity_member,StructuredMember,provider_typed,readable,not_proven,not_applicable,not_applicable,adobe-structured:media_gallery_entry:uid,not_applicable,PROVIDER_VERIFIED,"INITIAL_RESEARCH; GraphQL media entry identity"
fd32c33a45725837383300a60dd8676324ee03d94ecb8feff26b9c0975a22d2f,adobe-v1-925f07633b4f361b,adobe_commerce,docs/data/adobe_commerce_v1_structured_object_fields.csv,12,3bfc0fc47352065291a4f1b849ce65b801e7a2db4a613c33955a544017528b70,"Adobe Commerce 2.4.9 / services current at frozen snapshot","Admin REST + core GraphQL 2.4.9",media_gallery_entry,media_type,media_gallery_entry.media_type,family=media_gallery_entry;entry_kind=domain_value;review=INITIAL_RESEARCH,58fc0d43948afd9b759ebe406b440138b6679c3c2de4908a1f8d7d11b91b4547,adobe:atom:structure:media_gallery_entry:media_type,adobe:structure:media_gallery_entry:media_type,STRUCTURE_MEMBER,Media,media_role_member,StructuredMember,provider_typed,surface_defined,surface_defined,not_applicable,not_applicable,adobe-structured:media_gallery_entry:media_type,not_applicable,PROVIDER_VERIFIED,"INITIAL_RESEARCH; image or video kind"
2ae26be67fc4999a0917217daee8f946e7fcd33294a5b542f5e402f75b77cd93,adobe-v1-925f07633b4f361b,adobe_commerce,docs/data/adobe_commerce_v1_structured_object_fields.csv,13,31ea544d6887eb3e6debcee6a0688f0b1ce0c96a92ba26c93372fb1fd6f5cba1,"Adobe Commerce 2.4.9 / services current at frozen snapshot","Admin REST + core GraphQL 2.4.9",media_gallery_entry,label,media_gallery_entry.label,family=media_gallery_entry;entry_kind=domain_value;review=FOURTH_PASS_RESEARCH,58fc0d43948afd9b759ebe406b440138b6679c3c2de4908a1f8d7d11b91b4547,adobe:atom:structure:media_gallery_entry:label,adobe:structure:media_gallery_entry:label,STRUCTURE_MEMBER,Media,media_role_member,StructuredMember,provider_typed,surface_defined,surface_defined,not_applicable,not_applicable,adobe-structured:media_gallery_entry:label,not_applicable,PROVIDER_VERIFIED,"FOURTH_PASS_RESEARCH; media-entry alt/display label with store-scope inheritance; REST member also represents Import additional_image_labels through list-to-member translation; not a role-specific Import *_image_label field"
ab2e761ac8ac42a1fd992180ecc41e9deff5a626b4c62a3e6f42ffa2d8214c23,adobe-v1-925f07633b4f361b,adobe_commerce,docs/data/adobe_commerce_v1_structured_object_fields.csv,14,bb06ec6b182fec3ffc309ee001a4cedae1eb93f9ac00c1494278808ed0d52ff9,"Adobe Commerce 2.4.9 / services current at frozen snapshot","Admin REST + core GraphQL 2.4.9",media_gallery_entry,position,media_gallery_entry.position,family=media_gallery_entry;entry_kind=domain_value;review=INITIAL_RESEARCH,58fc0d43948afd9b759ebe406b440138b6679c3c2de4908a1f8d7d11b91b4547,adobe:atom:structure:media_gallery_entry:position,adobe:structure:media_gallery_entry:position,STRUCTURE_MEMBER,Media,ordering_member,StructuredMember,provider_typed,surface_defined,surface_defined,not_applicable,not_applicable,adobe-structured:media_gallery_entry:position,not_applicable,PROVIDER_VERIFIED,"INITIAL_RESEARCH; ordered media position with store-scope inheritance semantics"
88dd713ed3e5fe36d1e465c3757aed97a05203224b438306fe8c13082a44cc49,adobe-v1-925f07633b4f361b,adobe_commerce,docs/data/adobe_commerce_v1_structured_object_fields.csv,15,081d4c34077961d81f75f61937ed3856cde1c8c8b2ed5cd3da6f8b322af303c8,"Adobe Commerce 2.4.9 / services current at frozen snapshot","Admin REST + core GraphQL 2.4.9",media_gallery_entry,disabled,media_gallery_entry.disabled,family=media_gallery_entry;entry_kind=domain_value;review=FOURTH_PASS_RESEARCH,58fc0d43948afd9b759ebe406b440138b6679c3c2de4908a1f8d7d11b91b4547,adobe:atom:structure:media_gallery_entry:disabled,adobe:structure:media_gallery_entry:disabled,STRUCTURE_MEMBER,Media,media_role_member,StructuredMember,provider_typed,surface_defined,surface_defined,not_applicable,not_applicable,adobe-structured:media_gallery_entry:disabled,not_applicable,PROVIDER_VERIFIED,"FOURTH_PASS_RESEARCH; per-entry visibility flag with store-scope inheritance; related to Import hide_from_product_page through non-raw-equal translation"
fac174fcc4cdcfda3faeaf5009635a15d0fb57ff8485ea2967011375cda086aa,adobe-v1-925f07633b4f361b,adobe_commerce,docs/data/adobe_commerce_v1_structured_object_fields.csv,16,434bba2263b407f4328651e22001eadf02b3bd420f720a81937d94fa1a40fd8e,"Adobe Commerce 2.4.9 / services current at frozen snapshot","Admin REST + core GraphQL 2.4.9",media_gallery_entry,types,media_gallery_entry.types,family=media_gallery_entry;entry_kind=domain_value;review=FOURTH_PASS_RESEARCH,58fc0d43948afd9b759ebe406b440138b6679c3c2de4908a1f8d7d11b91b4547,adobe:atom:structure:media_gallery_entry:types,adobe:structure:media_gallery_entry:types,STRUCTURE_MEMBER,Media,media_role_member,StructuredMember,provider_typed,surface_defined,surface_defined,not_applicable,not_applicable,adobe-structured:media_gallery_entry:types,not_applicable,PROVIDER_VERIFIED,"FOURTH_PASS_RESEARCH; media role tokens image/small_image/thumbnail; related to Import base_image/small_image/thumbnail_image slots but not raw-equal representations"
0eaac56fa3b624543df8bd424cf640f5a3d0d362345dacd48020489d3fd44154,adobe-v1-925f07633b4f361b,adobe_commerce,docs/data/adobe_commerce_v1_structured_object_fields.csv,17,b72eb3a6eb0301eab82553a64ed86c44edf5452bff26e85ca8ff210ece608e78,"Adobe Commerce 2.4.9 / services current at frozen snapshot","Admin REST + core GraphQL 2.4.9",media_gallery_entry,file,media_gallery_entry.file,family=media_gallery_entry;entry_kind=domain_value;review=FOURTH_PASS_RESEARCH,58fc0d43948afd9b759ebe406b440138b6679c3c2de4908a1f8d7d11b91b4547,adobe:atom:structure:media_gallery_entry:file,adobe:structure:media_gallery_entry:file,STRUCTURE_MEMBER,Media,value_or_context_member,StructuredMember,provider_typed,surface_defined,surface_defined,not_applicable,not_applicable,adobe-structured:media_gallery_entry:file,not_applicable,PROVIDER_VERIFIED,"FOURTH_PASS_RESEARCH; server-side media path; REST member also represents Import additional_images through list-to-member translation"
5c6bad8213b07f2012e69799ed83976ba97c9d6c4a8af196e721cc0b8284a3ed,adobe-v1-925f07633b4f361b,adobe_commerce,docs/data/adobe_commerce_v1_structured_object_fields.csv,18,5fd92e658cb8c7cdd0f8f2c00df346ecdc3e3eb5b048c2266fc0f8b5b3c04c65,"Adobe Commerce 2.4.9 / services current at frozen snapshot","Admin REST + core GraphQL 2.4.9",media_gallery_entry,content,media_gallery_entry.content,family=media_gallery_entry;entry_kind=structured_capability;review=INITIAL_RESEARCH,58fc0d43948afd9b759ebe406b440138b6679c3c2de4908a1f8d7d11b91b4547,adobe:atom:structure:media_gallery_entry:content,adobe:structure:media_gallery_entry:content,STRUCTURE_MEMBER,Media,value_or_context_member,StructuredMember,structured,surface_defined,surface_defined,not_applicable,not_applicable,adobe-structured:media_gallery_entry:content,not_applicable,PROVIDER_VERIFIED,"INITIAL_RESEARCH; binary upload content object"
99ccdad310738eeefce92e466321cb0a8d3b8743dd546f687cccd6fb0bba9705,adobe-v1-925f07633b4f361b,adobe_commerce,docs/data/adobe_commerce_v1_structured_object_fields.csv,19,61156f10b17d7d10d908844443402a02e5ce5d76e5140a368a612e0e620b512d,"Adobe Commerce 2.4.9 / services current at frozen snapshot","Admin REST + core GraphQL 2.4.9",media_gallery_entry,video_content,media_gallery_entry.video_content,family=media_gallery_entry;entry_kind=structured_capability;review=INITIAL_RESEARCH,58fc0d43948afd9b759ebe406b440138b6679c3c2de4908a1f8d7d11b91b4547,adobe:atom:structure:media_gallery_entry:video_content,adobe:structure:media_gallery_entry:video_content,STRUCTURE_MEMBER,Media,value_or_context_member,StructuredMember,structured,surface_defined,surface_defined,not_applicable,not_applicable,adobe-structured:media_gallery_entry:video_content,not_applicable,PROVIDER_VERIFIED,"INITIAL_RESEARCH; external-video metadata object"
e553363a51b2203e3436a793475ca7e3f0bcd1b7d4c5fbb453644e275ed56b2a,adobe-v1-925f07633b4f361b,adobe_commerce,docs/data/adobe_commerce_v1_structured_object_fields.csv,20,454194d52f754a5e8d2e113003f6b700dce8d19d67121ab87f805074ad7fd30a,"Adobe Commerce 2.4.9 / services current at frozen snapshot","core GraphQL type reference + Admin REST media writes",media_content,base64_encoded_data,media_content.base64_encoded_data,family=media_content;entry_kind=structured_capability;review=INITIAL_RESEARCH,58fc0d43948afd9b759ebe406b440138b6679c3c2de4908a1f8d7d11b91b4547,adobe:atom:structure:media_content:base64_encoded_data,adobe:structure:media_content:base64_encoded_data,STRUCTURE_MEMBER,Media,value_or_context_member,StructuredMember,structured,surface_defined,surface_defined,not_applicable,not_applicable,adobe-structured:media_content:base64_encoded_data,not_applicable,PROVIDER_VERIFIED,"INITIAL_RESEARCH; image binary content for write payload"
088c0c5cb4ae876c403b6b325919bfc1ac7c9ce61a68e6c72fbbe7bee25ae9b5,adobe-v1-925f07633b4f361b,adobe_commerce,docs/data/adobe_commerce_v1_structured_object_fields.csv,21,8afacf6b53443cd5bfbe45008022595f1732aaa0670ff7292c45441c6a51b75d,"Adobe Commerce 2.4.9 / services current at frozen snapshot","core GraphQL 2.4.9 type reference",media_content,name,media_content.name,family=media_content;entry_kind=structured_capability;review=INITIAL_RESEARCH,58fc0d43948afd9b759ebe406b440138b6679c3c2de4908a1f8d7d11b91b4547,adobe:atom:structure:media_content:name,adobe:structure:media_content:name,STRUCTURE_MEMBER,Media,value_or_context_member,StructuredMember,structured,readable,not_proven,not_applicable,not_applicable,adobe-structured:media_content:name,not_applicable,PROVIDER_VERIFIED,"INITIAL_RESEARCH; file name"
14fdac8e057aa5dc579988a449a26010241d896649cbefa966df9e5ad9040fb4,adobe-v1-925f07633b4f361b,adobe_commerce,docs/data/adobe_commerce_v1_structured_object_fields.csv,22,fc2c01ca205e836d9deab267642c28b2375082be081af177d072b7979cad5c34,"Adobe Commerce 2.4.9 / services current at frozen snapshot","core GraphQL 2.4.9 type reference",media_content,type,media_content.type,family=media_content;entry_kind=structured_capability;review=INITIAL_RESEARCH,58fc0d43948afd9b759ebe406b440138b6679c3c2de4908a1f8d7d11b91b4547,adobe:atom:structure:media_content:type,adobe:structure:media_content:type,STRUCTURE_MEMBER,Media,value_or_context_member,StructuredMember,structured,readable,not_proven,not_applicable,not_applicable,adobe-structured:media_content:type,not_applicable,PROVIDER_VERIFIED,"INITIAL_RESEARCH; MIME type"
b6ce2c1371fd4faea8e9f459597f4be767b923a07ecb80d47cdc7d61fb4f2e1b,adobe-v1-925f07633b4f361b,adobe_commerce,docs/data/adobe_commerce_v1_structured_object_fields.csv,23,a73b2b530f8ab9d3017ca909f3eaa386a5e68a4f1a467af2c47c34a60bf04487,"Adobe Commerce 2.4.9 / services current at frozen snapshot","core GraphQL 2.4.9 type reference",media_video_content,media_type,media_video_content.media_type,family=media_video_content;entry_kind=structured_capability;review=INITIAL_RESEARCH,e6cf485d2df812b88c5117b534bb91b7bd567d53262c03072c1c71b838da6582,adobe:atom:structure:media_video_content:media_type,adobe:structure:media_video_content:media_type,STRUCTURE_MEMBER,Media,value_or_context_member,StructuredMember,structured,readable,not_proven,not_applicable,not_applicable,adobe-structured:media_video_content:media_type,not_applicable,PROVIDER_VERIFIED,"INITIAL_RESEARCH; external-video marker"
02a6ef555569d6895ec4d45383601c74191bc82756d371e6e66d99a0d5219952,adobe-v1-925f07633b4f361b,adobe_commerce,docs/data/adobe_commerce_v1_structured_object_fields.csv,24,aec61d0470d1a2a1853ce5cd113a96b4527a3bd6c9ebf104d9ad7cb5c6a0ebf4,"Adobe Commerce 2.4.9 / services current at frozen snapshot","core GraphQL 2.4.9 + Admin REST store-scope docs",media_video_content,video_description,media_video_content.video_description,family=media_video_content;entry_kind=domain_value;review=INITIAL_RESEARCH,e6cf485d2df812b88c5117b534bb91b7bd567d53262c03072c1c71b838da6582,adobe:atom:structure:media_video_content:video_description,adobe:structure:media_video_content:video_description,STRUCTURE_MEMBER,Media,value_or_context_member,StructuredMember,provider_typed,surface_defined,surface_defined,not_applicable,not_applicable,adobe-structured:media_video_content:video_description,not_applicable,PROVIDER_VERIFIED,"INITIAL_RESEARCH; video description; store-scope inheritance semantics exist"
bf0011702b2e30a38ce37dcdd8831230a96c106f3383316057b2e9522b9adadf,adobe-v1-925f07633b4f361b,adobe_commerce,docs/data/adobe_commerce_v1_structured_object_fields.csv,25,a9ea5a5365871a8b23758ddbe8746e9bed9c3c17d4f104482cf2c9fcaeb715e0,"Adobe Commerce 2.4.9 / services current at frozen snapshot","core GraphQL 2.4.9 type reference",media_video_content,video_metadata,media_video_content.video_metadata,family=media_video_content;entry_kind=structured_capability;review=INITIAL_RESEARCH,e6cf485d2df812b88c5117b534bb91b7bd567d53262c03072c1c71b838da6582,adobe:atom:structure:media_video_content:video_metadata,adobe:structure:media_video_content:video_metadata,STRUCTURE_MEMBER,Media,value_or_context_member,StructuredMember,structured,readable,not_proven,not_applicable,not_applicable,adobe-structured:media_video_content:video_metadata,not_applicable,PROVIDER_VERIFIED,"INITIAL_RESEARCH; optional vendor video metadata"
f54e8bfb93cff197824ae1ff4b5e9abad82903082e0655857e514df514b6d11e,adobe-v1-925f07633b4f361b,adobe_commerce,docs/data/adobe_commerce_v1_structured_object_fields.csv,26,81a2f970eadf1e1ae738e892f619d4694453cd263dae71687d553ef071927af1,"Adobe Commerce 2.4.9 / services current at frozen snapshot","core GraphQL 2.4.9 type reference",media_video_content,video_provider,media_video_content.video_provider,family=media_video_content;entry_kind=structured_capability;review=INITIAL_RESEARCH,e6cf485d2df812b88c5117b534bb91b7bd567d53262c03072c1c71b838da6582,adobe:atom:structure:media_video_content:video_provider,adobe:structure:media_video_content:video_provider,STRUCTURE_MEMBER,Media,value_or_context_member,StructuredMember,structured,readable,not_proven,not_applicable,not_applicable,adobe-structured:media_video_content:video_provider,not_applicable,PROVIDER_VERIFIED,"INITIAL_RESEARCH; video source/provider"
84bb62c55f3a5628229b1940ec7f203aa4c68853c27b25c4a67597f386c710e3,adobe-v1-925f07633b4f361b,adobe_commerce,docs/data/adobe_commerce_v1_structured_object_fields.csv,27,9cefbd8d1000b9fe6d97f75edc7e34cb1325319abc4a986649b8ecd59a05631b,"Adobe Commerce 2.4.9 / services current at frozen snapshot","core GraphQL 2.4.9 + Admin REST store-scope docs",media_video_content,video_title,media_video_content.video_title,family=media_video_content;entry_kind=domain_value;review=INITIAL_RESEARCH,e6cf485d2df812b88c5117b534bb91b7bd567d53262c03072c1c71b838da6582,adobe:atom:structure:media_video_content:video_title,adobe:structure:media_video_content:video_title,STRUCTURE_MEMBER,Media,value_or_context_member,StructuredMember,provider_typed,surface_defined,surface_defined,not_applicable,not_applicable,adobe-structured:media_video_content:video_title,not_applicable,PROVIDER_VERIFIED,"INITIAL_RESEARCH; video title; store-scope inheritance semantics exist"
8b6257d0d2aab84b675d1ea21f595a907f9806564c6d90e17c9f0c18f36d4be7,adobe-v1-925f07633b4f361b,adobe_commerce,docs/data/adobe_commerce_v1_structured_object_fields.csv,28,0638107d8b02064a767ee76da23d3cebd85e787af39f12ebb378ddad3b05c686,"Adobe Commerce 2.4.9 / services current at frozen snapshot","core GraphQL 2.4.9 type reference",media_video_content,video_url,media_video_content.video_url,family=media_video_content;entry_kind=domain_value;review=INITIAL_RESEARCH,e6cf485d2df812b88c5117b534bb91b7bd567d53262c03072c1c71b838da6582,adobe:atom:structure:media_video_content:video_url,adobe:structure:media_video_content:video_url,STRUCTURE_MEMBER,Media,value_or_context_member,StructuredMember,provider_typed,readable,not_proven,not_applicable,not_applicable,adobe-structured:media_video_content:video_url,not_applicable,PROVIDER_VERIFIED,"INITIAL_RESEARCH; external video URL"
222836bb55aca41d1765a6c768f4ae0dac2cd0ffe2e407179f51ba70180f08bf,adobe-v1-925f07633b4f361b,adobe_commerce,docs/data/adobe_commerce_v1_structured_object_fields.csv,29,005da5a80c52d1c16a1cdf52f85117f452b898d65681a99f472fc782a96c959a,"Adobe Commerce 2.4.9 / services current at frozen snapshot","core GraphQL 2.4.9 ProductLinksInterface",product_link,sku,product_link.sku,family=product_link;entry_kind=external_system_metadata;review=SECOND_PASS_RESEARCH,920c283385a60076c86b7bc655b26ac5c933e62d41f91d31893ac87783026c2b,adobe:atom:structure:product_link:sku,adobe:structure:product_link:sku,STRUCTURE_MEMBER,ProductAssociation,reference_member,StructuredMember,provider_typed,readable,not_proven,not_applicable,not_applicable,adobe-structured:product_link:sku,not_applicable,PROVIDER_VERIFIED,"SECOND_PASS_RESEARCH; reference/object anchor identity; do not promote as separate canonical Product field"
a6acb2409510bc4be25f94f5dce6e411363f7df0811125c411e47ea0c1274e7d,adobe-v1-925f07633b4f361b,adobe_commerce,docs/data/adobe_commerce_v1_structured_object_fields.csv,30,29ab90a42333fa804670c34ec2cb04e9717079024fb65463eb9cd5497ee825e4,"Adobe Commerce 2.4.9 / services current at frozen snapshot","core GraphQL 2.4.9 ProductLinksInterface",product_link,link_type,product_link.link_type,family=product_link;entry_kind=structured_capability;review=INITIAL_RESEARCH,920c283385a60076c86b7bc655b26ac5c933e62d41f91d31893ac87783026c2b,adobe:atom:structure:product_link:link_type,adobe:structure:product_link:link_type,STRUCTURE_MEMBER,ProductAssociation,value_or_context_member,StructuredMember,structured,readable,not_proven,not_applicable,not_applicable,adobe-structured:product_link:link_type,not_applicable,PROVIDER_VERIFIED,"INITIAL_RESEARCH; related/associated/upsell/crosssell relation type"
78dcad022433357647e00248472e37fb6b7e30babb40c79e7ec74425bfd6cabe,adobe-v1-925f07633b4f361b,adobe_commerce,docs/data/adobe_commerce_v1_structured_object_fields.csv,31,d958eb926c75ee257c5edaf6ff0c6db412cdf1adc662fce11340fdbc7c578355,"Adobe Commerce 2.4.9 / services current at frozen snapshot","core GraphQL 2.4.9 ProductLinksInterface",product_link,linked_product_sku,product_link.linked_product_sku,family=product_link;entry_kind=external_system_metadata;review=SECOND_PASS_RESEARCH,920c283385a60076c86b7bc655b26ac5c933e62d41f91d31893ac87783026c2b,adobe:atom:structure:product_link:linked_product_sku,adobe:structure:product_link:linked_product_sku,STRUCTURE_MEMBER,ProductAssociation,reference_member,StructuredMember,provider_typed,readable,not_proven,not_applicable,not_applicable,adobe-structured:product_link:linked_product_sku,not_applicable,PROVIDER_VERIFIED,"SECOND_PASS_RESEARCH; reference/object anchor identity; do not promote as separate canonical Product field"
a0622ca02a8416e5292f11b40812e038b1c131d6240ca8ef672da4cddb42c91a,adobe-v1-925f07633b4f361b,adobe_commerce,docs/data/adobe_commerce_v1_structured_object_fields.csv,32,c4bee8ad0cc4135d105d137dc7feec60069f5630c20ce0a889f592e681cbe0b9,"Adobe Commerce 2.4.9 / services current at frozen snapshot","core GraphQL 2.4.9 ProductLinksInterface",product_link,linked_product_type,product_link.linked_product_type,family=product_link;entry_kind=structured_capability;review=INITIAL_RESEARCH,920c283385a60076c86b7bc655b26ac5c933e62d41f91d31893ac87783026c2b,adobe:atom:structure:product_link:linked_product_type,adobe:structure:product_link:linked_product_type,STRUCTURE_MEMBER,ProductAssociation,value_or_context_member,StructuredMember,structured,readable,not_proven,not_applicable,not_applicable,adobe-structured:product_link:linked_product_type,not_applicable,PROVIDER_VERIFIED,"INITIAL_RESEARCH; target product type"
7f7eb5379cdd943328d4f4a295d3e9305784561de1c570ff6f5258015168dfbc,adobe-v1-925f07633b4f361b,adobe_commerce,docs/data/adobe_commerce_v1_structured_object_fields.csv,33,58ec14872ca051252c445e5c4b998463d1243368fd8de0161360050b45c862ad,"Adobe Commerce 2.4.9 / services current at frozen snapshot","core GraphQL 2.4.9 ProductLinksInterface",product_link,position,product_link.position,family=product_link;entry_kind=domain_value;review=INITIAL_RESEARCH,920c283385a60076c86b7bc655b26ac5c933e62d41f91d31893ac87783026c2b,adobe:atom:structure:product_link:position,adobe:structure:product_link:position,STRUCTURE_MEMBER,ProductAssociation,ordering_member,StructuredMember,provider_typed,readable,not_proven,not_applicable,not_applicable,adobe-structured:product_link:position,not_applicable,PROVIDER_VERIFIED,"INITIAL_RESEARCH; ordering inside relation list"
e642c9b1ca9e36f9aaaf37ec5a6ccee550a6c2e1aeb97d64c0cd4701428498bf,adobe-v1-925f07633b4f361b,adobe_commerce,docs/data/adobe_commerce_v1_structured_object_fields.csv,34,4e3fe4ad9694e4882c81f0aec8c06cedff8027cee3612ee283113fafb5a6ff21,"Adobe Commerce 2.4.9 / services current at frozen snapshot","Admin REST + core GraphQL",customizable_option,option_id,customizable_option.option_id,family=customizable_option;entry_kind=external_system_metadata;review=INITIAL_RESEARCH,34800b3c9632b45bd9363c04bb9ad1a287604590b8843dbec822c790489ae96f,adobe:atom:structure:customizable_option:option_id,adobe:structure:customizable_option:option_id,STRUCTURE_MEMBER,OrderCustomization,identity_member,StructuredMember,provider_typed,surface_defined,surface_defined,not_applicable,not_applicable,adobe-structured:customizable_option:option_id,queue:adobe_customization_architecture,DEFERRED_REVIEW,"INITIAL_RESEARCH; remote custom-option identity"
034c0ab48cf8f169d095e5ba54b1f86df2c4f58a9fce5cf4c57d4836a5e15a60,adobe-v1-925f07633b4f361b,adobe_commerce,docs/data/adobe_commerce_v1_structured_object_fields.csv,35,b262f84ac06df5db164479970fec7f2bfb7aefa334e15b2dbbf836e2ad5de4d7,"Adobe Commerce 2.4.9 / services current at frozen snapshot","Admin REST custom option endpoint",customizable_option,product_sku,customizable_option.product_sku,family=customizable_option;entry_kind=external_system_metadata;review=SECOND_PASS_RESEARCH,34800b3c9632b45bd9363c04bb9ad1a287604590b8843dbec822c790489ae96f,adobe:atom:structure:customizable_option:product_sku,adobe:structure:customizable_option:product_sku,STRUCTURE_MEMBER,OrderCustomization,reference_member,StructuredMember,provider_typed,surface_defined,surface_defined,not_applicable,not_applicable,adobe-structured:customizable_option:product_sku,queue:adobe_customization_architecture,DEFERRED_REVIEW,"SECOND_PASS_RESEARCH; reference/object anchor identity; do not promote as separate canonical Product field"
00891b1c48304cc78c6dd480b482488a01d86934e07fcdbad281040cdf671ccb,adobe-v1-925f07633b4f361b,adobe_commerce,docs/data/adobe_commerce_v1_structured_object_fields.csv,36,f8434abec854d8c895dc0558827cc1f8cd81e780ef2787c08281db13593e4c7d,"Adobe Commerce 2.4.9 / services current at frozen snapshot","Admin REST + core GraphQL",customizable_option,title,customizable_option.title,family=customizable_option;entry_kind=domain_value;review=INITIAL_RESEARCH,34800b3c9632b45bd9363c04bb9ad1a287604590b8843dbec822c790489ae96f,adobe:atom:structure:customizable_option:title,adobe:structure:customizable_option:title,STRUCTURE_MEMBER,OrderCustomization,value_or_context_member,StructuredMember,provider_typed,surface_defined,surface_defined,not_applicable,not_applicable,adobe-structured:customizable_option:title,queue:adobe_customization_architecture,DEFERRED_REVIEW,"INITIAL_RESEARCH; merchant-visible option title"
531da635f991fe5fe040f45f25722c2e182ec09e68283a30b6a34ac982e15c27,adobe-v1-925f07633b4f361b,adobe_commerce,docs/data/adobe_commerce_v1_structured_object_fields.csv,37,738619d317ee0a67c6a683865c96c07646f6afde60b1a3331453b474714986b3,"Adobe Commerce 2.4.9 / services current at frozen snapshot","Admin REST custom option endpoint",customizable_option,type,customizable_option.type,family=customizable_option;entry_kind=structured_capability;review=INITIAL_RESEARCH,34800b3c9632b45bd9363c04bb9ad1a287604590b8843dbec822c790489ae96f,adobe:atom:structure:customizable_option:type,adobe:structure:customizable_option:type,STRUCTURE_MEMBER,OrderCustomization,value_or_context_member,StructuredMember,structured,surface_defined,surface_defined,not_applicable,not_applicable,adobe-structured:customizable_option:type,queue:adobe_customization_architecture,DEFERRED_REVIEW,"INITIAL_RESEARCH; option type/shape"
1614f7858ddb1e1249755293868504d47d34bc6a6a2aee478dde2bcdc4602b60,adobe-v1-925f07633b4f361b,adobe_commerce,docs/data/adobe_commerce_v1_structured_object_fields.csv,38,53ec72e60d1b1acd00f8af11073808e9ccaacf5f816036f8ba127e1447c9dcc0,"Adobe Commerce 2.4.9 / services current at frozen snapshot","Admin REST + core GraphQL",customizable_option,sort_order,customizable_option.sort_order,family=customizable_option;entry_kind=domain_value;review=INITIAL_RESEARCH,34800b3c9632b45bd9363c04bb9ad1a287604590b8843dbec822c790489ae96f,adobe:atom:structure:customizable_option:sort_order,adobe:structure:customizable_option:sort_order,STRUCTURE_MEMBER,OrderCustomization,ordering_member,StructuredMember,provider_typed,surface_defined,surface_defined,not_applicable,not_applicable,adobe-structured:customizable_option:sort_order,queue:adobe_customization_architecture,DEFERRED_REVIEW,"INITIAL_RESEARCH; option display order"
a0bb1ca5625c47082dda164791a19437cf63835ac12025ca0d5c1c0013546086,adobe-v1-925f07633b4f361b,adobe_commerce,docs/data/adobe_commerce_v1_structured_object_fields.csv,39,2edcd5479a14e473e6679c271c8fd5c8c9f2bfe19a12473fea159a22e7155524,"Adobe Commerce 2.4.9 / services current at frozen snapshot","Admin REST custom option endpoint",customizable_option,is_require,customizable_option.is_require,family=customizable_option;entry_kind=domain_value;review=INITIAL_RESEARCH,34800b3c9632b45bd9363c04bb9ad1a287604590b8843dbec822c790489ae96f,adobe:atom:structure:customizable_option:is_require,adobe:structure:customizable_option:is_require,STRUCTURE_MEMBER,OrderCustomization,requiredness_member,StructuredMember,provider_typed,surface_defined,surface_defined,not_applicable,not_applicable,adobe-structured:customizable_option:is_require,queue:adobe_customization_architecture,DEFERRED_REVIEW,"INITIAL_RESEARCH; REST requiredness field"
a25340a29866662d01bcf2ad0a7c2b1e773816f003871e03e5376f2cf2e5e3ee,adobe-v1-925f07633b4f361b,adobe_commerce,docs/data/adobe_commerce_v1_structured_object_fields.csv,40,c428ff439b145543ab715bd69c43d04b261f71c090694c43efef613bc4d4d00e,"Adobe Commerce 2.4.9 / services current at frozen snapshot","core GraphQL CustomizableOptionInterface",customizable_option,required,customizable_option.required,family=customizable_option;entry_kind=domain_value;review=INITIAL_RESEARCH,34800b3c9632b45bd9363c04bb9ad1a287604590b8843dbec822c790489ae96f,adobe:atom:structure:customizable_option:required,adobe:structure:customizable_option:required,STRUCTURE_MEMBER,OrderCustomization,requiredness_member,StructuredMember,provider_typed,readable,not_proven,not_applicable,not_applicable,adobe-structured:customizable_option:required,queue:adobe_customization_architecture,DEFERRED_REVIEW,"INITIAL_RESEARCH; GraphQL requiredness representation"
18cd9ad7aa9db1c07f0d0eb9879b97a180f4582c1324c72a649be5b968205457,adobe-v1-925f07633b4f361b,adobe_commerce,docs/data/adobe_commerce_v1_structured_object_fields.csv,41,a2a6e02e03f2cf412c9981af1d2561479dea314d6120a7c45f561c93aae7d39c,"Adobe Commerce 2.4.9 / services current at frozen snapshot","Pricing/custom-option semantics via Admin REST + GraphQL",customizable_option,price,customizable_option.price,family=customizable_option;entry_kind=domain_value;review=INITIAL_RESEARCH,34800b3c9632b45bd9363c04bb9ad1a287604590b8843dbec822c790489ae96f,adobe:atom:structure:customizable_option:price,adobe:structure:customizable_option:price,STRUCTURE_MEMBER,OrderCustomization,price_modifier_member,StructuredMember,provider_typed,surface_defined,surface_defined,not_applicable,not_applicable,adobe-structured:customizable_option:price,queue:adobe_customization_architecture,DEFERRED_REVIEW,"INITIAL_RESEARCH; option price modifier"
741c565edfc12926ac30354a8a983ea7c8f454e4b718041f63e91fe54cff8040,adobe-v1-925f07633b4f361b,adobe_commerce,docs/data/adobe_commerce_v1_structured_object_fields.csv,42,913296a5e575c50507e264f5900c6167f5426bd7090853c4a00a104734703299,"Adobe Commerce 2.4.9 / services current at frozen snapshot","Admin REST + core GraphQL",customizable_option,price_type,customizable_option.price_type,family=customizable_option;entry_kind=domain_value;review=INITIAL_RESEARCH,34800b3c9632b45bd9363c04bb9ad1a287604590b8843dbec822c790489ae96f,adobe:atom:structure:customizable_option:price_type,adobe:structure:customizable_option:price_type,STRUCTURE_MEMBER,OrderCustomization,price_modifier_member,StructuredMember,provider_typed,surface_defined,surface_defined,not_applicable,not_applicable,adobe-structured:customizable_option:price_type,queue:adobe_customization_architecture,DEFERRED_REVIEW,"INITIAL_RESEARCH; fixed/percent/dynamic modifier semantics"
2b40c3f835d086a41d19d59d5c348b82ae3e9b7c8fb878176d1dbc67a2a05abe,adobe-v1-925f07633b4f361b,adobe_commerce,docs/data/adobe_commerce_v1_structured_object_fields.csv,43,caace61e13a00af49e8ab5957dd1448a32dec7d9f8eb53f5cdf4b287787088e4,"Adobe Commerce 2.4.9 / services current at frozen snapshot","Admin REST + core GraphQL",customizable_option,sku,customizable_option.sku,family=customizable_option;entry_kind=domain_value;review=INITIAL_RESEARCH,34800b3c9632b45bd9363c04bb9ad1a287604590b8843dbec822c790489ae96f,adobe:atom:structure:customizable_option:sku,adobe:structure:customizable_option:sku,STRUCTURE_MEMBER,OrderCustomization,value_or_context_member,StructuredMember,provider_typed,surface_defined,surface_defined,not_applicable,not_applicable,adobe-structured:customizable_option:sku,queue:adobe_customization_architecture,DEFERRED_REVIEW,"INITIAL_RESEARCH; option-specific SKU suffix/identity"
a2b9c50c6f6535bf8a3f611b87bd0f2bc0134dce94598e1648087de4ebc0ebc2,adobe-v1-925f07633b4f361b,adobe_commerce,docs/data/adobe_commerce_v1_structured_object_fields.csv,44,a1097e1e11b666d857eaef05eb4b0dbbd11a755a5f7274eeda98d2806bcbae4b,"Adobe Commerce 2.4.9 / services current at frozen snapshot","Admin REST + core GraphQL",customizable_option,max_characters,customizable_option.max_characters,family=customizable_option;entry_kind=domain_value;review=INITIAL_RESEARCH,34800b3c9632b45bd9363c04bb9ad1a287604590b8843dbec822c790489ae96f,adobe:atom:structure:customizable_option:max_characters,adobe:structure:customizable_option:max_characters,STRUCTURE_MEMBER,OrderCustomization,constraint_member,StructuredMember,provider_typed,surface_defined,surface_defined,not_applicable,not_applicable,adobe-structured:customizable_option:max_characters,queue:adobe_customization_architecture,DEFERRED_REVIEW,"INITIAL_RESEARCH; text-field constraint"
8a16ec091e67963d4ec9d1fe9fdfbbf063c5692d761fcb3ae5f8733c8dbabc42,adobe-v1-925f07633b4f361b,adobe_commerce,docs/data/adobe_commerce_v1_structured_object_fields.csv,45,369594f8a8409805c1e751aa4575a1381cb33bee6b0b5e8eaf9e7c109ebf4e99,"Adobe Commerce 2.4.9 / services current at frozen snapshot","core GraphQL customizable option types",customizable_option_value,option_type_id,customizable_option_value.option_type_id,family=customizable_option_value;entry_kind=external_system_metadata;review=INITIAL_RESEARCH,050180ab2d716da88c1ca1f3e1e5e7a9b432e21f8b31dbd7b878adfe9007a223,adobe:atom:structure:customizable_option_value:option_type_id,adobe:structure:customizable_option_value:option_type_id,STRUCTURE_MEMBER,OrderCustomization,value_or_context_member,StructuredMember,provider_typed,readable,not_proven,not_applicable,not_applicable,adobe-structured:customizable_option_value:option_type_id,queue:adobe_customization_architecture,DEFERRED_REVIEW,"INITIAL_RESEARCH; remote selectable option-value identity"
11ca964a94ee43eb9faa75ecb820018e8bb163d2348fa38d3d3181066c7b48cd,adobe-v1-925f07633b4f361b,adobe_commerce,docs/data/adobe_commerce_v1_structured_object_fields.csv,46,100d9c4bcfae3c19b3763842574dd2b2e6906d7a97378339f54cf1b735f619ba,"Adobe Commerce 2.4.9 / services current at frozen snapshot","core GraphQL customizable option types",customizable_option_value,title,customizable_option_value.title,family=customizable_option_value;entry_kind=domain_value;review=INITIAL_RESEARCH,050180ab2d716da88c1ca1f3e1e5e7a9b432e21f8b31dbd7b878adfe9007a223,adobe:atom:structure:customizable_option_value:title,adobe:structure:customizable_option_value:title,STRUCTURE_MEMBER,OrderCustomization,value_or_context_member,StructuredMember,provider_typed,readable,not_proven,not_applicable,not_applicable,adobe-structured:customizable_option_value:title,queue:adobe_customization_architecture,DEFERRED_REVIEW,"INITIAL_RESEARCH; selectable option value label"
5f698a97e176778b8f9218f704785d21176283ed3a52ed9c8449874341710909,adobe-v1-925f07633b4f361b,adobe_commerce,docs/data/adobe_commerce_v1_structured_object_fields.csv,47,b382a179ccef2cfcd817646b4582051194c1c8e5da73404b5943b51b1609e5d5,"Adobe Commerce 2.4.9 / services current at frozen snapshot","core GraphQL customizable option types",customizable_option_value,sort_order,customizable_option_value.sort_order,family=customizable_option_value;entry_kind=domain_value;review=INITIAL_RESEARCH,050180ab2d716da88c1ca1f3e1e5e7a9b432e21f8b31dbd7b878adfe9007a223,adobe:atom:structure:customizable_option_value:sort_order,adobe:structure:customizable_option_value:sort_order,STRUCTURE_MEMBER,OrderCustomization,ordering_member,StructuredMember,provider_typed,readable,not_proven,not_applicable,not_applicable,adobe-structured:customizable_option_value:sort_order,queue:adobe_customization_architecture,DEFERRED_REVIEW,"INITIAL_RESEARCH; value display order"
172416c7b1f7a2a9ad55e2181128d6c1ac29a438258731e5a34f5baa07547dc0,adobe-v1-925f07633b4f361b,adobe_commerce,docs/data/adobe_commerce_v1_structured_object_fields.csv,48,78501dc0b58e8c0edb9dc4d7c93ae793ec9a8bdef3fe220e57e31f8d8aafadfd,"Adobe Commerce 2.4.9 / services current at frozen snapshot","core GraphQL customizable option types",customizable_option_value,price,customizable_option_value.price,family=customizable_option_value;entry_kind=domain_value;review=INITIAL_RESEARCH,050180ab2d716da88c1ca1f3e1e5e7a9b432e21f8b31dbd7b878adfe9007a223,adobe:atom:structure:customizable_option_value:price,adobe:structure:customizable_option_value:price,STRUCTURE_MEMBER,OrderCustomization,price_modifier_member,StructuredMember,provider_typed,readable,not_proven,not_applicable,not_applicable,adobe-structured:customizable_option_value:price,queue:adobe_customization_architecture,DEFERRED_REVIEW,"INITIAL_RESEARCH; value price modifier"
11d61ca70276dd676bc6f74ca374f1b4bd6b9cc7eeec25b88acc38047b50b148,adobe-v1-925f07633b4f361b,adobe_commerce,docs/data/adobe_commerce_v1_structured_object_fields.csv,49,07ef2b7a1b09aeec9b355d99ca0731440a4a4bf08cd6368c4fefa702599abcd1,"Adobe Commerce 2.4.9 / services current at frozen snapshot","core GraphQL customizable option types",customizable_option_value,price_type,customizable_option_value.price_type,family=customizable_option_value;entry_kind=domain_value;review=INITIAL_RESEARCH,050180ab2d716da88c1ca1f3e1e5e7a9b432e21f8b31dbd7b878adfe9007a223,adobe:atom:structure:customizable_option_value:price_type,adobe:structure:customizable_option_value:price_type,STRUCTURE_MEMBER,OrderCustomization,price_modifier_member,StructuredMember,provider_typed,readable,not_proven,not_applicable,not_applicable,adobe-structured:customizable_option_value:price_type,queue:adobe_customization_architecture,DEFERRED_REVIEW,"INITIAL_RESEARCH; value price modifier type"
c82f83c754640cdd88e03088206037cbc5b404be234605fc1c74f380f62cca5c,adobe-v1-925f07633b4f361b,adobe_commerce,docs/data/adobe_commerce_v1_structured_object_fields.csv,50,b298076122635129d79bd6f29faf1ef264ff4fb74b2a86933fd7a024f994b69f,"Adobe Commerce 2.4.9 / services current at frozen snapshot","core GraphQL customizable option types",customizable_option_value,sku,customizable_option_value.sku,family=customizable_option_value;entry_kind=domain_value;review=INITIAL_RESEARCH,050180ab2d716da88c1ca1f3e1e5e7a9b432e21f8b31dbd7b878adfe9007a223,adobe:atom:structure:customizable_option_value:sku,adobe:structure:customizable_option_value:sku,STRUCTURE_MEMBER,OrderCustomization,value_or_context_member,StructuredMember,provider_typed,readable,not_proven,not_applicable,not_applicable,adobe-structured:customizable_option_value:sku,queue:adobe_customization_architecture,DEFERRED_REVIEW,"INITIAL_RESEARCH; value-specific SKU"
65c6a8f5623d5450434910224fc7c8b2baad4708fc5f3402a4f8208c88e421d7,adobe-v1-925f07633b4f361b,adobe_commerce,docs/data/adobe_commerce_v1_structured_object_fields.csv,51,d1d4990c4377edba79cf0c37a8b0cf8feb000f07e750dec5b3f212627a10a706,"Adobe Commerce 2.4.9 / services current at frozen snapshot","Inventory Management REST",inventory_source_item,sku,inventory_source_item.sku,family=inventory_source_item;entry_kind=external_system_metadata;review=SECOND_PASS_RESEARCH,ac5a83006f493072b18afdc73100952dcdeefea4644179bfbe46664ec55bde6e,adobe:atom:structure:inventory_source_item:sku,adobe:structure:inventory_source_item:sku,STRUCTURE_MEMBER,Availability,reference_member,StructuredMember,provider_typed,surface_defined,surface_defined,not_applicable,not_applicable,adobe-structured:inventory_source_item:sku,not_applicable,PROVIDER_VERIFIED,"SECOND_PASS_RESEARCH; reference/object anchor identity; do not promote as separate canonical Product field"
b9c134a3be4a0c811f25f59cd7a60f3056a5848b089df75f5e75a68c6df48ece,adobe-v1-925f07633b4f361b,adobe_commerce,docs/data/adobe_commerce_v1_structured_object_fields.csv,52,f942573ea8811ac8bc2a8458ec41367cde3e71855db8d59b15550a48e9d0cccd,"Adobe Commerce 2.4.9 / services current at frozen snapshot","Inventory Management REST",inventory_source_item,source_code,inventory_source_item.source_code,family=inventory_source_item;entry_kind=connector_context;review=SECOND_PASS_RESEARCH,ac5a83006f493072b18afdc73100952dcdeefea4644179bfbe46664ec55bde6e,adobe:atom:structure:inventory_source_item:source_code,adobe:structure:inventory_source_item:source_code,STRUCTURE_MEMBER,Availability,reference_member,StructuredMember,provider_typed,surface_defined,surface_defined,not_applicable,not_applicable,adobe-structured:inventory_source_item:source_code,not_applicable,PROVIDER_VERIFIED,"SECOND_PASS_RESEARCH; MSI source topology reference required by per-SKU source item"
6dec4fdbaa12484eb5882e0747d6a600378d0090899b2c2506ca6bc1e8d372b8,adobe-v1-925f07633b4f361b,adobe_commerce,docs/data/adobe_commerce_v1_structured_object_fields.csv,53,af124783cbf044c59270658bb1d715a7db46dd010d07050434d2a2d38ef138fa,"Adobe Commerce 2.4.9 / services current at frozen snapshot","Inventory Management REST",inventory_source_item,quantity,inventory_source_item.quantity,family=inventory_source_item;entry_kind=domain_value;review=INITIAL_RESEARCH,ac5a83006f493072b18afdc73100952dcdeefea4644179bfbe46664ec55bde6e,adobe:atom:structure:inventory_source_item:quantity,adobe:structure:inventory_source_item:quantity,STRUCTURE_MEMBER,Availability,value_or_context_member,StructuredMember,provider_typed,surface_defined,surface_defined,not_applicable,not_applicable,adobe-structured:inventory_source_item:quantity,not_applicable,PROVIDER_VERIFIED,"INITIAL_RESEARCH; per-source physical quantity"
5b1750046aca6eeac6f3e9eb12998916da8d5ddca91a706d88befc6e04bdab4c,adobe-v1-925f07633b4f361b,adobe_commerce,docs/data/adobe_commerce_v1_structured_object_fields.csv,54,98e181d54082d8c67f2d5d0d4b7a4fbc081ca2201bf7e690b48adaa6c34bd924,"Adobe Commerce 2.4.9 / services current at frozen snapshot","Inventory Management REST",inventory_source_item,status,inventory_source_item.status,family=inventory_source_item;entry_kind=domain_value;review=INITIAL_RESEARCH,ac5a83006f493072b18afdc73100952dcdeefea4644179bfbe46664ec55bde6e,adobe:atom:structure:inventory_source_item:status,adobe:structure:inventory_source_item:status,STRUCTURE_MEMBER,Availability,value_or_context_member,StructuredMember,provider_typed,surface_defined,surface_defined,not_applicable,not_applicable,adobe-structured:inventory_source_item:status,not_applicable,PROVIDER_VERIFIED,"INITIAL_RESEARCH; per-source in/out-of-stock status"
a7b586236625ea89c5b6b9de05199d9d05caf010beb9f324c65701fb63aeccdc,adobe-v1-925f07633b4f361b,adobe_commerce,docs/data/adobe_commerce_v1_structured_object_fields.csv,55,cf57c6a88c29107a781ae96434e86ab0d96a5382751cb843352c41bbae4bacec,"Adobe Commerce 2.4.9 / services current at frozen snapshot","Catalog Pricing REST",tier_price,sku,tier_price.sku,family=tier_price;entry_kind=external_system_metadata;review=SECOND_PASS_RESEARCH,c3b4b729c8404240ad317c9fa67a36b5a497f07981abda96175e1b069944e2b4,adobe:atom:structure:tier_price:sku,adobe:structure:tier_price:sku,STRUCTURE_MEMBER,Pricing,reference_member,StructuredMember,provider_typed,surface_defined,surface_defined,not_applicable,not_applicable,adobe-structured:tier_price:sku,not_applicable,PROVIDER_VERIFIED,"SECOND_PASS_RESEARCH; reference/object anchor identity; do not promote as separate canonical Product field"
6b3fb1bab72ea62a678b3a45304acd6d66c1c039ebbcab94a409becddb99ce63,adobe-v1-925f07633b4f361b,adobe_commerce,docs/data/adobe_commerce_v1_structured_object_fields.csv,56,288be2106b9d00798728f756c009f93c392e36bb9f2b97d542c5233aceac4687,"Adobe Commerce 2.4.9 / services current at frozen snapshot","Catalog Pricing REST",tier_price,price,tier_price.price,family=tier_price;entry_kind=domain_value;review=INITIAL_RESEARCH,c3b4b729c8404240ad317c9fa67a36b5a497f07981abda96175e1b069944e2b4,adobe:atom:structure:tier_price:price,adobe:structure:tier_price:price,STRUCTURE_MEMBER,Pricing,pricing_value_member,StructuredMember,provider_typed,surface_defined,surface_defined,not_applicable,not_applicable,adobe-structured:tier_price:price,not_applicable,PROVIDER_VERIFIED,"INITIAL_RESEARCH; tier amount or discount value"
427f8af8bf9cbf858e152e30df9313f440894b494d675d9d69769349502aebca,adobe-v1-925f07633b4f361b,adobe_commerce,docs/data/adobe_commerce_v1_structured_object_fields.csv,57,5334b725dda7d8a358a0dd9ade039abc70abef93f466f4cf177b3cc5b472d812,"Adobe Commerce 2.4.9 / services current at frozen snapshot","Catalog Pricing REST",tier_price,price_type,tier_price.price_type,family=tier_price;entry_kind=domain_value;review=INITIAL_RESEARCH,c3b4b729c8404240ad317c9fa67a36b5a497f07981abda96175e1b069944e2b4,adobe:atom:structure:tier_price:price_type,adobe:structure:tier_price:price_type,STRUCTURE_MEMBER,Pricing,value_or_context_member,StructuredMember,provider_typed,surface_defined,surface_defined,not_applicable,not_applicable,adobe-structured:tier_price:price_type,not_applicable,PROVIDER_VERIFIED,"INITIAL_RESEARCH; fixed or discount"
2f19e57a8b42e59b6f3b8b56058d954bd5c9279775f8adebb75e9bb04a7b30dd,adobe-v1-925f07633b4f361b,adobe_commerce,docs/data/adobe_commerce_v1_structured_object_fields.csv,58,57ce9f1e0db316efb5fd5e04a35b9059796795957acf5fb24bceb2e8789e503f,"Adobe Commerce 2.4.9 / services current at frozen snapshot","Catalog Pricing REST",tier_price,website_id,tier_price.website_id,family=tier_price;entry_kind=connector_context;review=INITIAL_RESEARCH,c3b4b729c8404240ad317c9fa67a36b5a497f07981abda96175e1b069944e2b4,adobe:atom:structure:tier_price:website_id,adobe:structure:tier_price:website_id,STRUCTURE_MEMBER,Pricing,reference_member,StructuredMember,provider_typed,surface_defined,surface_defined,not_applicable,not_applicable,adobe-structured:tier_price:website_id,not_applicable,PROVIDER_VERIFIED,"INITIAL_RESEARCH; website price scope"
ce2b29ce950f71170bee2755868da3d32f8402c6e7487dee5bd2451b3914be9b,adobe-v1-925f07633b4f361b,adobe_commerce,docs/data/adobe_commerce_v1_structured_object_fields.csv,59,a52f7bef7c7751ed0dc0f93c68f01c7892666cd329ba4d6fccc9f6b91a4a00bd,"Adobe Commerce 2.4.9 / services current at frozen snapshot","Catalog Pricing REST",tier_price,customer_group,tier_price.customer_group,family=tier_price;entry_kind=domain_value;review=INITIAL_RESEARCH,c3b4b729c8404240ad317c9fa67a36b5a497f07981abda96175e1b069944e2b4,adobe:atom:structure:tier_price:customer_group,adobe:structure:tier_price:customer_group,STRUCTURE_MEMBER,Pricing,value_or_context_member,StructuredMember,provider_typed,surface_defined,surface_defined,not_applicable,not_applicable,adobe-structured:tier_price:customer_group,not_applicable,PROVIDER_VERIFIED,"INITIAL_RESEARCH; customer group qualification"
9fa4fd3c2d47d7a53d384c4cfbb41d3b5a700512fbf6cc37726fe001720baaa2,adobe-v1-925f07633b4f361b,adobe_commerce,docs/data/adobe_commerce_v1_structured_object_fields.csv,60,a088d2b5e2ba345bd1c8385236e2907f7b496196b2585205a0e485202f8003b0,"Adobe Commerce 2.4.9 / services current at frozen snapshot","Catalog Pricing REST",tier_price,quantity,tier_price.quantity,family=tier_price;entry_kind=domain_value;review=INITIAL_RESEARCH,c3b4b729c8404240ad317c9fa67a36b5a497f07981abda96175e1b069944e2b4,adobe:atom:structure:tier_price:quantity,adobe:structure:tier_price:quantity,STRUCTURE_MEMBER,Pricing,value_or_context_member,StructuredMember,provider_typed,surface_defined,surface_defined,not_applicable,not_applicable,adobe-structured:tier_price:quantity,not_applicable,PROVIDER_VERIFIED,"INITIAL_RESEARCH; minimum quantity threshold"
d6a7dfa982c3406b42b23eec9669b546e8aebd1f1c19ab35e7969d4bd9e16ac6,adobe-v1-925f07633b4f361b,adobe_commerce,docs/data/adobe_commerce_v1_structured_object_fields.csv,61,269cdc168ce7ee361ca522fa5283bf6e984bf07d2259c5f0127103ca7d695da9,"Adobe Commerce 2.4.9 / services current at frozen snapshot","Catalog Pricing REST",special_price,sku,special_price.sku,family=special_price;entry_kind=external_system_metadata;review=SECOND_PASS_RESEARCH,b85bd72433861ff6adc150e6920ebf8c020d98e3c8ed97d990c551d8ddb38c64,adobe:atom:structure:special_price:sku,adobe:structure:special_price:sku,STRUCTURE_MEMBER,Pricing,reference_member,StructuredMember,provider_typed,surface_defined,surface_defined,not_applicable,not_applicable,adobe-structured:special_price:sku,not_applicable,PROVIDER_VERIFIED,"SECOND_PASS_RESEARCH; reference/object anchor identity; do not promote as separate canonical Product field"
892db6b8826c274735080963e7270c404d6372ce027cf69e651b0a74b542244c,adobe-v1-925f07633b4f361b,adobe_commerce,docs/data/adobe_commerce_v1_structured_object_fields.csv,62,28b1fef151fee930937a15f1f5e08411072150c35e94859c730ea1056b45409a,"Adobe Commerce 2.4.9 / services current at frozen snapshot","Catalog Pricing REST",special_price,price,special_price.price,family=special_price;entry_kind=domain_value;review=INITIAL_RESEARCH,b85bd72433861ff6adc150e6920ebf8c020d98e3c8ed97d990c551d8ddb38c64,adobe:atom:structure:special_price:price,adobe:structure:special_price:price,STRUCTURE_MEMBER,Pricing,pricing_value_member,StructuredMember,provider_typed,surface_defined,surface_defined,not_applicable,not_applicable,adobe-structured:special_price:price,not_applicable,PROVIDER_VERIFIED,"INITIAL_RESEARCH; special price amount"
8ef9b1679234a705311b98b57abe7d5a5cfd9bfae2b2ade7859d2272efbb55ca,adobe-v1-925f07633b4f361b,adobe_commerce,docs/data/adobe_commerce_v1_structured_object_fields.csv,63,8307a0f6c4f06f6a9dc607076d3f3130ca2c36874d387ee24d5a7ff7fb0d961e,"Adobe Commerce 2.4.9 / services current at frozen snapshot","Catalog Pricing REST",special_price,store_id,special_price.store_id,family=special_price;entry_kind=connector_context;review=INITIAL_RESEARCH,b85bd72433861ff6adc150e6920ebf8c020d98e3c8ed97d990c551d8ddb38c64,adobe:atom:structure:special_price:store_id,adobe:structure:special_price:store_id,STRUCTURE_MEMBER,Pricing,reference_member,StructuredMember,provider_typed,surface_defined,surface_defined,not_applicable,not_applicable,adobe-structured:special_price:store_id,not_applicable,PROVIDER_VERIFIED,"INITIAL_RESEARCH; store price scope"
d31c477205b814f395e24d1a106a569c99262e9b6b4404ceba7e7acd9c5f7a66,adobe-v1-925f07633b4f361b,adobe_commerce,docs/data/adobe_commerce_v1_structured_object_fields.csv,64,f70900d844c9905832766b7ae94f3ec2372cab1ada1df7745fda8d4f0834e4b1,"Adobe Commerce 2.4.9 / services current at frozen snapshot","Catalog Pricing REST",special_price,price_from,special_price.price_from,family=special_price;entry_kind=domain_value;review=INITIAL_RESEARCH,b85bd72433861ff6adc150e6920ebf8c020d98e3c8ed97d990c551d8ddb38c64,adobe:atom:structure:special_price:price_from,adobe:structure:special_price:price_from,STRUCTURE_MEMBER,Pricing,value_or_context_member,StructuredMember,provider_typed,surface_defined,surface_defined,not_applicable,not_applicable,adobe-structured:special_price:price_from,not_applicable,PROVIDER_VERIFIED,"INITIAL_RESEARCH; effective-from timestamp; required in Adobe Commerce and optional in Magento Open Source"
26830f973f3af5fa76078c2cbfcdece08af79936909d68690cfc02e5a49ffb71,adobe-v1-925f07633b4f361b,adobe_commerce,docs/data/adobe_commerce_v1_structured_object_fields.csv,65,38a22d0e23c6e5672dbb4d78fca2a7684b1726042a0834d5295d36f153d6af32,"Adobe Commerce 2.4.9 / services current at frozen snapshot","Catalog Pricing REST",special_price,price_to,special_price.price_to,family=special_price;entry_kind=domain_value;review=INITIAL_RESEARCH,b85bd72433861ff6adc150e6920ebf8c020d98e3c8ed97d990c551d8ddb38c64,adobe:atom:structure:special_price:price_to,adobe:structure:special_price:price_to,STRUCTURE_MEMBER,Pricing,value_or_context_member,StructuredMember,provider_typed,surface_defined,surface_defined,not_applicable,not_applicable,adobe-structured:special_price:price_to,not_applicable,PROVIDER_VERIFIED,"INITIAL_RESEARCH; effective-to timestamp"
681beac3871f60a2f34f07cd7d5f9ad2736d21a06647d53d27dc1ff280e31ead,adobe-v1-925f07633b4f361b,adobe_commerce,docs/data/adobe_commerce_v1_structured_object_fields.csv,66,06212e4bea8028ae2ae2f098604c674037502025f6d8163465b6d36c9fa9d85c,"Adobe Commerce 2.4.9 / services current at frozen snapshot","Catalog Pricing REST",base_price,sku,base_price.sku,family=base_price;entry_kind=external_system_metadata;review=SECOND_PASS_RESEARCH,d735468cf5b658beb86b61c0d63f6224fc7bd7221256fa05d8cdf5cbaa4fa2e2,adobe:atom:structure:base_price:sku,adobe:structure:base_price:sku,STRUCTURE_MEMBER,Pricing,reference_member,StructuredMember,provider_typed,surface_defined,surface_defined,not_applicable,not_applicable,adobe-structured:base_price:sku,not_applicable,PROVIDER_VERIFIED,"SECOND_PASS_RESEARCH; reference/object anchor identity; do not promote as separate canonical Product field"
df6211dd78ae61ccd6dac4f793e50f2daf2fd9f5e3973fc9ab02e03d80f9e359,adobe-v1-925f07633b4f361b,adobe_commerce,docs/data/adobe_commerce_v1_structured_object_fields.csv,67,011bb17cf5555a464e751e64731593af4aa7f70b38628b21780328278ecd1259,"Adobe Commerce 2.4.9 / services current at frozen snapshot","Catalog Pricing REST",base_price,price,base_price.price,family=base_price;entry_kind=domain_value;review=INITIAL_RESEARCH,d735468cf5b658beb86b61c0d63f6224fc7bd7221256fa05d8cdf5cbaa4fa2e2,adobe:atom:structure:base_price:price,adobe:structure:base_price:price,STRUCTURE_MEMBER,Pricing,pricing_value_member,StructuredMember,provider_typed,surface_defined,surface_defined,not_applicable,not_applicable,adobe-structured:base_price:price,not_applicable,PROVIDER_VERIFIED,"INITIAL_RESEARCH; base price amount"
7a32074d34804c68e1732af648cba5e085872e40475c9d0fb49b8d6b4f8c86f8,adobe-v1-925f07633b4f361b,adobe_commerce,docs/data/adobe_commerce_v1_structured_object_fields.csv,68,ffede954c7735291986bce9a2bd5ffec5420a2bff926ea9c828a7d157bd023b8,"Adobe Commerce 2.4.9 / services current at frozen snapshot","Catalog Pricing REST",base_price,store_id,base_price.store_id,family=base_price;entry_kind=connector_context;review=INITIAL_RESEARCH,d735468cf5b658beb86b61c0d63f6224fc7bd7221256fa05d8cdf5cbaa4fa2e2,adobe:atom:structure:base_price:store_id,adobe:structure:base_price:store_id,STRUCTURE_MEMBER,Pricing,reference_member,StructuredMember,provider_typed,surface_defined,surface_defined,not_applicable,not_applicable,adobe-structured:base_price:store_id,not_applicable,PROVIDER_VERIFIED,"INITIAL_RESEARCH; store price scope"
683c03e0b8c4204eee39188ca8807686ad092b156b4cb03237c94032eaec21e1,adobe-v1-925f07633b4f361b,adobe_commerce,docs/data/adobe_commerce_v1_structured_object_fields.csv,69,2d0e59ca9278023b12038fb520c0d8c4bbd0ad8ac069b4a40bd301897e7d93a0,"Adobe Commerce 2.4.9 / services current at frozen snapshot","Catalog Pricing REST",cost_value,sku,cost_value.sku,family=cost_value;entry_kind=external_system_metadata;review=SECOND_PASS_RESEARCH,e4311be8889458d0513397d9148139eb00b3dc20f5da3e9ca2f9581ae596dec0,adobe:atom:structure:cost_value:sku,adobe:structure:cost_value:sku,STRUCTURE_MEMBER,Pricing,reference_member,StructuredMember,provider_typed,surface_defined,surface_defined,not_applicable,not_applicable,adobe-structured:cost_value:sku,not_applicable,PROVIDER_VERIFIED,"SECOND_PASS_RESEARCH; reference/object anchor identity; do not promote as separate canonical Product field"
dcd98f6fa66171296d10ae3e6e8545d32b06d0f6c2c605285c374c7c717b5782,adobe-v1-925f07633b4f361b,adobe_commerce,docs/data/adobe_commerce_v1_structured_object_fields.csv,70,de806a8804bb56ca4dacc4d7a6ae97a93da03dbf588611ebfb91fcaa9172582e,"Adobe Commerce 2.4.9 / services current at frozen snapshot","Catalog Pricing REST",cost_value,cost,cost_value.cost,family=cost_value;entry_kind=domain_value;review=INITIAL_RESEARCH,e4311be8889458d0513397d9148139eb00b3dc20f5da3e9ca2f9581ae596dec0,adobe:atom:structure:cost_value:cost,adobe:structure:cost_value:cost,STRUCTURE_MEMBER,Pricing,pricing_value_member,StructuredMember,provider_typed,surface_defined,surface_defined,not_applicable,not_applicable,adobe-structured:cost_value:cost,not_applicable,PROVIDER_VERIFIED,"INITIAL_RESEARCH; internal cost amount"
8ff58cf2e281b6a607239797cc25f65f75678ca8fe32903dd89448665d3bd138,adobe-v1-925f07633b4f361b,adobe_commerce,docs/data/adobe_commerce_v1_structured_object_fields.csv,71,350d7309c296353aa04a951080a9f718e54deb3ee62c9220938ed1bfa6fe1d55,"Adobe Commerce 2.4.9 / services current at frozen snapshot","Catalog Pricing REST",cost_value,store_id,cost_value.store_id,family=cost_value;entry_kind=connector_context;review=INITIAL_RESEARCH,e4311be8889458d0513397d9148139eb00b3dc20f5da3e9ca2f9581ae596dec0,adobe:atom:structure:cost_value:store_id,adobe:structure:cost_value:store_id,STRUCTURE_MEMBER,Pricing,reference_member,StructuredMember,provider_typed,surface_defined,surface_defined,not_applicable,not_applicable,adobe-structured:cost_value:store_id,not_applicable,PROVIDER_VERIFIED,"INITIAL_RESEARCH; store cost scope"
8e27cb123a4653f2fa6191f0b007cf886cb4023b34209d8bb997bd70b2b51d3b,adobe-v1-925f07633b4f361b,adobe_commerce,docs/data/adobe_commerce_v1_structured_object_fields.csv,72,f72c35cbf718c7a5c1bc92643f554b11f33b10438f016dc944ab9c46119b8408,"Adobe Commerce 2.4.9 / services current at frozen snapshot","Import + Admin REST + live discovery",dynamic_attribute_value,attribute_code,dynamic_attribute_value.attribute_code,family=dynamic_attribute_value;entry_kind=schema_metadata;review=SECOND_PASS_RESEARCH;envelope_parents=additional_attributes|custom_attributes,2a6553bf0dcca4f0be70899341046f5f293c7eeeb24d2adbf45db3be7edab4c2,adobe:atom:structure:dynamic_attribute_value:attribute_code,adobe:structure:dynamic_attribute_value:attribute_code,STRUCTURE_MEMBER,DynamicField,value_or_context_member,StructuredMember,provider_typed,import_representation,writable,not_applicable,not_applicable,adobe-structured:dynamic_attribute_value:attribute_code,queue:adobe_dynamic_eav_promotion,DEFERRED_REVIEW,"SECOND_PASS_RESEARCH; external attribute identity/key for one EAV value"
98049061c23fe8fd4fc202cb5e0408b0c4c2eff5be7c4d761b3bbd304085b9ed,adobe-v1-925f07633b4f361b,adobe_commerce,docs/data/adobe_commerce_v1_structured_object_fields.csv,73,3f903e11b4492b88a58b66100500eae6473910e215f20c275e63b0674226d09d,"Adobe Commerce 2.4.9 / services current at frozen snapshot","Import + Admin REST + live discovery",dynamic_attribute_value,value,dynamic_attribute_value.value,family=dynamic_attribute_value;entry_kind=semantic_field;review=SECOND_PASS_RESEARCH;envelope_parents=additional_attributes|custom_attributes,2a6553bf0dcca4f0be70899341046f5f293c7eeeb24d2adbf45db3be7edab4c2,adobe:atom:structure:dynamic_attribute_value:value,adobe:structure:dynamic_attribute_value:value,STRUCTURE_MEMBER,DynamicField,value_or_context_member,StructuredMember,provider_typed,import_representation,writable,not_applicable,not_applicable,adobe-structured:dynamic_attribute_value:value,queue:adobe_dynamic_eav_promotion,DEFERRED_REVIEW,"SECOND_PASS_RESEARCH; actual merchant/product value carried by the external EAV envelope"
ab071d01bcf2ebffd1a809bc81aeb3785014c4773e5ec3597f0df712b7c7984f,adobe-v1-925f07633b4f361b,adobe_commerce,docs/data/adobe_commerce_v1_structured_object_fields.csv,74,0d4c606da3f2171d4ea8d5612f87480ff5ecaa5adb45d6d1476fe249f731ded5,"Adobe Commerce 2.4.9 / services current at frozen snapshot","customAttributeMetadataV2 current Adobe GraphQL reference",authoritative_attribute_metadata,apply_to,authoritative_attribute_metadata.apply_to,family=authoritative_attribute_metadata;entry_kind=schema_metadata;review=SECOND_PASS_RESEARCH,4a65049e8b7150402a45bcf402142b8b4969b1ca79d90261af8ebc95ff491a97,adobe:atom:structure:authoritative_attribute_metadata:apply_to,adobe:structure:authoritative_attribute_metadata:apply_to,STRUCTURE_MEMBER,AttributeSchema,value_or_context_member,StructuredMember,provider_typed,readable,not_proven,not_applicable,not_applicable,adobe-structured:authoritative_attribute_metadata:apply_to,not_applicable,PROVIDER_VERIFIED,"SECOND_PASS_RESEARCH; attribute applicability/storefront/filtering/swatch behavior metadata"
446d80951b2db0e5388708c2d405a862925c5c61706a3285e4486a769b2b3017,adobe-v1-925f07633b4f361b,adobe_commerce,docs/data/adobe_commerce_v1_structured_object_fields.csv,75,d84eb05a1afcc034304a9f09250b4c75d479fb2ec520c049a9363291bfffb572,"Adobe Commerce 2.4.9 / services current at frozen snapshot","customAttributeMetadataV2 current Adobe GraphQL reference",authoritative_attribute_metadata,is_comparable,authoritative_attribute_metadata.is_comparable,family=authoritative_attribute_metadata;entry_kind=schema_metadata;review=SECOND_PASS_RESEARCH,4a65049e8b7150402a45bcf402142b8b4969b1ca79d90261af8ebc95ff491a97,adobe:atom:structure:authoritative_attribute_metadata:is_comparable,adobe:structure:authoritative_attribute_metadata:is_comparable,STRUCTURE_MEMBER,AttributeSchema,value_or_context_member,StructuredMember,provider_typed,readable,not_proven,not_applicable,not_applicable,adobe-structured:authoritative_attribute_metadata:is_comparable,not_applicable,PROVIDER_VERIFIED,"SECOND_PASS_RESEARCH; attribute applicability/storefront/filtering/swatch behavior metadata"
c8c8fb664b2b0457c443974912b1bedb9045d4dd1410945ae249deaf24c541a5,adobe-v1-925f07633b4f361b,adobe_commerce,docs/data/adobe_commerce_v1_structured_object_fields.csv,76,c5dbd9d6c4d3245141c5393bb35e2c78c66abe1b2c7abc44a8ad424d6a2e891b,"Adobe Commerce 2.4.9 / services current at frozen snapshot","customAttributeMetadataV2 current Adobe GraphQL reference",authoritative_attribute_metadata,is_filterable,authoritative_attribute_metadata.is_filterable,family=authoritative_attribute_metadata;entry_kind=schema_metadata;review=SECOND_PASS_RESEARCH,4a65049e8b7150402a45bcf402142b8b4969b1ca79d90261af8ebc95ff491a97,adobe:atom:structure:authoritative_attribute_metadata:is_filterable,adobe:structure:authoritative_attribute_metadata:is_filterable,STRUCTURE_MEMBER,AttributeSchema,value_or_context_member,StructuredMember,provider_typed,readable,not_proven,not_applicable,not_applicable,adobe-structured:authoritative_attribute_metadata:is_filterable,not_applicable,PROVIDER_VERIFIED,"SECOND_PASS_RESEARCH; attribute applicability/storefront/filtering/swatch behavior metadata"
57ec8430948f822533c5bc423560d29b79c8ee2fb9d69a0e281ba7dc0aab28e0,adobe-v1-925f07633b4f361b,adobe_commerce,docs/data/adobe_commerce_v1_structured_object_fields.csv,77,3cdb7b5e01d36fddb0725b225231b0c45536cc4cee6ebdf6b133fc2f67626879,"Adobe Commerce 2.4.9 / services current at frozen snapshot","customAttributeMetadataV2 current Adobe GraphQL reference",authoritative_attribute_metadata,is_filterable_in_search,authoritative_attribute_metadata.is_filterable_in_search,family=authoritative_attribute_metadata;entry_kind=schema_metadata;review=SECOND_PASS_RESEARCH,4a65049e8b7150402a45bcf402142b8b4969b1ca79d90261af8ebc95ff491a97,adobe:atom:structure:authoritative_attribute_metadata:is_filterable_in_search,adobe:structure:authoritative_attribute_metadata:is_filterable_in_search,STRUCTURE_MEMBER,AttributeSchema,value_or_context_member,StructuredMember,provider_typed,readable,not_proven,not_applicable,not_applicable,adobe-structured:authoritative_attribute_metadata:is_filterable_in_search,not_applicable,PROVIDER_VERIFIED,"SECOND_PASS_RESEARCH; attribute applicability/storefront/filtering/swatch behavior metadata"
b781832813ea9b7742a3a5e829436365a53e6742dd126cc3f4f3b871b6471add,adobe-v1-925f07633b4f361b,adobe_commerce,docs/data/adobe_commerce_v1_structured_object_fields.csv,78,efa9a3ca9eb0043ab9a9db43bcf7bc5f302d6b92ffb24d58a2718370e6008845,"Adobe Commerce 2.4.9 / services current at frozen snapshot","customAttributeMetadataV2 current Adobe GraphQL reference",authoritative_attribute_metadata,is_html_allowed_on_front,authoritative_attribute_metadata.is_html_allowed_on_front,family=authoritative_attribute_metadata;entry_kind=schema_metadata;review=SECOND_PASS_RESEARCH,4a65049e8b7150402a45bcf402142b8b4969b1ca79d90261af8ebc95ff491a97,adobe:atom:structure:authoritative_attribute_metadata:is_html_allowed_on_front,adobe:structure:authoritative_attribute_metadata:is_html_allowed_on_front,STRUCTURE_MEMBER,AttributeSchema,value_or_context_member,StructuredMember,provider_typed,readable,not_proven,not_applicable,not_applicable,adobe-structured:authoritative_attribute_metadata:is_html_allowed_on_front,not_applicable,PROVIDER_VERIFIED,"SECOND_PASS_RESEARCH; attribute applicability/storefront/filtering/swatch behavior metadata"
4256cda6592703e2c2c27852277485d1440b729e3599307884a81794e5495650,adobe-v1-925f07633b4f361b,adobe_commerce,docs/data/adobe_commerce_v1_structured_object_fields.csv,79,e39bc72b47d409c93504565defa86c703a548f97efa2eff46f5b322da4bb99eb,"Adobe Commerce 2.4.9 / services current at frozen snapshot","customAttributeMetadataV2 current Adobe GraphQL reference",authoritative_attribute_metadata,is_searchable,authoritative_attribute_metadata.is_searchable,family=authoritative_attribute_metadata;entry_kind=schema_metadata;review=SECOND_PASS_RESEARCH,4a65049e8b7150402a45bcf402142b8b4969b1ca79d90261af8ebc95ff491a97,adobe:atom:structure:authoritative_attribute_metadata:is_searchable,adobe:structure:authoritative_attribute_metadata:is_searchable,STRUCTURE_MEMBER,AttributeSchema,value_or_context_member,StructuredMember,provider_typed,readable,not_proven,not_applicable,not_applicable,adobe-structured:authoritative_attribute_metadata:is_searchable,not_applicable,PROVIDER_VERIFIED,"SECOND_PASS_RESEARCH; attribute applicability/storefront/filtering/swatch behavior metadata"
d1bf52a6dacb86532ab98eaef45b34fe1524d7f6191d9c31dee7c8357aa2c2c6,adobe-v1-925f07633b4f361b,adobe_commerce,docs/data/adobe_commerce_v1_structured_object_fields.csv,80,0c706ac614eccbb08d7df85b1e08ef6b5116bca3ca079dc2320a5262e0e0f9d0,"Adobe Commerce 2.4.9 / services current at frozen snapshot","customAttributeMetadataV2 current Adobe GraphQL reference",authoritative_attribute_metadata,is_used_for_customer_segment,authoritative_attribute_metadata.is_used_for_customer_segment,family=authoritative_attribute_metadata;entry_kind=schema_metadata;review=SECOND_PASS_RESEARCH,4a65049e8b7150402a45bcf402142b8b4969b1ca79d90261af8ebc95ff491a97,adobe:atom:structure:authoritative_attribute_metadata:is_used_for_customer_segment,adobe:structure:authoritative_attribute_metadata:is_used_for_customer_segment,STRUCTURE_MEMBER,AttributeSchema,value_or_context_member,StructuredMember,provider_typed,readable,not_proven,not_applicable,not_applicable,adobe-structured:authoritative_attribute_metadata:is_used_for_customer_segment,not_applicable,PROVIDER_VERIFIED,"SECOND_PASS_RESEARCH; attribute applicability/storefront/filtering/swatch behavior metadata"
1f0978bffa368113a700ab660995e8f544c827fdfca6661a0a674175012b37ff,adobe-v1-925f07633b4f361b,adobe_commerce,docs/data/adobe_commerce_v1_structured_object_fields.csv,81,2ccd04621bf45c61448b00f8694c5c143cba47b0b1100ce07822439c473aa2d8,"Adobe Commerce 2.4.9 / services current at frozen snapshot","customAttributeMetadataV2 current Adobe GraphQL reference",authoritative_attribute_metadata,is_used_for_price_rules,authoritative_attribute_metadata.is_used_for_price_rules,family=authoritative_attribute_metadata;entry_kind=schema_metadata;review=SECOND_PASS_RESEARCH,4a65049e8b7150402a45bcf402142b8b4969b1ca79d90261af8ebc95ff491a97,adobe:atom:structure:authoritative_attribute_metadata:is_used_for_price_rules,adobe:structure:authoritative_attribute_metadata:is_used_for_price_rules,STRUCTURE_MEMBER,AttributeSchema,value_or_context_member,StructuredMember,provider_typed,readable,not_proven,not_applicable,not_applicable,adobe-structured:authoritative_attribute_metadata:is_used_for_price_rules,not_applicable,PROVIDER_VERIFIED,"SECOND_PASS_RESEARCH; attribute applicability/storefront/filtering/swatch behavior metadata"
b5d4ce16bab3bcedc4b71c35f011a2fa3ac5dcce1db7e5c23f988b0ffe4c2a30,adobe-v1-925f07633b4f361b,adobe_commerce,docs/data/adobe_commerce_v1_structured_object_fields.csv,82,521ae1bdace54bc62b89838f09360e208dec845f8fdd580c9775078be4dee2c0,"Adobe Commerce 2.4.9 / services current at frozen snapshot","customAttributeMetadataV2 current Adobe GraphQL reference",authoritative_attribute_metadata,is_used_for_promo_rules,authoritative_attribute_metadata.is_used_for_promo_rules,family=authoritative_attribute_metadata;entry_kind=schema_metadata;review=SECOND_PASS_RESEARCH,4a65049e8b7150402a45bcf402142b8b4969b1ca79d90261af8ebc95ff491a97,adobe:atom:structure:authoritative_attribute_metadata:is_used_for_promo_rules,adobe:structure:authoritative_attribute_metadata:is_used_for_promo_rules,STRUCTURE_MEMBER,AttributeSchema,value_or_context_member,StructuredMember,provider_typed,readable,not_proven,not_applicable,not_applicable,adobe-structured:authoritative_attribute_metadata:is_used_for_promo_rules,not_applicable,PROVIDER_VERIFIED,"SECOND_PASS_RESEARCH; attribute applicability/storefront/filtering/swatch behavior metadata"
41f46eac30d927d03b6721e7f20087a2498b97b98f92967bf5592c9b663fb304,adobe-v1-925f07633b4f361b,adobe_commerce,docs/data/adobe_commerce_v1_structured_object_fields.csv,83,5c8161e2810793912825bf0016fe82066e271851ab90ca8bb544b162a49f4764,"Adobe Commerce 2.4.9 / services current at frozen snapshot","customAttributeMetadataV2 current Adobe GraphQL reference",authoritative_attribute_metadata,is_visible_in_advanced_search,authoritative_attribute_metadata.is_visible_in_advanced_search,family=authoritative_attribute_metadata;entry_kind=schema_metadata;review=SECOND_PASS_RESEARCH,4a65049e8b7150402a45bcf402142b8b4969b1ca79d90261af8ebc95ff491a97,adobe:atom:structure:authoritative_attribute_metadata:is_visible_in_advanced_search,adobe:structure:authoritative_attribute_metadata:is_visible_in_advanced_search,STRUCTURE_MEMBER,AttributeSchema,value_or_context_member,StructuredMember,provider_typed,readable,not_proven,not_applicable,not_applicable,adobe-structured:authoritative_attribute_metadata:is_visible_in_advanced_search,not_applicable,PROVIDER_VERIFIED,"SECOND_PASS_RESEARCH; attribute applicability/storefront/filtering/swatch behavior metadata"
b40f19c3d9d75d0797db684657e601ecf2134fb125de9b69ecd5fb61ad10fb18,adobe-v1-925f07633b4f361b,adobe_commerce,docs/data/adobe_commerce_v1_structured_object_fields.csv,84,2b7145b1cb38bc6ea69b8cab7ad77626a3d9559ccb1ca3ef7f643621787629c6,"Adobe Commerce 2.4.9 / services current at frozen snapshot","customAttributeMetadataV2 current Adobe GraphQL reference",authoritative_attribute_metadata,is_visible_on_front,authoritative_attribute_metadata.is_visible_on_front,family=authoritative_attribute_metadata;entry_kind=schema_metadata;review=SECOND_PASS_RESEARCH,4a65049e8b7150402a45bcf402142b8b4969b1ca79d90261af8ebc95ff491a97,adobe:atom:structure:authoritative_attribute_metadata:is_visible_on_front,adobe:structure:authoritative_attribute_metadata:is_visible_on_front,STRUCTURE_MEMBER,AttributeSchema,value_or_context_member,StructuredMember,provider_typed,readable,not_proven,not_applicable,not_applicable,adobe-structured:authoritative_attribute_metadata:is_visible_on_front,not_applicable,PROVIDER_VERIFIED,"SECOND_PASS_RESEARCH; attribute applicability/storefront/filtering/swatch behavior metadata"
a38ef4e02e472a2b2c88d7310125e00c2a9c373ce81964395a7fb64504904fc4,adobe-v1-925f07633b4f361b,adobe_commerce,docs/data/adobe_commerce_v1_structured_object_fields.csv,85,c9be4db3fa0c4325bc4bf9bc447ece8f900868668a3abdfa4e5728def21b2cd3,"Adobe Commerce 2.4.9 / services current at frozen snapshot","customAttributeMetadataV2 current Adobe GraphQL reference",authoritative_attribute_metadata,is_wysiwyg_enabled,authoritative_attribute_metadata.is_wysiwyg_enabled,family=authoritative_attribute_metadata;entry_kind=schema_metadata;review=SECOND_PASS_RESEARCH,4a65049e8b7150402a45bcf402142b8b4969b1ca79d90261af8ebc95ff491a97,adobe:atom:structure:authoritative_attribute_metadata:is_wysiwyg_enabled,adobe:structure:authoritative_attribute_metadata:is_wysiwyg_enabled,STRUCTURE_MEMBER,AttributeSchema,value_or_context_member,StructuredMember,provider_typed,readable,not_proven,not_applicable,not_applicable,adobe-structured:authoritative_attribute_metadata:is_wysiwyg_enabled,not_applicable,PROVIDER_VERIFIED,"SECOND_PASS_RESEARCH; attribute applicability/storefront/filtering/swatch behavior metadata"
49ff7f7f2911fc0dfb39d2fc34c36ab61249f15ef038c6c205f35ecb6c0450c1,adobe-v1-925f07633b4f361b,adobe_commerce,docs/data/adobe_commerce_v1_structured_object_fields.csv,86,4064f7558e1e76a516d43d8dcf79dfbc3a342b5dc4c5b833f0d8fa14c344684a,"Adobe Commerce 2.4.9 / services current at frozen snapshot","customAttributeMetadataV2 current Adobe GraphQL reference",authoritative_attribute_metadata,used_in_product_listing,authoritative_attribute_metadata.used_in_product_listing,family=authoritative_attribute_metadata;entry_kind=schema_metadata;review=SECOND_PASS_RESEARCH,4a65049e8b7150402a45bcf402142b8b4969b1ca79d90261af8ebc95ff491a97,adobe:atom:structure:authoritative_attribute_metadata:used_in_product_listing,adobe:structure:authoritative_attribute_metadata:used_in_product_listing,STRUCTURE_MEMBER,AttributeSchema,value_or_context_member,StructuredMember,provider_typed,readable,not_proven,not_applicable,not_applicable,adobe-structured:authoritative_attribute_metadata:used_in_product_listing,not_applicable,PROVIDER_VERIFIED,"SECOND_PASS_RESEARCH; attribute applicability/storefront/filtering/swatch behavior metadata"
2caea9581deea21ec9e80b64bb76b7783af1bb15af1d30e3176986061751a9ee,adobe-v1-925f07633b4f361b,adobe_commerce,docs/data/adobe_commerce_v1_structured_object_fields.csv,87,aed59d583173e84842a832f3b284f36414c8b33410e1c426af963f5f7b524ace,"Adobe Commerce 2.4.9 / services current at frozen snapshot","customAttributeMetadataV2 current Adobe GraphQL reference",authoritative_attribute_metadata,swatch_input_type,authoritative_attribute_metadata.swatch_input_type,family=authoritative_attribute_metadata;entry_kind=schema_metadata;review=SECOND_PASS_RESEARCH,4a65049e8b7150402a45bcf402142b8b4969b1ca79d90261af8ebc95ff491a97,adobe:atom:structure:authoritative_attribute_metadata:swatch_input_type,adobe:structure:authoritative_attribute_metadata:swatch_input_type,STRUCTURE_MEMBER,AttributeSchema,value_or_context_member,StructuredMember,provider_typed,readable,not_proven,not_applicable,not_applicable,adobe-structured:authoritative_attribute_metadata:swatch_input_type,not_applicable,PROVIDER_VERIFIED,"SECOND_PASS_RESEARCH; attribute applicability/storefront/filtering/swatch behavior metadata"
cd28c56db7da81c9ba9ac2d34771f143165586c9f7662da187f324280189a685,adobe-v1-925f07633b4f361b,adobe_commerce,docs/data/adobe_commerce_v1_structured_object_fields.csv,88,6386d0996d5722f24768bf15319384a220d54ec25fcfc76b8b066bdd5bc3ff66,"Adobe Commerce 2.4.9 / services current at frozen snapshot","customAttributeMetadataV2 current Adobe GraphQL reference",authoritative_attribute_metadata,update_product_preview_image,authoritative_attribute_metadata.update_product_preview_image,family=authoritative_attribute_metadata;entry_kind=schema_metadata;review=SECOND_PASS_RESEARCH,4a65049e8b7150402a45bcf402142b8b4969b1ca79d90261af8ebc95ff491a97,adobe:atom:structure:authoritative_attribute_metadata:update_product_preview_image,adobe:structure:authoritative_attribute_metadata:update_product_preview_image,STRUCTURE_MEMBER,AttributeSchema,value_or_context_member,StructuredMember,provider_typed,readable,not_proven,not_applicable,not_applicable,adobe-structured:authoritative_attribute_metadata:update_product_preview_image,not_applicable,PROVIDER_VERIFIED,"SECOND_PASS_RESEARCH; attribute applicability/storefront/filtering/swatch behavior metadata"
ba19c060ecdb2ea61b52edd162651676861cde0f2b3025890570edbe76470946,adobe-v1-925f07633b4f361b,adobe_commerce,docs/data/adobe_commerce_v1_structured_object_fields.csv,89,fbadf3dfe454f2c47668c8178035473df37737d4ab24b66dfa812c24fac540ee,"Adobe Commerce 2.4.9 / services current at frozen snapshot","customAttributeMetadataV2 current Adobe GraphQL reference",authoritative_attribute_metadata,use_product_image_for_swatch,authoritative_attribute_metadata.use_product_image_for_swatch,family=authoritative_attribute_metadata;entry_kind=schema_metadata;review=SECOND_PASS_RESEARCH,4a65049e8b7150402a45bcf402142b8b4969b1ca79d90261af8ebc95ff491a97,adobe:atom:structure:authoritative_attribute_metadata:use_product_image_for_swatch,adobe:structure:authoritative_attribute_metadata:use_product_image_for_swatch,STRUCTURE_MEMBER,AttributeSchema,value_or_context_member,StructuredMember,provider_typed,readable,not_proven,not_applicable,not_applicable,adobe-structured:authoritative_attribute_metadata:use_product_image_for_swatch,not_applicable,PROVIDER_VERIFIED,"SECOND_PASS_RESEARCH; attribute applicability/storefront/filtering/swatch behavior metadata"
cc3a18318324499e141cbd8b67f2b30e66e3899fea7ecf85edfac6e33bcae1d1,adobe-v1-925f07633b4f361b,adobe_commerce,docs/data/adobe_commerce_v1_structured_object_fields.csv,90,27d88e0b1f1d63cc25fed58cb74ddf266d7bf0172ef1a408c5778c75a6261395,"Adobe Commerce 2.4.9 / services current at frozen snapshot","Adobe GraphQL StorefrontProperties",attribute_storefront_properties,position,attribute_storefront_properties.position,family=attribute_storefront_properties;entry_kind=schema_metadata;review=SECOND_PASS_RESEARCH,4a65049e8b7150402a45bcf402142b8b4969b1ca79d90261af8ebc95ff491a97,adobe:atom:structure:attribute_storefront_properties:position,adobe:structure:attribute_storefront_properties:position,STRUCTURE_MEMBER,AttributeSchema,ordering_member,StructuredMember,provider_typed,readable,not_proven,not_applicable,not_applicable,adobe-structured:attribute_storefront_properties:position,not_applicable,PROVIDER_VERIFIED,"SECOND_PASS_RESEARCH; storefront display/filter behavior for an attribute"
34f2ec9e29767ca2206533ad3c01915930597672b016027e40bbe2f3af968b0b,adobe-v1-925f07633b4f361b,adobe_commerce,docs/data/adobe_commerce_v1_structured_object_fields.csv,91,51c8e4b8790b8fc2c464dd26c7c4b6896cfdf9bba17a6e5702ad085afd81b351,"Adobe Commerce 2.4.9 / services current at frozen snapshot","Adobe GraphQL StorefrontProperties",attribute_storefront_properties,use_in_layered_navigation,attribute_storefront_properties.use_in_layered_navigation,family=attribute_storefront_properties;entry_kind=schema_metadata;review=SECOND_PASS_RESEARCH,4a65049e8b7150402a45bcf402142b8b4969b1ca79d90261af8ebc95ff491a97,adobe:atom:structure:attribute_storefront_properties:use_in_layered_navigation,adobe:structure:attribute_storefront_properties:use_in_layered_navigation,STRUCTURE_MEMBER,AttributeSchema,value_or_context_member,StructuredMember,provider_typed,readable,not_proven,not_applicable,not_applicable,adobe-structured:attribute_storefront_properties:use_in_layered_navigation,not_applicable,PROVIDER_VERIFIED,"SECOND_PASS_RESEARCH; storefront display/filter behavior for an attribute"
ce3ab2c3e9e8bd51be606806f0472b7c6ac3a21287c4b5d8af13d01c1eb501bf,adobe-v1-925f07633b4f361b,adobe_commerce,docs/data/adobe_commerce_v1_structured_object_fields.csv,92,ee2f19ba1f797add09d9cae4c5fc75e75f250f3a53d522042c455c465d2c7da2,"Adobe Commerce 2.4.9 / services current at frozen snapshot","Adobe GraphQL StorefrontProperties",attribute_storefront_properties,use_in_product_listing,attribute_storefront_properties.use_in_product_listing,family=attribute_storefront_properties;entry_kind=schema_metadata;review=SECOND_PASS_RESEARCH,4a65049e8b7150402a45bcf402142b8b4969b1ca79d90261af8ebc95ff491a97,adobe:atom:structure:attribute_storefront_properties:use_in_product_listing,adobe:structure:attribute_storefront_properties:use_in_product_listing,STRUCTURE_MEMBER,AttributeSchema,value_or_context_member,StructuredMember,provider_typed,readable,not_proven,not_applicable,not_applicable,adobe-structured:attribute_storefront_properties:use_in_product_listing,not_applicable,PROVIDER_VERIFIED,"SECOND_PASS_RESEARCH; storefront display/filter behavior for an attribute"
055c6f8032af452601c96d31cac1d8b89e011da4ff858a42f5c16e512cbcd796,adobe-v1-925f07633b4f361b,adobe_commerce,docs/data/adobe_commerce_v1_structured_object_fields.csv,93,4d32b25063db41418207b6f9cd692181b14862e6d1ad722276d76d298a45d265,"Adobe Commerce 2.4.9 / services current at frozen snapshot","Adobe GraphQL StorefrontProperties",attribute_storefront_properties,use_in_search_results_layered_navigation,attribute_storefront_properties.use_in_search_results_layered_navigation,family=attribute_storefront_properties;entry_kind=schema_metadata;review=SECOND_PASS_RESEARCH,4a65049e8b7150402a45bcf402142b8b4969b1ca79d90261af8ebc95ff491a97,adobe:atom:structure:attribute_storefront_properties:use_in_search_results_layered_navigation,adobe:structure:attribute_storefront_properties:use_in_search_results_layered_navigation,STRUCTURE_MEMBER,AttributeSchema,value_or_context_member,StructuredMember,provider_typed,readable,not_proven,not_applicable,not_applicable,adobe-structured:attribute_storefront_properties:use_in_search_results_layered_navigation,not_applicable,PROVIDER_VERIFIED,"SECOND_PASS_RESEARCH; storefront display/filter behavior for an attribute"
17b98e42e4b2ec1bc81b6f818c55dfcbfe43d0784fab0cd37b1a852fe4c5428c,adobe-v1-925f07633b4f361b,adobe_commerce,docs/data/adobe_commerce_v1_structured_object_fields.csv,94,de574a0a73ab7a99babc5f6c9881f93f362e14db868de2aa3e51626b79b6e937,"Adobe Commerce 2.4.9 / services current at frozen snapshot","Adobe GraphQL StorefrontProperties",attribute_storefront_properties,visible_on_catalog_pages,attribute_storefront_properties.visible_on_catalog_pages,family=attribute_storefront_properties;entry_kind=schema_metadata;review=SECOND_PASS_RESEARCH,4a65049e8b7150402a45bcf402142b8b4969b1ca79d90261af8ebc95ff491a97,adobe:atom:structure:attribute_storefront_properties:visible_on_catalog_pages,adobe:structure:attribute_storefront_properties:visible_on_catalog_pages,STRUCTURE_MEMBER,AttributeSchema,value_or_context_member,StructuredMember,provider_typed,readable,not_proven,not_applicable,not_applicable,adobe-structured:attribute_storefront_properties:visible_on_catalog_pages,not_applicable,PROVIDER_VERIFIED,"SECOND_PASS_RESEARCH; storefront display/filter behavior for an attribute"
0cd227e8965400e59319c94e3263ba2650fa56166c2d35d5a7874b5faeae2279,adobe-v1-925f07633b4f361b,adobe_commerce,docs/data/adobe_commerce_v1_structured_object_fields.csv,95,ff214a2cad3189ac2c0781c72927aedd7cba73885635bf398a6eb3c5bef15df6,"Adobe Commerce 2.4.9 / services current at frozen snapshot","Admin REST attribute options + Adobe attribute metadata",attribute_option,value,attribute_option.value,family=attribute_option;entry_kind=schema_metadata;review=SECOND_PASS_RESEARCH,865fc3ce7da2620f92393961ab1663c5a566857634fdfe469dde835a330ce6f2,adobe:atom:structure:attribute_option:value,adobe:structure:attribute_option:value,STRUCTURE_MEMBER,FieldDictionary,value_or_context_member,StructuredMember,provider_typed,surface_defined,surface_defined,not_applicable,not_applicable,adobe-structured:attribute_option:value,not_applicable,PROVIDER_VERIFIED,"SECOND_PASS_RESEARCH; stable external option value/identity"
bef3a53a5ebc73675e721c28a77385c94bad1508ada800975f3cfee7be8ba816,adobe-v1-925f07633b4f361b,adobe_commerce,docs/data/adobe_commerce_v1_structured_object_fields.csv,96,be9952fef0a0c8d51b019b526a34853440dd8927617b60505210f634953d44a8,"Adobe Commerce 2.4.9 / services current at frozen snapshot","Admin REST attribute options + Adobe attribute metadata",attribute_option,label,attribute_option.label,family=attribute_option;entry_kind=schema_metadata;review=SECOND_PASS_RESEARCH,865fc3ce7da2620f92393961ab1663c5a566857634fdfe469dde835a330ce6f2,adobe:atom:structure:attribute_option:label,adobe:structure:attribute_option:label,STRUCTURE_MEMBER,FieldDictionary,value_or_context_member,StructuredMember,provider_typed,surface_defined,surface_defined,not_applicable,not_applicable,adobe-structured:attribute_option:label,not_applicable,PROVIDER_VERIFIED,"SECOND_PASS_RESEARCH; human option label; not stable identity"
ccc4747785c45182f0761b992694c8b0f9f5377aa5780e358e036282da400b04,adobe-v1-925f07633b4f361b,adobe_commerce,docs/data/adobe_commerce_v1_structured_object_fields.csv,97,8ff67d70a11a93644c2678b9b287b056c4a8c5ee43e2dd3e9fe70df6a42a39a9,"Adobe Commerce 2.4.9 / services current at frozen snapshot","Admin REST extension_attributes.category_links",category_link,category_id,category_link.category_id,family=category_link;entry_kind=domain_value;review=SECOND_PASS_RESEARCH,035c216ac705c916b99c87f52ff4e65e7a69958395f34fc09a6491b8a5e7b7af,adobe:atom:structure:category_link:category_id,adobe:structure:category_link:category_id,STRUCTURE_MEMBER,Category,value_or_context_member,StructuredMember,provider_typed,surface_defined,surface_defined,not_applicable,not_applicable,adobe-structured:category_link:category_id,not_applicable,PROVIDER_VERIFIED,"SECOND_PASS_RESEARCH; target category identity in product-category relation"
d4c681b1bbc2ac7dcfea48678d6e145eb350f1f9ddecacfdc5a60accf7f59f01,adobe-v1-925f07633b4f361b,adobe_commerce,docs/data/adobe_commerce_v1_structured_object_fields.csv,98,893a7dac90a9a7c006a68a9fb901c3802563972e3b80fe1098bbbce21fde744d,"Adobe Commerce 2.4.9 / services current at frozen snapshot","Admin REST extension_attributes.category_links",category_link,position,category_link.position,family=category_link;entry_kind=domain_value;review=SECOND_PASS_RESEARCH,035c216ac705c916b99c87f52ff4e65e7a69958395f34fc09a6491b8a5e7b7af,adobe:atom:structure:category_link:position,adobe:structure:category_link:position,STRUCTURE_MEMBER,Category,ordering_member,StructuredMember,provider_typed,surface_defined,surface_defined,not_applicable,not_applicable,adobe-structured:category_link:position,not_applicable,PROVIDER_VERIFIED,"SECOND_PASS_RESEARCH; manual ordering position within category relation"
50dea4fb927e47005a5b0670a0a40e630d65c38f306ac82561e6bfda547c2589,adobe-v1-925f07633b4f361b,adobe_commerce,docs/data/adobe_commerce_v1_structured_object_fields.csv,99,1ee7b020f784472cb0a26d62884042d6b07377acddfc9df437b0f0aa0f220ea0,"Adobe Commerce 2.4.9 / services current at frozen snapshot","core GraphQL GroupedProduct.items + Import associated_skus",grouped_product_item,sku,grouped_product_item.sku,family=grouped_product_item;entry_kind=external_system_metadata;review=SECOND_PASS_RESEARCH,1cd46c6f5ec63f0e12808f8bbe00de5fe1764da3b2ab9f9bd0b923cb5caf4dc6,adobe:atom:structure:grouped_product_item:sku,adobe:structure:grouped_product_item:sku,STRUCTURE_MEMBER,GroupedComposition,reference_member,StructuredMember,provider_typed,import_representation,writable,not_applicable,not_applicable,adobe-structured:grouped_product_item:sku,queue:adobe_composition_mapping,DEFERRED_REVIEW,"SECOND_PASS_RESEARCH; child product reference identity"
2b7003db1c757ae520a32ba6504b9dc3ff0ee9fe9e538fde873faef2ff2953ed,adobe-v1-925f07633b4f361b,adobe_commerce,docs/data/adobe_commerce_v1_structured_object_fields.csv,100,d84af57b6b06d8e00ea9776de6785248e40901d3202471798b0c6aafd617ee9b,"Adobe Commerce 2.4.9 / services current at frozen snapshot","core GraphQL GroupedProduct.items + Import associated_skus",grouped_product_item,qty,grouped_product_item.qty,family=grouped_product_item;entry_kind=domain_value;review=SECOND_PASS_RESEARCH,1cd46c6f5ec63f0e12808f8bbe00de5fe1764da3b2ab9f9bd0b923cb5caf4dc6,adobe:atom:structure:grouped_product_item:qty,adobe:structure:grouped_product_item:qty,STRUCTURE_MEMBER,GroupedComposition,value_or_context_member,StructuredMember,provider_typed,import_representation,writable,not_applicable,not_applicable,adobe-structured:grouped_product_item:qty,queue:adobe_composition_mapping,DEFERRED_REVIEW,"SECOND_PASS_RESEARCH; default grouped child quantity"
792e2bc12e2355ad8786db7af1f8019b9b4d6cfd13303868c6306fea5e6594fc,adobe-v1-925f07633b4f361b,adobe_commerce,docs/data/adobe_commerce_v1_structured_object_fields.csv,101,359d277b658800030c6622172bea4d41962caad505e8de252a2be6427e7a2574,"Adobe Commerce 2.4.9 / services current at frozen snapshot","core GraphQL GroupedProduct.items",grouped_product_item,position,grouped_product_item.position,family=grouped_product_item;entry_kind=domain_value;review=SECOND_PASS_RESEARCH,1cd46c6f5ec63f0e12808f8bbe00de5fe1764da3b2ab9f9bd0b923cb5caf4dc6,adobe:atom:structure:grouped_product_item:position,adobe:structure:grouped_product_item:position,STRUCTURE_MEMBER,GroupedComposition,ordering_member,StructuredMember,provider_typed,readable,not_proven,not_applicable,not_applicable,adobe-structured:grouped_product_item:position,queue:adobe_composition_mapping,DEFERRED_REVIEW,"SECOND_PASS_RESEARCH; grouped child ordering position"
00ed4a25993de8e70d9cf812e77f1a41d28531ea870bb840518751a980eac514,adobe-v1-925f07633b4f361b,adobe_commerce,docs/data/adobe_commerce_v1_structured_object_fields.csv,102,89da04f9615c8ede337ea670e88ea529ac2b476278bfd4043cf1f9f0b92ac428,"Adobe Commerce 2.4.9 / services current at frozen snapshot","GraphQL CustomizableFileValue / REST custom option",customizable_file_value,file_extension,customizable_file_value.file_extension,family=customizable_file_value;entry_kind=domain_value;review=SECOND_PASS_RESEARCH,34800b3c9632b45bd9363c04bb9ad1a287604590b8843dbec822c790489ae96f,adobe:atom:structure:customizable_file_value:file_extension,adobe:structure:customizable_file_value:file_extension,STRUCTURE_MEMBER,OrderCustomization,constraint_member,StructuredMember,provider_typed,readable,not_proven,not_applicable,not_applicable,adobe-structured:customizable_file_value:file_extension,queue:adobe_customization_architecture,DEFERRED_REVIEW,"SECOND_PASS_RESEARCH; allowed file extension(s) for file custom option"
827e5f9b631bf6fe0c4555a879b1cd7db623e4dd76e7b75b10d3a0fe1feb60e0,adobe-v1-925f07633b4f361b,adobe_commerce,docs/data/adobe_commerce_v1_structured_object_fields.csv,103,67cec4bc6bae3248f698bfc3254c2ee5b7371ea5124bff0015e28d31db22835c,"Adobe Commerce 2.4.9 / services current at frozen snapshot","GraphQL CustomizableFileValue / REST custom option",customizable_file_value,image_size_x,customizable_file_value.image_size_x,family=customizable_file_value;entry_kind=domain_value;review=SECOND_PASS_RESEARCH,34800b3c9632b45bd9363c04bb9ad1a287604590b8843dbec822c790489ae96f,adobe:atom:structure:customizable_file_value:image_size_x,adobe:structure:customizable_file_value:image_size_x,STRUCTURE_MEMBER,OrderCustomization,constraint_member,StructuredMember,provider_typed,readable,not_proven,not_applicable,not_applicable,adobe-structured:customizable_file_value:image_size_x,queue:adobe_customization_architecture,DEFERRED_REVIEW,"SECOND_PASS_RESEARCH; maximum image width constraint for file custom option"
0d837dd29106aa1f13d9fbee5c466ce5c2fb81c8ddac4511863cfe0ea07fef74,adobe-v1-925f07633b4f361b,adobe_commerce,docs/data/adobe_commerce_v1_structured_object_fields.csv,104,7144253be40571f8eed3d164ced2be62c81783a428c35ff2954bae3ea81ef7cc,"Adobe Commerce 2.4.9 / services current at frozen snapshot","GraphQL CustomizableFileValue / REST custom option",customizable_file_value,image_size_y,customizable_file_value.image_size_y,family=customizable_file_value;entry_kind=domain_value;review=SECOND_PASS_RESEARCH,34800b3c9632b45bd9363c04bb9ad1a287604590b8843dbec822c790489ae96f,adobe:atom:structure:customizable_file_value:image_size_y,adobe:structure:customizable_file_value:image_size_y,STRUCTURE_MEMBER,OrderCustomization,constraint_member,StructuredMember,provider_typed,readable,not_proven,not_applicable,not_applicable,adobe-structured:customizable_file_value:image_size_y,queue:adobe_customization_architecture,DEFERRED_REVIEW,"SECOND_PASS_RESEARCH; maximum image height constraint for file custom option"
a55551c65b16e18c5b33a350a80c71b450138fbc10da789fd1a0a75a6036090e,adobe-v1-925f07633b4f361b,adobe_commerce,docs/data/adobe_commerce_v1_structured_object_fields.csv,105,276a64f7107c93ec28d6c4f92f5f1d204df82d63496cbf4f9781e2b8e374ed40,"Adobe Commerce 2.4.9 / services current at frozen snapshot","Import API giftcard_amount array",giftcard_amount_list,amount,giftcard_amount_list.amount,family=giftcard_amount_list;entry_kind=domain_value;review=SECOND_PASS_RESEARCH,c5a92ef4605c2e421b12187991c3a79089df2258feeccb52ce1889c87832b4bb,adobe:atom:structure:giftcard_amount_list:amount,adobe:structure:giftcard_amount_list:amount,STRUCTURE_MEMBER,GiftCard,value_or_context_member,StructuredMember,provider_typed,import_representation,writable,not_applicable,not_applicable,adobe-structured:giftcard_amount_list:amount,not_applicable,PROVIDER_VERIFIED,"SECOND_PASS_RESEARCH; one preset amount in repeating gift-card amount list"
47b6dc9edef8c7677097a7d574937a7419d42d1cd0c7686f6847b41e09fd71b3,adobe-v1-925f07633b4f361b,adobe_commerce,docs/data/adobe_commerce_v1_structured_object_fields.csv,106,640e44ea6900967c5c71af78d48cfe80fa9d4e0c05454836d7089a0823907108,"Adobe Commerce 2.4.9 / services current at frozen snapshot","Inventory REST Manage Sources",inventory_source,source_code,inventory_source.source_code,family=inventory_source;entry_kind=connector_context;review=SECOND_PASS_RESEARCH,dbb91d0610d2b73e14c23de0c5592b26a0bf406ebd615790bd0f2f8f6e385d6b,adobe:atom:structure:inventory_source:source_code,adobe:structure:inventory_source:source_code,STRUCTURE_MEMBER,Inventory,reference_member,StructuredMember,provider_typed,surface_defined,surface_defined,not_applicable,not_applicable,adobe-structured:inventory_source:source_code,not_applicable,PROVIDER_VERIFIED,"SECOND_PASS_RESEARCH; MSI source topology/account configuration; not Product FieldMapping"
4692fb3c12c7f020742637594ac58ccc4b15a7057c2457ec874b29c6c1311f98,adobe-v1-925f07633b4f361b,adobe_commerce,docs/data/adobe_commerce_v1_structured_object_fields.csv,107,bf0e27e32b9df825dd91629e1fa917c254225937142891316f55bbab6c77dd12,"Adobe Commerce 2.4.9 / services current at frozen snapshot","Inventory REST Manage Sources",inventory_source,name,inventory_source.name,family=inventory_source;entry_kind=connector_context;review=SECOND_PASS_RESEARCH,dbb91d0610d2b73e14c23de0c5592b26a0bf406ebd615790bd0f2f8f6e385d6b,adobe:atom:structure:inventory_source:name,adobe:structure:inventory_source:name,STRUCTURE_MEMBER,Inventory,value_or_context_member,StructuredMember,provider_typed,surface_defined,surface_defined,not_applicable,not_applicable,adobe-structured:inventory_source:name,not_applicable,PROVIDER_VERIFIED,"SECOND_PASS_RESEARCH; MSI source topology/account configuration; not Product FieldMapping"
6c99675a8f23ab53b871c8b727943f6d09c07bef2e26833590bd7ed0c7228f49,adobe-v1-925f07633b4f361b,adobe_commerce,docs/data/adobe_commerce_v1_structured_object_fields.csv,108,9dbd000fae00b2e2ece8b34196b4869a3bf35c6e2f9df563c454333e0bdc11be,"Adobe Commerce 2.4.9 / services current at frozen snapshot","Inventory REST Manage Sources",inventory_source,enabled,inventory_source.enabled,family=inventory_source;entry_kind=connector_context;review=SECOND_PASS_RESEARCH,dbb91d0610d2b73e14c23de0c5592b26a0bf406ebd615790bd0f2f8f6e385d6b,adobe:atom:structure:inventory_source:enabled,adobe:structure:inventory_source:enabled,STRUCTURE_MEMBER,Inventory,value_or_context_member,StructuredMember,provider_typed,surface_defined,surface_defined,not_applicable,not_applicable,adobe-structured:inventory_source:enabled,not_applicable,PROVIDER_VERIFIED,"SECOND_PASS_RESEARCH; MSI source topology/account configuration; not Product FieldMapping"
964eba02fdca6e39ad1d9d80fd80b0677334852f8d33452a686db1d26a2a5174,adobe-v1-925f07633b4f361b,adobe_commerce,docs/data/adobe_commerce_v1_structured_object_fields.csv,109,a9a26359741829a1128b4af97d5c7132f315a995643e1c2e20d654e9bbdf37d1,"Adobe Commerce 2.4.9 / services current at frozen snapshot","Inventory REST Manage Sources",inventory_source,country_id,inventory_source.country_id,family=inventory_source;entry_kind=connector_context;review=SECOND_PASS_RESEARCH,dbb91d0610d2b73e14c23de0c5592b26a0bf406ebd615790bd0f2f8f6e385d6b,adobe:atom:structure:inventory_source:country_id,adobe:structure:inventory_source:country_id,STRUCTURE_MEMBER,Inventory,value_or_context_member,StructuredMember,provider_typed,surface_defined,surface_defined,not_applicable,not_applicable,adobe-structured:inventory_source:country_id,not_applicable,PROVIDER_VERIFIED,"SECOND_PASS_RESEARCH; MSI source topology/account configuration; not Product FieldMapping"
fda55f7483a6810019a22a6121370acf3d98396454f3199b86446c7809d618e0,adobe-v1-925f07633b4f361b,adobe_commerce,docs/data/adobe_commerce_v1_structured_object_fields.csv,110,334cbc40ccf784301d2a4da6ac1b61e75d098e075f19f29ade1e5ef094bf9c39,"Adobe Commerce 2.4.9 / services current at frozen snapshot","Inventory REST Manage Sources",inventory_source,region_id,inventory_source.region_id,family=inventory_source;entry_kind=connector_context;review=SECOND_PASS_RESEARCH,dbb91d0610d2b73e14c23de0c5592b26a0bf406ebd615790bd0f2f8f6e385d6b,adobe:atom:structure:inventory_source:region_id,adobe:structure:inventory_source:region_id,STRUCTURE_MEMBER,Inventory,value_or_context_member,StructuredMember,provider_typed,surface_defined,surface_defined,not_applicable,not_applicable,adobe-structured:inventory_source:region_id,not_applicable,PROVIDER_VERIFIED,"SECOND_PASS_RESEARCH; MSI source topology/account configuration; not Product FieldMapping"
9301bc484231b3a161aad6fe8c9ef30d1ebf07a6e56515126ce80e5d7ae02de4,adobe-v1-925f07633b4f361b,adobe_commerce,docs/data/adobe_commerce_v1_structured_object_fields.csv,111,5e6847b5bfe16fb91a580aa4d562f0f7f1eb44627e41d5fe8cc8f034789ffe12,"Adobe Commerce 2.4.9 / services current at frozen snapshot","Inventory REST Manage Sources",inventory_source,city,inventory_source.city,family=inventory_source;entry_kind=connector_context;review=SECOND_PASS_RESEARCH,dbb91d0610d2b73e14c23de0c5592b26a0bf406ebd615790bd0f2f8f6e385d6b,adobe:atom:structure:inventory_source:city,adobe:structure:inventory_source:city,STRUCTURE_MEMBER,Inventory,value_or_context_member,StructuredMember,provider_typed,surface_defined,surface_defined,not_applicable,not_applicable,adobe-structured:inventory_source:city,not_applicable,PROVIDER_VERIFIED,"SECOND_PASS_RESEARCH; MSI source topology/account configuration; not Product FieldMapping"
211ecf513db547a75cac8fc8f2f223612b9558a138bc92bd04125fe550c1dc1b,adobe-v1-925f07633b4f361b,adobe_commerce,docs/data/adobe_commerce_v1_structured_object_fields.csv,112,692fbb8ef5c6c4deac0699a73299de60706cbfad2f7e2e29235823dc966294b2,"Adobe Commerce 2.4.9 / services current at frozen snapshot","Inventory REST Manage Sources",inventory_source,postcode,inventory_source.postcode,family=inventory_source;entry_kind=connector_context;review=SECOND_PASS_RESEARCH,dbb91d0610d2b73e14c23de0c5592b26a0bf406ebd615790bd0f2f8f6e385d6b,adobe:atom:structure:inventory_source:postcode,adobe:structure:inventory_source:postcode,STRUCTURE_MEMBER,Inventory,value_or_context_member,StructuredMember,provider_typed,surface_defined,surface_defined,not_applicable,not_applicable,adobe-structured:inventory_source:postcode,not_applicable,PROVIDER_VERIFIED,"SECOND_PASS_RESEARCH; MSI source topology/account configuration; not Product FieldMapping"
26e40f9155ccddc97d9074224cb8f257380511eb2cfd3913c18a39c51ea1f4fa,adobe-v1-925f07633b4f361b,adobe_commerce,docs/data/adobe_commerce_v1_structured_object_fields.csv,113,036d7b7db0a35177f580e9b30def87a3b8ee06bdfb260d6020d2d16263fc325e,"Adobe Commerce 2.4.9 / services current at frozen snapshot","Inventory REST Manage Sources",inventory_source,contact_name,inventory_source.contact_name,family=inventory_source;entry_kind=connector_context;review=SECOND_PASS_RESEARCH,dbb91d0610d2b73e14c23de0c5592b26a0bf406ebd615790bd0f2f8f6e385d6b,adobe:atom:structure:inventory_source:contact_name,adobe:structure:inventory_source:contact_name,STRUCTURE_MEMBER,Inventory,value_or_context_member,StructuredMember,provider_typed,surface_defined,surface_defined,not_applicable,not_applicable,adobe-structured:inventory_source:contact_name,not_applicable,PROVIDER_VERIFIED,"SECOND_PASS_RESEARCH; MSI source topology/account configuration; not Product FieldMapping"
52e12cf51924f3a452835dd64f67f7e34702d0bae6dd42acf52463582a1c8de7,adobe-v1-925f07633b4f361b,adobe_commerce,docs/data/adobe_commerce_v1_structured_object_fields.csv,114,f815d4c9c3e586017ca0aa33206731bb766dff1bbc31611ca4b046bcb4a92b5d,"Adobe Commerce 2.4.9 / services current at frozen snapshot","Inventory REST Manage Sources",inventory_source,email,inventory_source.email,family=inventory_source;entry_kind=connector_context;review=SECOND_PASS_RESEARCH,dbb91d0610d2b73e14c23de0c5592b26a0bf406ebd615790bd0f2f8f6e385d6b,adobe:atom:structure:inventory_source:email,adobe:structure:inventory_source:email,STRUCTURE_MEMBER,Inventory,value_or_context_member,StructuredMember,provider_typed,surface_defined,surface_defined,not_applicable,not_applicable,adobe-structured:inventory_source:email,not_applicable,PROVIDER_VERIFIED,"SECOND_PASS_RESEARCH; MSI source topology/account configuration; not Product FieldMapping"
506264955375dbd3e1b462089c716971a049eb529232e610f8f16b15158e951a,adobe-v1-925f07633b4f361b,adobe_commerce,docs/data/adobe_commerce_v1_structured_object_fields.csv,115,f1ef3f76b4d5ab830e2f802948b5893be2cb8173f6274df5eb6ced778010689b,"Adobe Commerce 2.4.9 / services current at frozen snapshot","Inventory REST Manage Sources",inventory_source,phone,inventory_source.phone,family=inventory_source;entry_kind=connector_context;review=SECOND_PASS_RESEARCH,dbb91d0610d2b73e14c23de0c5592b26a0bf406ebd615790bd0f2f8f6e385d6b,adobe:atom:structure:inventory_source:phone,adobe:structure:inventory_source:phone,STRUCTURE_MEMBER,Inventory,value_or_context_member,StructuredMember,provider_typed,surface_defined,surface_defined,not_applicable,not_applicable,adobe-structured:inventory_source:phone,not_applicable,PROVIDER_VERIFIED,"SECOND_PASS_RESEARCH; MSI source topology/account configuration; not Product FieldMapping"
56faabea198ed56e434a56ba4ea23cd8f9782c6fec5e081846165493208052a3,adobe-v1-925f07633b4f361b,adobe_commerce,docs/data/adobe_commerce_v1_structured_object_fields.csv,116,1c91c525c163f52c5f2f664396793d46b5c01f2da22714dd8dbcb4e0b9c6d3b2,"Adobe Commerce 2.4.9 / services current at frozen snapshot","Inventory REST Manage Sources",inventory_source,latitude,inventory_source.latitude,family=inventory_source;entry_kind=connector_context;review=SECOND_PASS_RESEARCH,dbb91d0610d2b73e14c23de0c5592b26a0bf406ebd615790bd0f2f8f6e385d6b,adobe:atom:structure:inventory_source:latitude,adobe:structure:inventory_source:latitude,STRUCTURE_MEMBER,Inventory,value_or_context_member,StructuredMember,provider_typed,surface_defined,surface_defined,not_applicable,not_applicable,adobe-structured:inventory_source:latitude,not_applicable,PROVIDER_VERIFIED,"SECOND_PASS_RESEARCH; MSI source topology/account configuration; not Product FieldMapping"
38e730be8f8d44b6e30fcf4830c333d83de051f9aa5a704b212110f9741b5b21,adobe-v1-925f07633b4f361b,adobe_commerce,docs/data/adobe_commerce_v1_structured_object_fields.csv,117,8c121050c8dc8e9d0c86c0061ec3d7cccadcdf9c4aa830fc84cd2990eccb468f,"Adobe Commerce 2.4.9 / services current at frozen snapshot","Inventory REST Manage Sources",inventory_source,longitude,inventory_source.longitude,family=inventory_source;entry_kind=connector_context;review=SECOND_PASS_RESEARCH,dbb91d0610d2b73e14c23de0c5592b26a0bf406ebd615790bd0f2f8f6e385d6b,adobe:atom:structure:inventory_source:longitude,adobe:structure:inventory_source:longitude,STRUCTURE_MEMBER,Inventory,value_or_context_member,StructuredMember,provider_typed,surface_defined,surface_defined,not_applicable,not_applicable,adobe-structured:inventory_source:longitude,not_applicable,PROVIDER_VERIFIED,"SECOND_PASS_RESEARCH; MSI source topology/account configuration; not Product FieldMapping"
aa7b122cd9fc71a24792d72a396560584cc3d90e17118954009ab6fab954247d,adobe-v1-925f07633b4f361b,adobe_commerce,docs/data/adobe_commerce_v1_structured_object_fields.csv,118,bbf5a83431a59e3ad9430085123c0544975ae647546c41f67324dab7df0ea2a8,"Adobe Commerce 2.4.9 / services current at frozen snapshot","Inventory REST Manage Stocks",inventory_stock,stock_id,inventory_stock.stock_id,family=inventory_stock;entry_kind=external_system_metadata;review=SECOND_PASS_RESEARCH,5b06d8857bf01257594166e6316d70d4b3f73c36ff6426db9002985d0bdd51a9,adobe:atom:structure:inventory_stock:stock_id,adobe:structure:inventory_stock:stock_id,STRUCTURE_MEMBER,Inventory,identity_member,StructuredMember,provider_typed,surface_defined,surface_defined,not_applicable,not_applicable,adobe-structured:inventory_stock:stock_id,not_applicable,PROVIDER_VERIFIED,"SECOND_PASS_RESEARCH; remote stock identity"
e9275379dfd36465154c010e1d648c06048106645db8cd26e717a65926c13a98,adobe-v1-925f07633b4f361b,adobe_commerce,docs/data/adobe_commerce_v1_structured_object_fields.csv,119,054b556281509e2700517535cee19d960fd714c8decaf496ef13f0cacdeff02c,"Adobe Commerce 2.4.9 / services current at frozen snapshot","Inventory REST Manage Stocks",inventory_stock,name,inventory_stock.name,family=inventory_stock;entry_kind=connector_context;review=SECOND_PASS_RESEARCH,5b06d8857bf01257594166e6316d70d4b3f73c36ff6426db9002985d0bdd51a9,adobe:atom:structure:inventory_stock:name,adobe:structure:inventory_stock:name,STRUCTURE_MEMBER,Inventory,value_or_context_member,StructuredMember,provider_typed,surface_defined,surface_defined,not_applicable,not_applicable,adobe-structured:inventory_stock:name,not_applicable,PROVIDER_VERIFIED,"SECOND_PASS_RESEARCH; MSI stock topology/account configuration"
baa5880b8668a90215d97ce1cde1c1cca367a35df11625cd72e89348a469545d,adobe-v1-925f07633b4f361b,adobe_commerce,docs/data/adobe_commerce_v1_structured_object_fields.csv,120,2e38e57d2934bed419584432d4be8b359d67aedba3944b2a59d41e64e53bb44e,"Adobe Commerce 2.4.9 / services current at frozen snapshot","Inventory REST Manage Stocks",inventory_stock,sales_channels,inventory_stock.sales_channels,family=inventory_stock;entry_kind=structured_capability;review=SECOND_PASS_RESEARCH,5b06d8857bf01257594166e6316d70d4b3f73c36ff6426db9002985d0bdd51a9,adobe:atom:structure:inventory_stock:sales_channels,adobe:structure:inventory_stock:sales_channels,STRUCTURE_MEMBER,Inventory,value_or_context_member,StructuredMember,structured,surface_defined,surface_defined,not_applicable,not_applicable,adobe-structured:inventory_stock:sales_channels,not_applicable,PROVIDER_VERIFIED,"SECOND_PASS_RESEARCH; stock-to-sales-channel topology"
b7a292b30f4d5c633f475df738ed8f6a8615012820ed4a443d9034eabb24d703,adobe-v1-925f07633b4f361b,adobe_commerce,docs/data/adobe_commerce_v1_structured_object_fields.csv,121,d7e077985829a0e1b90776ac287ca241377788b3b21731cd1740fc69bac80285,"Adobe Commerce 2.4.9 / services current at frozen snapshot","Inventory REST Link Stocks and Sources",inventory_stock_source_link,source_code,inventory_stock_source_link.source_code,family=inventory_stock_source_link;entry_kind=connector_context;review=SECOND_PASS_RESEARCH,940fbcd218654eb23fcbbd69d6ed8ba3463383d7f77f7ee8726ea4495e5eab3d,adobe:atom:structure:inventory_stock_source_link:source_code,adobe:structure:inventory_stock_source_link:source_code,STRUCTURE_MEMBER,Inventory,reference_member,StructuredMember,provider_typed,surface_defined,surface_defined,not_applicable,not_applicable,adobe-structured:inventory_stock_source_link:source_code,not_applicable,PROVIDER_VERIFIED,"SECOND_PASS_RESEARCH; source reference in stock-source topology"
8dfaf4a44e41f88e22dfdd0b3876c5608b1bbaf830935b5188ffede4ad5ad6ad,adobe-v1-925f07633b4f361b,adobe_commerce,docs/data/adobe_commerce_v1_structured_object_fields.csv,122,1bd2224eb8233a7a338d627add2fe6e8e6b9a428789ce995a15be2e7534dda25,"Adobe Commerce 2.4.9 / services current at frozen snapshot","Inventory REST Link Stocks and Sources",inventory_stock_source_link,stock_id,inventory_stock_source_link.stock_id,family=inventory_stock_source_link;entry_kind=external_system_metadata;review=SECOND_PASS_RESEARCH,940fbcd218654eb23fcbbd69d6ed8ba3463383d7f77f7ee8726ea4495e5eab3d,adobe:atom:structure:inventory_stock_source_link:stock_id,adobe:structure:inventory_stock_source_link:stock_id,STRUCTURE_MEMBER,Inventory,identity_member,StructuredMember,provider_typed,surface_defined,surface_defined,not_applicable,not_applicable,adobe-structured:inventory_stock_source_link:stock_id,not_applicable,PROVIDER_VERIFIED,"SECOND_PASS_RESEARCH; stock reference in stock-source topology"
6c734bd2a02a4c70ee15ada6714d7417729780c4f57e2150cec1c6c3896710e7,adobe-v1-925f07633b4f361b,adobe_commerce,docs/data/adobe_commerce_v1_structured_object_fields.csv,123,75b297583392cfad1011d393ec03d2251387d1fd5c1e6e8bfc7e24b039975e84,"Adobe Commerce 2.4.9 / services current at frozen snapshot","Inventory REST Link Stocks and Sources",inventory_stock_source_link,priority,inventory_stock_source_link.priority,family=inventory_stock_source_link;entry_kind=connector_context;review=SECOND_PASS_RESEARCH,940fbcd218654eb23fcbbd69d6ed8ba3463383d7f77f7ee8726ea4495e5eab3d,adobe:atom:structure:inventory_stock_source_link:priority,adobe:structure:inventory_stock_source_link:priority,STRUCTURE_MEMBER,Inventory,ordering_member,StructuredMember,provider_typed,surface_defined,surface_defined,not_applicable,not_applicable,adobe-structured:inventory_stock_source_link:priority,not_applicable,PROVIDER_VERIFIED,"SECOND_PASS_RESEARCH; source-selection priority inside stock topology"
9bb38ebae5cd8cda744f48d64ac637d02e93f0a35810493ec2cad9129370b5d6,adobe-v1-925f07633b4f361b,adobe_commerce,docs/data/adobe_commerce_v1_structured_object_fields.csv,124,7cd2b8442c266abad26191fab8ed2936daefb1343b984ad4fbc702bea0ada3cf,"Adobe Commerce 2.4.9 / services current at frozen snapshot","Inventory REST Manage Stocks",inventory_sales_channel,type,inventory_sales_channel.type,family=inventory_sales_channel;entry_kind=connector_context;review=SECOND_PASS_RESEARCH,b930dca3890f6eb14e6ae79ddc168dbde00b5462c07866d1f5acba767670d57f,adobe:atom:structure:inventory_sales_channel:type,adobe:structure:inventory_sales_channel:type,STRUCTURE_MEMBER,Inventory,value_or_context_member,StructuredMember,provider_typed,surface_defined,surface_defined,not_applicable,not_applicable,adobe-structured:inventory_sales_channel:type,not_applicable,PROVIDER_VERIFIED,"SECOND_PASS_RESEARCH; sales-channel topology type"
af53275b0d5368b542e2f98ec53ef0fcc7419b17dfd381c9ecd8d0a3075f0ad1,adobe-v1-925f07633b4f361b,adobe_commerce,docs/data/adobe_commerce_v1_structured_object_fields.csv,125,3043362cd7b795118a1fcd256e5899e539365f605c7661a5466e3ffd61c7098d,"Adobe Commerce 2.4.9 / services current at frozen snapshot","Inventory REST Manage Stocks",inventory_sales_channel,code,inventory_sales_channel.code,family=inventory_sales_channel;entry_kind=connector_context;review=SECOND_PASS_RESEARCH,b930dca3890f6eb14e6ae79ddc168dbde00b5462c07866d1f5acba767670d57f,adobe:atom:structure:inventory_sales_channel:code,adobe:structure:inventory_sales_channel:code,STRUCTURE_MEMBER,Inventory,value_or_context_member,StructuredMember,provider_typed,surface_defined,surface_defined,not_applicable,not_applicable,adobe-structured:inventory_sales_channel:code,not_applicable,PROVIDER_VERIFIED,"SECOND_PASS_RESEARCH; sales-channel topology code"
ce5f8c11453edd01f6d08b53189a986f8b46a276099e54579b4cb859c04be3c3,adobe-v1-925f07633b4f361b,adobe_commerce,docs/data/adobe_commerce_v1_structured_object_fields.csv,126,3f2f5407514f0790b77642e68807ba76fc7ed1fb74e4750800b02a9409cebbd6,"Adobe Commerce 2.4.9 / services current at frozen snapshot","Adobe GraphQL configurable options / SwatchData",attribute_option,swatch_data,attribute_option.swatch_data,family=attribute_option;entry_kind=structured_capability;review=SECOND_PASS_RESEARCH,865fc3ce7da2620f92393961ab1663c5a566857634fdfe469dde835a330ce6f2,adobe:atom:structure:attribute_option:swatch_data,adobe:structure:attribute_option:swatch_data,STRUCTURE_MEMBER,FieldDictionary,value_or_context_member,StructuredMember,structured,readable,not_proven,not_applicable,not_applicable,adobe-structured:attribute_option:swatch_data,not_applicable,PROVIDER_VERIFIED,"SECOND_PASS_RESEARCH; nested swatch representation for selectable option"
f66a17b4faf0b7caab745a7f624b271ec39736bc522f1cd48985f96f55b691d8,adobe-v1-925f07633b4f361b,adobe_commerce,docs/data/adobe_commerce_v1_structured_object_fields.csv,127,0dda9af66aa12ce302b4accc6a367519a0d3084f6ef14149c802d13d48ef5684,"Adobe Commerce 2.4.9 / services current at frozen snapshot","Adobe GraphQL SwatchData / Catalog Service",swatch_data,type,swatch_data.type,family=swatch_data;entry_kind=schema_metadata;review=SECOND_PASS_RESEARCH,865fc3ce7da2620f92393961ab1663c5a566857634fdfe469dde835a330ce6f2,adobe:atom:structure:swatch_data:type,adobe:structure:swatch_data:type,STRUCTURE_MEMBER,FieldDictionary,value_or_context_member,StructuredMember,provider_typed,readable,not_proven,not_applicable,not_applicable,adobe-structured:swatch_data:type,not_applicable,PROVIDER_VERIFIED,"SECOND_PASS_RESEARCH; swatch representation type where surface exposes it"
2200012ae4e157a3afa437323c23a23a0d81623a76c4ea2d39cd167b946251f3,adobe-v1-925f07633b4f361b,adobe_commerce,docs/data/adobe_commerce_v1_structured_object_fields.csv,128,161b421051d1202e9314e9e2b9e924965c2710f5efd3199e93d8a4149edb8d93,"Adobe Commerce 2.4.9 / services current at frozen snapshot","Adobe GraphQL SwatchDataInterface",swatch_data,value,swatch_data.value,family=swatch_data;entry_kind=schema_metadata;review=SECOND_PASS_RESEARCH,865fc3ce7da2620f92393961ab1663c5a566857634fdfe469dde835a330ce6f2,adobe:atom:structure:swatch_data:value,adobe:structure:swatch_data:value,STRUCTURE_MEMBER,FieldDictionary,value_or_context_member,StructuredMember,provider_typed,readable,not_proven,not_applicable,not_applicable,adobe-structured:swatch_data:value,not_applicable,PROVIDER_VERIFIED,"SECOND_PASS_RESEARCH; color HEX, image link, or text swatch payload"
7ccdf78dcc90340f79981e6bcbb06f27eceee544cebeeafe68d477ba0c9fe487,adobe-v1-925f07633b4f361b,adobe_commerce,docs/data/adobe_commerce_v1_structured_object_fields.csv,129,51aac7505a5fc93e33860f6f5218c6d5780ba103a528f010f9019298e6f6d250,"Adobe Commerce 2.4.9 / services current at frozen snapshot","Adobe Admin REST BundleDataOptionInterface",bundle_product_option,option_id,bundle_product_option.option_id,family=bundle_product_option;entry_kind=external_system_metadata;review=THIRD_PASS_RESEARCH,a0c99fa1928f21f9bbe1e053e54cbcfdabe4eaf0743c0de262bfdf67618a64ef,adobe:atom:structure:bundle_product_option:option_id,adobe:structure:bundle_product_option:option_id,STRUCTURE_MEMBER,BundleComposition,identity_member,StructuredMember,provider_typed,surface_defined,surface_defined,not_applicable,not_applicable,adobe-structured:bundle_product_option:option_id,queue:adobe_composition_mapping,DEFERRED_REVIEW,"THIRD_PASS_RESEARCH; remote bundle option identity"
8808d8982e8c88f6e86dae774716f871c8e54be3e5c5ba962b3f9325b85b3df2,adobe-v1-925f07633b4f361b,adobe_commerce,docs/data/adobe_commerce_v1_structured_object_fields.csv,130,dbe98ba9941d41192d3dec0d13138bd15a32747c58c33489b9686ad231732545,"Adobe Commerce 2.4.9 / services current at frozen snapshot","Adobe Admin REST BundleDataOptionInterface",bundle_product_option,title,bundle_product_option.title,family=bundle_product_option;entry_kind=domain_value;review=THIRD_PASS_RESEARCH,a0c99fa1928f21f9bbe1e053e54cbcfdabe4eaf0743c0de262bfdf67618a64ef,adobe:atom:structure:bundle_product_option:title,adobe:structure:bundle_product_option:title,STRUCTURE_MEMBER,BundleComposition,value_or_context_member,StructuredMember,provider_typed,surface_defined,surface_defined,not_applicable,not_applicable,adobe-structured:bundle_product_option:title,queue:adobe_composition_mapping,DEFERRED_REVIEW,"THIRD_PASS_RESEARCH; bundle option title"
ef16c63117250ac8c7ba23650825bad1e7b6593e60abfd553e3106259d7d8af9,adobe-v1-925f07633b4f361b,adobe_commerce,docs/data/adobe_commerce_v1_structured_object_fields.csv,131,88f5114ab90be4da3a44ba5964729273b6aeecf4bfb7635f1f7653477d0a4714,"Adobe Commerce 2.4.9 / services current at frozen snapshot","Adobe Admin REST BundleDataOptionInterface",bundle_product_option,type,bundle_product_option.type,family=bundle_product_option;entry_kind=domain_value;review=THIRD_PASS_RESEARCH,a0c99fa1928f21f9bbe1e053e54cbcfdabe4eaf0743c0de262bfdf67618a64ef,adobe:atom:structure:bundle_product_option:type,adobe:structure:bundle_product_option:type,STRUCTURE_MEMBER,BundleComposition,value_or_context_member,StructuredMember,provider_typed,surface_defined,surface_defined,not_applicable,not_applicable,adobe-structured:bundle_product_option:type,queue:adobe_composition_mapping,DEFERRED_REVIEW,"THIRD_PASS_RESEARCH; bundle option selection type"
8447223060b6c13399ee0636ca94d1e02e61e046da1cf1721d092cfbece9513b,adobe-v1-925f07633b4f361b,adobe_commerce,docs/data/adobe_commerce_v1_structured_object_fields.csv,132,8f1ba2ee36f35ec018cda0b5ec70272dba68b9adcdba4b1430dfc5a46ae6955a,"Adobe Commerce 2.4.9 / services current at frozen snapshot","Adobe Admin REST BundleDataOptionInterface",bundle_product_option,required,bundle_product_option.required,family=bundle_product_option;entry_kind=domain_value;review=THIRD_PASS_RESEARCH,a0c99fa1928f21f9bbe1e053e54cbcfdabe4eaf0743c0de262bfdf67618a64ef,adobe:atom:structure:bundle_product_option:required,adobe:structure:bundle_product_option:required,STRUCTURE_MEMBER,BundleComposition,requiredness_member,StructuredMember,provider_typed,surface_defined,surface_defined,not_applicable,not_applicable,adobe-structured:bundle_product_option:required,queue:adobe_composition_mapping,DEFERRED_REVIEW,"THIRD_PASS_RESEARCH; whether a bundle option is required"
6aa41a1d0914056ea8b6e75f1bb855a9ad623c79cdb6bb197071b5d8ad2b443c,adobe-v1-925f07633b4f361b,adobe_commerce,docs/data/adobe_commerce_v1_structured_object_fields.csv,133,e1054128146148248cc30d9e18b20be86b2836eda894343e92e412b184ac387b,"Adobe Commerce 2.4.9 / services current at frozen snapshot","Adobe Admin REST BundleDataOptionInterface",bundle_product_option,position,bundle_product_option.position,family=bundle_product_option;entry_kind=domain_value;review=THIRD_PASS_RESEARCH,a0c99fa1928f21f9bbe1e053e54cbcfdabe4eaf0743c0de262bfdf67618a64ef,adobe:atom:structure:bundle_product_option:position,adobe:structure:bundle_product_option:position,STRUCTURE_MEMBER,BundleComposition,ordering_member,StructuredMember,provider_typed,surface_defined,surface_defined,not_applicable,not_applicable,adobe-structured:bundle_product_option:position,queue:adobe_composition_mapping,DEFERRED_REVIEW,"THIRD_PASS_RESEARCH; bundle option ordering"
f7bce863492c602b42aec9f6e74232ec91f216f0a46c74b0c74de69a9804ce52,adobe-v1-925f07633b4f361b,adobe_commerce,docs/data/adobe_commerce_v1_structured_object_fields.csv,134,0ead1336118e018f69375d1c49d6b18876e9f37f3b7e8cd55a27571314dafba4,"Adobe Commerce 2.4.9 / services current at frozen snapshot","Adobe Admin REST BundleDataOptionInterface",bundle_product_option,sku,bundle_product_option.sku,family=bundle_product_option;entry_kind=external_system_metadata;review=THIRD_PASS_RESEARCH,a0c99fa1928f21f9bbe1e053e54cbcfdabe4eaf0743c0de262bfdf67618a64ef,adobe:atom:structure:bundle_product_option:sku,adobe:structure:bundle_product_option:sku,STRUCTURE_MEMBER,BundleComposition,reference_member,StructuredMember,provider_typed,surface_defined,surface_defined,not_applicable,not_applicable,adobe-structured:bundle_product_option:sku,queue:adobe_composition_mapping,DEFERRED_REVIEW,"THIRD_PASS_RESEARCH; parent product reference identity"
d91111bb812cf02e4aba12f13615f077007e1d4d79ac5ce186aa83ea84ff843d,adobe-v1-925f07633b4f361b,adobe_commerce,docs/data/adobe_commerce_v1_structured_object_fields.csv,135,1335611f2abf0849462ddd8f7fcd7a25cfc17e6280e7780ff1758ae1eeed0a5c,"Adobe Commerce 2.4.9 / services current at frozen snapshot","Adobe Admin REST BundleDataOptionInterface",bundle_product_option,product_links,bundle_product_option.product_links,family=bundle_product_option;entry_kind=structured_capability;review=THIRD_PASS_RESEARCH,a0c99fa1928f21f9bbe1e053e54cbcfdabe4eaf0743c0de262bfdf67618a64ef,adobe:atom:structure:bundle_product_option:product_links,adobe:structure:bundle_product_option:product_links,STRUCTURE_MEMBER,BundleComposition,value_or_context_member,StructuredMember,structured,surface_defined,surface_defined,not_applicable,not_applicable,adobe-structured:bundle_product_option:product_links,queue:adobe_composition_mapping,DEFERRED_REVIEW,"THIRD_PASS_RESEARCH; nested bundle selections/links"
3584c547c50bceca057bfd8476cc97b111c541cc268cb2a14c8b975b6900081b,adobe-v1-925f07633b4f361b,adobe_commerce,docs/data/adobe_commerce_v1_structured_object_fields.csv,136,e11c3ff84a6f1d52e45c6a96725bda2d4a2f7cbf2615a916ed03375edfd5283c,"Adobe Commerce 2.4.9 / services current at frozen snapshot","Adobe Admin REST BundleDataLinkInterface",bundle_product_link,id,bundle_product_link.id,family=bundle_product_link;entry_kind=external_system_metadata;review=THIRD_PASS_RESEARCH,cc5d7d74a78ad4149a072056be0c3b50b387dec4067059af93bb5373d0b684d9,adobe:atom:structure:bundle_product_link:id,adobe:structure:bundle_product_link:id,STRUCTURE_MEMBER,BundleComposition,identity_member,StructuredMember,provider_typed,surface_defined,surface_defined,not_applicable,not_applicable,adobe-structured:bundle_product_link:id,queue:adobe_composition_mapping,DEFERRED_REVIEW,"THIRD_PASS_RESEARCH; remote bundle selection/link identity"
0cf77cde8bab390823794ec38ad0a7c88d453202d84fa60f0a524fbe5d14a06c,adobe-v1-925f07633b4f361b,adobe_commerce,docs/data/adobe_commerce_v1_structured_object_fields.csv,137,68028df9aa6d69510139f5c423f8273f6b98c903e5d016450755c3b26b7b3679,"Adobe Commerce 2.4.9 / services current at frozen snapshot","Adobe Admin REST BundleDataLinkInterface",bundle_product_link,sku,bundle_product_link.sku,family=bundle_product_link;entry_kind=external_system_metadata;review=THIRD_PASS_RESEARCH,cc5d7d74a78ad4149a072056be0c3b50b387dec4067059af93bb5373d0b684d9,adobe:atom:structure:bundle_product_link:sku,adobe:structure:bundle_product_link:sku,STRUCTURE_MEMBER,BundleComposition,reference_member,StructuredMember,provider_typed,surface_defined,surface_defined,not_applicable,not_applicable,adobe-structured:bundle_product_link:sku,queue:adobe_composition_mapping,DEFERRED_REVIEW,"THIRD_PASS_RESEARCH; linked child SKU reference"
f39f16086c496cb562b285beb856c942e27c8093b1fbd096eb84bbede7daec71,adobe-v1-925f07633b4f361b,adobe_commerce,docs/data/adobe_commerce_v1_structured_object_fields.csv,138,a4023d4a20b9fca26d1806e3dad384f320fdb06acd5173b997f8192fe4d098f4,"Adobe Commerce 2.4.9 / services current at frozen snapshot","Adobe Admin REST BundleDataLinkInterface",bundle_product_link,option_id,bundle_product_link.option_id,family=bundle_product_link;entry_kind=external_system_metadata;review=THIRD_PASS_RESEARCH,cc5d7d74a78ad4149a072056be0c3b50b387dec4067059af93bb5373d0b684d9,adobe:atom:structure:bundle_product_link:option_id,adobe:structure:bundle_product_link:option_id,STRUCTURE_MEMBER,BundleComposition,identity_member,StructuredMember,provider_typed,surface_defined,surface_defined,not_applicable,not_applicable,adobe-structured:bundle_product_link:option_id,queue:adobe_composition_mapping,DEFERRED_REVIEW,"THIRD_PASS_RESEARCH; parent bundle option reference"
86419541909471b66ae0dc194d5a77651a4787218084c322094c6a96c417bb71,adobe-v1-925f07633b4f361b,adobe_commerce,docs/data/adobe_commerce_v1_structured_object_fields.csv,139,14aea2252a48062d0c338236f5a93e6740944ba35243e4f0588551685860e131,"Adobe Commerce 2.4.9 / services current at frozen snapshot","Adobe Admin REST BundleDataLinkInterface",bundle_product_link,qty,bundle_product_link.qty,family=bundle_product_link;entry_kind=domain_value;review=THIRD_PASS_RESEARCH,cc5d7d74a78ad4149a072056be0c3b50b387dec4067059af93bb5373d0b684d9,adobe:atom:structure:bundle_product_link:qty,adobe:structure:bundle_product_link:qty,STRUCTURE_MEMBER,BundleComposition,value_or_context_member,StructuredMember,provider_typed,surface_defined,surface_defined,not_applicable,not_applicable,adobe-structured:bundle_product_link:qty,queue:adobe_composition_mapping,DEFERRED_REVIEW,"THIRD_PASS_RESEARCH; default linked quantity"
ae530525fa881c67aab6e886596bdaedfc54a3620e18336b85d1c7006f8c215f,adobe-v1-925f07633b4f361b,adobe_commerce,docs/data/adobe_commerce_v1_structured_object_fields.csv,140,ba1281011a45bc2df183688becd5780f4e3abe171705bf0663a830f65e51f392,"Adobe Commerce 2.4.9 / services current at frozen snapshot","Adobe Admin REST BundleDataLinkInterface",bundle_product_link,position,bundle_product_link.position,family=bundle_product_link;entry_kind=domain_value;review=THIRD_PASS_RESEARCH,cc5d7d74a78ad4149a072056be0c3b50b387dec4067059af93bb5373d0b684d9,adobe:atom:structure:bundle_product_link:position,adobe:structure:bundle_product_link:position,STRUCTURE_MEMBER,BundleComposition,ordering_member,StructuredMember,provider_typed,surface_defined,surface_defined,not_applicable,not_applicable,adobe-structured:bundle_product_link:position,queue:adobe_composition_mapping,DEFERRED_REVIEW,"THIRD_PASS_RESEARCH; selection ordering"
96487e35eeb1eb619d23df6a58cf079d28a5fed59da91ec5f41753941401a1b7,adobe-v1-925f07633b4f361b,adobe_commerce,docs/data/adobe_commerce_v1_structured_object_fields.csv,141,c6be7dbfba95adb658218ce64b7a72337980f5cbf8c1f8a5befb0d3171cd3ff2,"Adobe Commerce 2.4.9 / services current at frozen snapshot","Adobe Admin REST BundleDataLinkInterface",bundle_product_link,is_default,bundle_product_link.is_default,family=bundle_product_link;entry_kind=domain_value;review=THIRD_PASS_RESEARCH,cc5d7d74a78ad4149a072056be0c3b50b387dec4067059af93bb5373d0b684d9,adobe:atom:structure:bundle_product_link:is_default,adobe:structure:bundle_product_link:is_default,STRUCTURE_MEMBER,BundleComposition,value_or_context_member,StructuredMember,provider_typed,surface_defined,surface_defined,not_applicable,not_applicable,adobe-structured:bundle_product_link:is_default,queue:adobe_composition_mapping,DEFERRED_REVIEW,"THIRD_PASS_RESEARCH; default selection flag"
db23110153bb15fba382080ef6342ac6f18fb84c1bfdfb54bf27dd6d52a85a53,adobe-v1-925f07633b4f361b,adobe_commerce,docs/data/adobe_commerce_v1_structured_object_fields.csv,142,6c6408349a3d7022beeae92fcd59048af007a11eba801637677366418da27466,"Adobe Commerce 2.4.9 / services current at frozen snapshot","Adobe Admin REST BundleDataLinkInterface",bundle_product_link,price,bundle_product_link.price,family=bundle_product_link;entry_kind=domain_value;review=THIRD_PASS_RESEARCH,cc5d7d74a78ad4149a072056be0c3b50b387dec4067059af93bb5373d0b684d9,adobe:atom:structure:bundle_product_link:price,adobe:structure:bundle_product_link:price,STRUCTURE_MEMBER,BundleComposition,price_modifier_member,StructuredMember,provider_typed,surface_defined,surface_defined,not_applicable,not_applicable,adobe-structured:bundle_product_link:price,queue:adobe_composition_mapping,DEFERRED_REVIEW,"THIRD_PASS_RESEARCH; selection price/value"
5d6456648ec0faf3094a0bf4fe94d809cb6e92b731f7fcc114177f87cde5f1f6,adobe-v1-925f07633b4f361b,adobe_commerce,docs/data/adobe_commerce_v1_structured_object_fields.csv,143,763363c8edc52b1ab09475491aa6d2904aecc42fdb3c0f9b22c73e064a863607,"Adobe Commerce 2.4.9 / services current at frozen snapshot","Adobe Admin REST BundleDataLinkInterface",bundle_product_link,price_type,bundle_product_link.price_type,family=bundle_product_link;entry_kind=domain_value;review=THIRD_PASS_RESEARCH,cc5d7d74a78ad4149a072056be0c3b50b387dec4067059af93bb5373d0b684d9,adobe:atom:structure:bundle_product_link:price_type,adobe:structure:bundle_product_link:price_type,STRUCTURE_MEMBER,BundleComposition,price_modifier_member,StructuredMember,provider_typed,surface_defined,surface_defined,not_applicable,not_applicable,adobe-structured:bundle_product_link:price_type,queue:adobe_composition_mapping,DEFERRED_REVIEW,"THIRD_PASS_RESEARCH; selection price interpretation"
a2aeb28f5006a92907a8a70d5f81f76f56173ad8d828f88df0d4b2797b619d69,adobe-v1-925f07633b4f361b,adobe_commerce,docs/data/adobe_commerce_v1_structured_object_fields.csv,144,b16f16e46bc7fcbe14b4a19a37bf3d8b98fb0e0ea83f5e535e9cbdbc50bbbc1d,"Adobe Commerce 2.4.9 / services current at frozen snapshot","Adobe Admin REST BundleDataLinkInterface",bundle_product_link,can_change_quantity,bundle_product_link.can_change_quantity,family=bundle_product_link;entry_kind=domain_value;review=THIRD_PASS_RESEARCH,cc5d7d74a78ad4149a072056be0c3b50b387dec4067059af93bb5373d0b684d9,adobe:atom:structure:bundle_product_link:can_change_quantity,adobe:structure:bundle_product_link:can_change_quantity,STRUCTURE_MEMBER,BundleComposition,value_or_context_member,StructuredMember,provider_typed,surface_defined,surface_defined,not_applicable,not_applicable,adobe-structured:bundle_product_link:can_change_quantity,queue:adobe_composition_mapping,DEFERRED_REVIEW,"THIRD_PASS_RESEARCH; merchant/customer quantity mutability flag"
e7ab1ed5237ca779a9ce3ad8a7075440e1d3e80c0bb2f6dfa69e28196679c144,adobe-v1-925f07633b4f361b,adobe_commerce,docs/data/adobe_commerce_v1_structured_object_fields.csv,145,82b47f3c4ba12acaa432c6bdd62a24fc0ee7cc9877e644aca5a07f045a514d5d,"Adobe Commerce 2.4.9 / services current at frozen snapshot","Adobe catalog_product Import API bundle_values",bundle_import_value,name,bundle_import_value.name,family=bundle_import_value;entry_kind=domain_value;review=THIRD_PASS_RESEARCH,421130fb02609085c4b6205a9f48afb21db905e4d55a194df618fe537c527659,adobe:atom:structure:bundle_import_value:name,adobe:structure:bundle_import_value:name,STRUCTURE_MEMBER,BundleComposition,value_or_context_member,StructuredMember,provider_typed,import_representation,writable,not_applicable,not_applicable,adobe-structured:bundle_import_value:name,queue:adobe_composition_mapping,DEFERRED_REVIEW,"THIRD_PASS_RESEARCH; bundle option name/title in Import payload"
47de71b776aaf1eb7c54df21d593aa72de7351d2a87a2184c8ff343ea073fdd9,adobe-v1-925f07633b4f361b,adobe_commerce,docs/data/adobe_commerce_v1_structured_object_fields.csv,146,86b1ab1480b63081264cb47d70a1f3faba2a32abaea534259e2ed762065af288,"Adobe Commerce 2.4.9 / services current at frozen snapshot","Adobe catalog_product Import API bundle_values",bundle_import_value,type,bundle_import_value.type,family=bundle_import_value;entry_kind=domain_value;review=THIRD_PASS_RESEARCH,421130fb02609085c4b6205a9f48afb21db905e4d55a194df618fe537c527659,adobe:atom:structure:bundle_import_value:type,adobe:structure:bundle_import_value:type,STRUCTURE_MEMBER,BundleComposition,value_or_context_member,StructuredMember,provider_typed,import_representation,writable,not_applicable,not_applicable,adobe-structured:bundle_import_value:type,queue:adobe_composition_mapping,DEFERRED_REVIEW,"THIRD_PASS_RESEARCH; bundle option selection type in Import payload"
05d4dc7ccd0546284cff6aca388ad18f1e7dbc1a20b0cd670a72d311d49d7b53,adobe-v1-925f07633b4f361b,adobe_commerce,docs/data/adobe_commerce_v1_structured_object_fields.csv,147,7f73c4b4669716d495441e63a2d249a19ce602088e95953bf5960c2e2c137b49,"Adobe Commerce 2.4.9 / services current at frozen snapshot","Adobe catalog_product Import API bundle_values",bundle_import_value,required,bundle_import_value.required,family=bundle_import_value;entry_kind=domain_value;review=THIRD_PASS_RESEARCH,421130fb02609085c4b6205a9f48afb21db905e4d55a194df618fe537c527659,adobe:atom:structure:bundle_import_value:required,adobe:structure:bundle_import_value:required,STRUCTURE_MEMBER,BundleComposition,requiredness_member,StructuredMember,provider_typed,import_representation,writable,not_applicable,not_applicable,adobe-structured:bundle_import_value:required,queue:adobe_composition_mapping,DEFERRED_REVIEW,"THIRD_PASS_RESEARCH; bundle option required flag in Import payload"
ee57139014d1a8d7e359f9f4c7bd1475b83a6def90548bad02f720b24a6759bf,adobe-v1-925f07633b4f361b,adobe_commerce,docs/data/adobe_commerce_v1_structured_object_fields.csv,148,b819c8ba2c0bb37c61d2a32e783984f7447534dbfe03363cc2d6cddd7fa05b7c,"Adobe Commerce 2.4.9 / services current at frozen snapshot","Adobe catalog_product Import API bundle_values",bundle_import_value,sku,bundle_import_value.sku,family=bundle_import_value;entry_kind=external_system_metadata;review=THIRD_PASS_RESEARCH,421130fb02609085c4b6205a9f48afb21db905e4d55a194df618fe537c527659,adobe:atom:structure:bundle_import_value:sku,adobe:structure:bundle_import_value:sku,STRUCTURE_MEMBER,BundleComposition,reference_member,StructuredMember,provider_typed,import_representation,writable,not_applicable,not_applicable,adobe-structured:bundle_import_value:sku,queue:adobe_composition_mapping,DEFERRED_REVIEW,"THIRD_PASS_RESEARCH; linked child SKU reference"
7163ade0d294630111946983138922dc856168535e6689d9d92ca57cf54bbc4a,adobe-v1-925f07633b4f361b,adobe_commerce,docs/data/adobe_commerce_v1_structured_object_fields.csv,149,6654136993ab86049f6ce0dbd6ed8fdfa76f443d344fa315e49a2fac065b8aae,"Adobe Commerce 2.4.9 / services current at frozen snapshot","Adobe catalog_product Import API bundle_values",bundle_import_value,price,bundle_import_value.price,family=bundle_import_value;entry_kind=domain_value;review=THIRD_PASS_RESEARCH,421130fb02609085c4b6205a9f48afb21db905e4d55a194df618fe537c527659,adobe:atom:structure:bundle_import_value:price,adobe:structure:bundle_import_value:price,STRUCTURE_MEMBER,BundleComposition,price_modifier_member,StructuredMember,provider_typed,import_representation,writable,not_applicable,not_applicable,adobe-structured:bundle_import_value:price,queue:adobe_composition_mapping,DEFERRED_REVIEW,"THIRD_PASS_RESEARCH; selection price/value in Import payload"
6af49a3f212fbebace9878a095dcccc0ee37808b48644ae17bfc662581fef3c0,adobe-v1-925f07633b4f361b,adobe_commerce,docs/data/adobe_commerce_v1_structured_object_fields.csv,150,752d275353d01912401b0a3f3f0f37cbbb5d46167f9dbafe81389d0c0f65edf6,"Adobe Commerce 2.4.9 / services current at frozen snapshot","Adobe catalog_product Import API bundle_values",bundle_import_value,default,bundle_import_value.default,family=bundle_import_value;entry_kind=domain_value;review=THIRD_PASS_RESEARCH,421130fb02609085c4b6205a9f48afb21db905e4d55a194df618fe537c527659,adobe:atom:structure:bundle_import_value:default,adobe:structure:bundle_import_value:default,STRUCTURE_MEMBER,BundleComposition,value_or_context_member,StructuredMember,provider_typed,import_representation,writable,not_applicable,not_applicable,adobe-structured:bundle_import_value:default,queue:adobe_composition_mapping,DEFERRED_REVIEW,"THIRD_PASS_RESEARCH; default selection flag in Import payload"
cc7516ea63b68dc37f9d45c4f34f8ea64e8167e1bb4678c0f2f0b30e4988835a,adobe-v1-925f07633b4f361b,adobe_commerce,docs/data/adobe_commerce_v1_structured_object_fields.csv,151,8a6b2849cde9236e9812ac9bbfed1f0daa7a14ea646f7bb31929814bb42deccf,"Adobe Commerce 2.4.9 / services current at frozen snapshot","Adobe catalog_product Import API bundle_values",bundle_import_value,default_qty,bundle_import_value.default_qty,family=bundle_import_value;entry_kind=domain_value;review=THIRD_PASS_RESEARCH,421130fb02609085c4b6205a9f48afb21db905e4d55a194df618fe537c527659,adobe:atom:structure:bundle_import_value:default_qty,adobe:structure:bundle_import_value:default_qty,STRUCTURE_MEMBER,BundleComposition,value_or_context_member,StructuredMember,provider_typed,import_representation,writable,not_applicable,not_applicable,adobe-structured:bundle_import_value:default_qty,queue:adobe_composition_mapping,DEFERRED_REVIEW,"THIRD_PASS_RESEARCH; default linked quantity in Import payload"
c39b455a3f9ac5d03f57b4640b180e0af8b05581068d4b7427133e4a481595fd,adobe-v1-925f07633b4f361b,adobe_commerce,docs/data/adobe_commerce_v1_structured_object_fields.csv,152,ee7eb103970594ae7c14260d433a288dba3dfca59ecaa77a5efbc79486efae8a,"Adobe Commerce 2.4.9 / services current at frozen snapshot","Adobe catalog_product Import API bundle_values",bundle_import_value,price_type,bundle_import_value.price_type,family=bundle_import_value;entry_kind=domain_value;review=THIRD_PASS_RESEARCH,421130fb02609085c4b6205a9f48afb21db905e4d55a194df618fe537c527659,adobe:atom:structure:bundle_import_value:price_type,adobe:structure:bundle_import_value:price_type,STRUCTURE_MEMBER,BundleComposition,price_modifier_member,StructuredMember,provider_typed,import_representation,writable,not_applicable,not_applicable,adobe-structured:bundle_import_value:price_type,queue:adobe_composition_mapping,DEFERRED_REVIEW,"THIRD_PASS_RESEARCH; selection price interpretation in Import payload"
e0180e151dc4fab1b8e5267c069835e12aae9229476972cc768e3c1d5fc84cee,adobe-v1-925f07633b4f361b,adobe_commerce,docs/data/adobe_commerce_v1_structured_object_fields.csv,153,ad7bc162bb6f2a0a2ac66f8513a96ebcd28b5b626869cbb113910fda6934568c,"Adobe Commerce 2.4.9 / services current at frozen snapshot","Adobe catalog_product Import API bundle_values",bundle_import_value,can_change_qty,bundle_import_value.can_change_qty,family=bundle_import_value;entry_kind=domain_value;review=THIRD_PASS_RESEARCH,421130fb02609085c4b6205a9f48afb21db905e4d55a194df618fe537c527659,adobe:atom:structure:bundle_import_value:can_change_qty,adobe:structure:bundle_import_value:can_change_qty,STRUCTURE_MEMBER,BundleComposition,value_or_context_member,StructuredMember,provider_typed,import_representation,writable,not_applicable,not_applicable,adobe-structured:bundle_import_value:can_change_qty,queue:adobe_composition_mapping,DEFERRED_REVIEW,"THIRD_PASS_RESEARCH; quantity mutability in Import payload"
b95c0c667e76ab978d8b8df520db02f0d6b8e7dcf9bb3fe945e0a0aa073094e4,adobe-v1-925f07633b4f361b,adobe_commerce,docs/data/adobe_commerce_v1_structured_object_fields.csv,154,710a548eb4fbe17ccdefc8269aa7cbd05a0c3827488b8a126fc2eaa2dd659dad,"Adobe Commerce 2.4.9 / services current at frozen snapshot","Adobe Admin REST ConfigurableProductDataOptionInterface",configurable_product_option,id,configurable_product_option.id,family=configurable_product_option;entry_kind=external_system_metadata;review=THIRD_PASS_RESEARCH,56e784b321daae22fc2768ad5d4e86b96311aff6be6c92f2a75ae5ce600ec35f,adobe:atom:structure:configurable_product_option:id,adobe:structure:configurable_product_option:id,STRUCTURE_MEMBER,VariantComposition,identity_member,StructuredMember,provider_typed,surface_defined,surface_defined,not_applicable,not_applicable,adobe-structured:configurable_product_option:id,queue:adobe_composition_mapping,DEFERRED_REVIEW,"THIRD_PASS_RESEARCH; remote configurable option identity"
41aa101b18542008cd397bd9cd2056d4b47167f4e87ab746d819d153c833dfd1,adobe-v1-925f07633b4f361b,adobe_commerce,docs/data/adobe_commerce_v1_structured_object_fields.csv,155,c396922323abced32d787d7155b8260b23afc0e040d75401787139eeb00cc1f9,"Adobe Commerce 2.4.9 / services current at frozen snapshot","Adobe Admin REST ConfigurableProductDataOptionInterface",configurable_product_option,attribute_id,configurable_product_option.attribute_id,family=configurable_product_option;entry_kind=schema_metadata;review=THIRD_PASS_RESEARCH,56e784b321daae22fc2768ad5d4e86b96311aff6be6c92f2a75ae5ce600ec35f,adobe:atom:structure:configurable_product_option:attribute_id,adobe:structure:configurable_product_option:attribute_id,STRUCTURE_MEMBER,VariantComposition,identity_member,StructuredMember,provider_typed,surface_defined,surface_defined,not_applicable,not_applicable,adobe-structured:configurable_product_option:attribute_id,queue:adobe_composition_mapping,DEFERRED_REVIEW,"THIRD_PASS_RESEARCH; Adobe EAV attribute identity used as variant dimension"
80afdd6b7f6eb3e99909984cdcc62bf0bb0b6eed789d5ead7c155210f5bf2f2b,adobe-v1-925f07633b4f361b,adobe_commerce,docs/data/adobe_commerce_v1_structured_object_fields.csv,156,399781ebd76b139e2d8f06f2ad6b664ec95b03a672f05bff6e42076575137451,"Adobe Commerce 2.4.9 / services current at frozen snapshot","Adobe Admin REST ConfigurableProductDataOptionInterface",configurable_product_option,label,configurable_product_option.label,family=configurable_product_option;entry_kind=schema_metadata;review=THIRD_PASS_RESEARCH,56e784b321daae22fc2768ad5d4e86b96311aff6be6c92f2a75ae5ce600ec35f,adobe:atom:structure:configurable_product_option:label,adobe:structure:configurable_product_option:label,STRUCTURE_MEMBER,VariantComposition,value_or_context_member,StructuredMember,provider_typed,surface_defined,surface_defined,not_applicable,not_applicable,adobe-structured:configurable_product_option:label,queue:adobe_composition_mapping,DEFERRED_REVIEW,"THIRD_PASS_RESEARCH; configured option label"
62fe2d3686f3818a84a981ff0df60c220aeb84a71587af3fbf92c4265e78e4dc,adobe-v1-925f07633b4f361b,adobe_commerce,docs/data/adobe_commerce_v1_structured_object_fields.csv,157,649a0faea836b39c4e386ea8c1ad11037e03e16919727b24460b813d2bfe981c,"Adobe Commerce 2.4.9 / services current at frozen snapshot","Adobe Admin REST ConfigurableProductDataOptionInterface",configurable_product_option,position,configurable_product_option.position,family=configurable_product_option;entry_kind=domain_value;review=THIRD_PASS_RESEARCH,56e784b321daae22fc2768ad5d4e86b96311aff6be6c92f2a75ae5ce600ec35f,adobe:atom:structure:configurable_product_option:position,adobe:structure:configurable_product_option:position,STRUCTURE_MEMBER,VariantComposition,ordering_member,StructuredMember,provider_typed,surface_defined,surface_defined,not_applicable,not_applicable,adobe-structured:configurable_product_option:position,queue:adobe_composition_mapping,DEFERRED_REVIEW,"THIRD_PASS_RESEARCH; configurable option ordering"
d71e9af9d4250573e6af02830744b5c1df28fbe3a939ad7ddf975af08c1d2a65,adobe-v1-925f07633b4f361b,adobe_commerce,docs/data/adobe_commerce_v1_structured_object_fields.csv,158,6a528a14dee5d5dde5724038a6dea20e2a45e4a16d535a42e4e1e0bcaf16cb85,"Adobe Commerce 2.4.9 / services current at frozen snapshot","Adobe Admin REST ConfigurableProductDataOptionInterface",configurable_product_option,is_use_default,configurable_product_option.is_use_default,family=configurable_product_option;entry_kind=domain_value;review=THIRD_PASS_RESEARCH,56e784b321daae22fc2768ad5d4e86b96311aff6be6c92f2a75ae5ce600ec35f,adobe:atom:structure:configurable_product_option:is_use_default,adobe:structure:configurable_product_option:is_use_default,STRUCTURE_MEMBER,VariantComposition,value_or_context_member,StructuredMember,provider_typed,surface_defined,surface_defined,not_applicable,not_applicable,adobe-structured:configurable_product_option:is_use_default,queue:adobe_composition_mapping,DEFERRED_REVIEW,"THIRD_PASS_RESEARCH; use-default label/configuration flag"
b1fac8e3cfebe69ab0c1752ee0a8396dbabd196bb8fc6fecf8964b329e79ab6e,adobe-v1-925f07633b4f361b,adobe_commerce,docs/data/adobe_commerce_v1_structured_object_fields.csv,159,d181c5bb31e88b4a1b1494aa0b87ffa7c9da4ab2a946a9b26df47afd0aba3507,"Adobe Commerce 2.4.9 / services current at frozen snapshot","Adobe Admin REST ConfigurableProductDataOptionInterface",configurable_product_option,values,configurable_product_option.values,family=configurable_product_option;entry_kind=structured_capability;review=THIRD_PASS_RESEARCH,56e784b321daae22fc2768ad5d4e86b96311aff6be6c92f2a75ae5ce600ec35f,adobe:atom:structure:configurable_product_option:values,adobe:structure:configurable_product_option:values,STRUCTURE_MEMBER,VariantComposition,value_or_context_member,StructuredMember,structured,surface_defined,surface_defined,not_applicable,not_applicable,adobe-structured:configurable_product_option:values,queue:adobe_composition_mapping,DEFERRED_REVIEW,"THIRD_PASS_RESEARCH; allowed option-value identities"
5bce95a7508ecc0cff60af87377e0f8085e59f96a8e74609fa6b0d6bd7684bcb,adobe-v1-925f07633b4f361b,adobe_commerce,docs/data/adobe_commerce_v1_structured_object_fields.csv,160,0e065e7c70a4b7173276f6f6b6445093497290ada2c05a636a73281e46ad5976,"Adobe Commerce 2.4.9 / services current at frozen snapshot","Adobe Admin REST ConfigurableProductDataOptionValueInterface",configurable_product_option_value,value_index,configurable_product_option_value.value_index,family=configurable_product_option_value;entry_kind=schema_metadata;review=THIRD_PASS_RESEARCH,56e784b321daae22fc2768ad5d4e86b96311aff6be6c92f2a75ae5ce600ec35f,adobe:atom:structure:configurable_product_option_value:value_index,adobe:structure:configurable_product_option_value:value_index,STRUCTURE_MEMBER,VariantComposition,value_or_context_member,StructuredMember,provider_typed,surface_defined,surface_defined,not_applicable,not_applicable,adobe-structured:configurable_product_option_value:value_index,queue:adobe_composition_mapping,DEFERRED_REVIEW,"THIRD_PASS_RESEARCH; external option value identity/index"
224506271dfea9957af13543453837bfffe3fb7444593b3eaed8dd8e26993d98,adobe-v1-925f07633b4f361b,adobe_commerce,docs/data/adobe_commerce_v1_structured_object_fields.csv,161,9bb80c7808d3469c555d90cd01fa242b65b91a2ba19d25e7ea3e9b3941a0b34c,"Adobe Commerce 2.4.9 / services current at frozen snapshot","Adobe Admin REST configurable child-link endpoint",configurable_product_link,parent_sku,configurable_product_link.parent_sku,family=configurable_product_link;entry_kind=external_system_metadata;review=THIRD_PASS_RESEARCH,792a7799cebb067e54fce9dcb3a2400657af0ab3719f57400bc34024ab54999a,adobe:atom:structure:configurable_product_link:parent_sku,adobe:structure:configurable_product_link:parent_sku,STRUCTURE_MEMBER,VariantComposition,reference_member,StructuredMember,provider_typed,surface_defined,surface_defined,not_applicable,not_applicable,adobe-structured:configurable_product_link:parent_sku,queue:adobe_composition_mapping,DEFERRED_REVIEW,"THIRD_PASS_RESEARCH; configurable parent SKU reference"
1941ddb457a64b1066604f31842bd8c327bd9b7b71b5bb711769b4503d275639,adobe-v1-925f07633b4f361b,adobe_commerce,docs/data/adobe_commerce_v1_structured_object_fields.csv,162,71ba8b3cc4b1e0b240c22844a89f6036ad5119f3804d5d4188c99976bfe2e52b,"Adobe Commerce 2.4.9 / services current at frozen snapshot","Adobe Admin REST configurable child-link endpoint",configurable_product_link,child_sku,configurable_product_link.child_sku,family=configurable_product_link;entry_kind=external_system_metadata;review=THIRD_PASS_RESEARCH,792a7799cebb067e54fce9dcb3a2400657af0ab3719f57400bc34024ab54999a,adobe:atom:structure:configurable_product_link:child_sku,adobe:structure:configurable_product_link:child_sku,STRUCTURE_MEMBER,VariantComposition,reference_member,StructuredMember,provider_typed,surface_defined,surface_defined,not_applicable,not_applicable,adobe-structured:configurable_product_link:child_sku,queue:adobe_composition_mapping,DEFERRED_REVIEW,"THIRD_PASS_RESEARCH; simple child SKU reference"
ef87b9c7c20d3c099e56c57c167b23e7b3f5bee8557707677b5ce1c5875d8d04,adobe-v1-925f07633b4f361b,adobe_commerce,docs/data/adobe_commerce_v1_structured_object_fields.csv,163,63e20711f89c1f9ee76e476fd8b473f58ed77e2a05156afa689ed420bf8af8ac,"Adobe Commerce 2.4.9 / services current at frozen snapshot","Adobe catalog_product Import API / downloadable link contract",downloadable_link,link_id,downloadable_link.link_id,family=downloadable_link;entry_kind=external_system_metadata;review=THIRD_PASS_RESEARCH,03b3d883a16666727adc660d4f73fda413b7f497bc16900e7fc70da49afbef03,adobe:atom:structure:downloadable_link:link_id,adobe:structure:downloadable_link:link_id,STRUCTURE_MEMBER,DownloadableComposition,identity_member,StructuredMember,provider_typed,import_representation,writable,not_applicable,not_applicable,adobe-structured:downloadable_link:link_id,not_applicable,PROVIDER_VERIFIED,"THIRD_PASS_RESEARCH; Import/downloadable link identity"
28c44e466efa362f2087340b125c7c17bbc96398871cebd6c632a0089c2ab803,adobe-v1-925f07633b4f361b,adobe_commerce,docs/data/adobe_commerce_v1_structured_object_fields.csv,164,9af78f7fa4f1ffebc35bfc5051623b3a8e9e9b299060655433f4eecf9ab44e69,"Adobe Commerce 2.4.9 / services current at frozen snapshot","Adobe catalog_product Import API / downloadable link contract",downloadable_link,id,downloadable_link.id,family=downloadable_link;entry_kind=external_system_metadata;review=THIRD_PASS_RESEARCH,03b3d883a16666727adc660d4f73fda413b7f497bc16900e7fc70da49afbef03,adobe:atom:structure:downloadable_link:id,adobe:structure:downloadable_link:id,STRUCTURE_MEMBER,DownloadableComposition,identity_member,StructuredMember,provider_typed,import_representation,writable,not_applicable,not_applicable,adobe-structured:downloadable_link:id,not_applicable,PROVIDER_VERIFIED,"THIRD_PASS_RESEARCH; downloadable link identity on Admin REST-compatible surfaces"
600689ddd9335b9459b4537423aa51cc1d52036fbac15e2008a9115d11fdd9f9,adobe-v1-925f07633b4f361b,adobe_commerce,docs/data/adobe_commerce_v1_structured_object_fields.csv,165,d4afce5dd66f1da5e0e2afb1580d043876976d2901ea4f2f799ace00294299b3,"Adobe Commerce 2.4.9 / services current at frozen snapshot","Adobe GraphQL DownloadableProduct READ",downloadable_link,uid,downloadable_link.uid,family=downloadable_link;entry_kind=external_system_metadata;review=THIRD_PASS_RESEARCH,03b3d883a16666727adc660d4f73fda413b7f497bc16900e7fc70da49afbef03,adobe:atom:structure:downloadable_link:uid,adobe:structure:downloadable_link:uid,STRUCTURE_MEMBER,DownloadableComposition,identity_member,StructuredMember,provider_typed,read_projection,read_only,not_applicable,not_applicable,adobe-structured:downloadable_link:uid,not_applicable,PROVIDER_VERIFIED,"THIRD_PASS_RESEARCH; GraphQL downloadable link identity"
14a84343ddfb6bae08b9db99128c77004a13cbe75c2e169e8268d897630c9860,adobe-v1-925f07633b4f361b,adobe_commerce,docs/data/adobe_commerce_v1_structured_object_fields.csv,166,8f89533988b2d243cc34fa89305c3f96602e36325beffbf11b1a24692fb73fe6,"Adobe Commerce 2.4.9 / services current at frozen snapshot","Adobe catalog_product Import API / downloadable link contract",downloadable_link,title,downloadable_link.title,family=downloadable_link;entry_kind=domain_value;review=THIRD_PASS_RESEARCH,03b3d883a16666727adc660d4f73fda413b7f497bc16900e7fc70da49afbef03,adobe:atom:structure:downloadable_link:title,adobe:structure:downloadable_link:title,STRUCTURE_MEMBER,DownloadableComposition,value_or_context_member,StructuredMember,provider_typed,import_representation,writable,not_applicable,not_applicable,adobe-structured:downloadable_link:title,not_applicable,PROVIDER_VERIFIED,"THIRD_PASS_RESEARCH; merchant-visible downloadable link title"
c6873c29997d91d8902527d08ee3e1c5b8c3a9ae9161d8b616227d8a586ebb51,adobe-v1-925f07633b4f361b,adobe_commerce,docs/data/adobe_commerce_v1_structured_object_fields.csv,167,1f69fdd05f611c6b37fd9bb79b1e6988fb48ddc9a3da18fc6deecce9f4efd795,"Adobe Commerce 2.4.9 / services current at frozen snapshot","Adobe catalog_product Import API / downloadable link contract",downloadable_link,sort_order,downloadable_link.sort_order,family=downloadable_link;entry_kind=domain_value;review=THIRD_PASS_RESEARCH,03b3d883a16666727adc660d4f73fda413b7f497bc16900e7fc70da49afbef03,adobe:atom:structure:downloadable_link:sort_order,adobe:structure:downloadable_link:sort_order,STRUCTURE_MEMBER,DownloadableComposition,ordering_member,StructuredMember,provider_typed,import_representation,writable,not_applicable,not_applicable,adobe-structured:downloadable_link:sort_order,not_applicable,PROVIDER_VERIFIED,"THIRD_PASS_RESEARCH; downloadable link ordering"
d6802488b7a6bf08ac2f349d0102a0d26006fdf671d164dcad724fd8ee25ffce,adobe-v1-925f07633b4f361b,adobe_commerce,docs/data/adobe_commerce_v1_structured_object_fields.csv,168,14e21f69e930def4b4a0b594a66474275812052920c5c2b03d22e9a20063ae90,"Adobe Commerce 2.4.9 / services current at frozen snapshot","Adobe catalog_product Import API / downloadable link contract",downloadable_link,sample_type,downloadable_link.sample_type,family=downloadable_link;entry_kind=domain_value;review=THIRD_PASS_RESEARCH,03b3d883a16666727adc660d4f73fda413b7f497bc16900e7fc70da49afbef03,adobe:atom:structure:downloadable_link:sample_type,adobe:structure:downloadable_link:sample_type,STRUCTURE_MEMBER,DownloadableComposition,reference_member,StructuredMember,provider_typed,import_representation,writable,not_applicable,not_applicable,adobe-structured:downloadable_link:sample_type,not_applicable,PROVIDER_VERIFIED,"THIRD_PASS_RESEARCH; sample storage/reference type"
de197d3af19167442a281f948aed0a1fa836e8c96a5b80a4d74dac6591f8152f,adobe-v1-925f07633b4f361b,adobe_commerce,docs/data/adobe_commerce_v1_structured_object_fields.csv,169,95ce00167ecc32b660b3bb39bb0b97d977e088f47f3adb18c20d104bdf22e0c0,"Adobe Commerce 2.4.9 / services current at frozen snapshot","Adobe catalog_product Import API / downloadable link contract",downloadable_link,sample_file,downloadable_link.sample_file,family=downloadable_link;entry_kind=domain_value;review=THIRD_PASS_RESEARCH,03b3d883a16666727adc660d4f73fda413b7f497bc16900e7fc70da49afbef03,adobe:atom:structure:downloadable_link:sample_file,adobe:structure:downloadable_link:sample_file,STRUCTURE_MEMBER,DownloadableComposition,reference_member,StructuredMember,provider_typed,import_representation,writable,not_applicable,not_applicable,adobe-structured:downloadable_link:sample_file,not_applicable,PROVIDER_VERIFIED,"THIRD_PASS_RESEARCH; sample file reference"
b47c782e4db872ca5e92164123147878d849ca10066e83a977601e66067951d8,adobe-v1-925f07633b4f361b,adobe_commerce,docs/data/adobe_commerce_v1_structured_object_fields.csv,170,f5d17cc97369b644f96ef39cd68262cadb3b5cfa9352de9e5a0b0df584dd5d96,"Adobe Commerce 2.4.9 / services current at frozen snapshot","Adobe GraphQL DownloadableProduct READ",downloadable_link,sample_url,downloadable_link.sample_url,family=downloadable_link;entry_kind=derived_projection;review=THIRD_PASS_RESEARCH,03b3d883a16666727adc660d4f73fda413b7f497bc16900e7fc70da49afbef03,adobe:atom:structure:downloadable_link:sample_url,adobe:structure:downloadable_link:sample_url,STRUCTURE_MEMBER,DownloadableComposition,value_or_context_member,StructuredMember,provider_typed,read_projection,read_only,not_applicable,not_applicable,adobe-structured:downloadable_link:sample_url,not_applicable,PROVIDER_VERIFIED,"THIRD_PASS_RESEARCH; GraphQL READ sample URL"
8a92a76e9638ed49733e053c54139378a44a88b6a9b7c328e55296be7fa46d7b,adobe-v1-925f07633b4f361b,adobe_commerce,docs/data/adobe_commerce_v1_structured_object_fields.csv,171,43ba538d3e7e61239995f5247c39b32027bbc6471b06be8b34be7ee36117120e,"Adobe Commerce 2.4.9 / services current at frozen snapshot","Adobe catalog_product Import API / downloadable link contract",downloadable_link,price,downloadable_link.price,family=downloadable_link;entry_kind=domain_value;review=THIRD_PASS_RESEARCH,03b3d883a16666727adc660d4f73fda413b7f497bc16900e7fc70da49afbef03,adobe:atom:structure:downloadable_link:price,adobe:structure:downloadable_link:price,STRUCTURE_MEMBER,DownloadableComposition,value_or_context_member,StructuredMember,provider_typed,import_representation,writable,not_applicable,not_applicable,adobe-structured:downloadable_link:price,not_applicable,PROVIDER_VERIFIED,"THIRD_PASS_RESEARCH; downloadable link price"
c1252601a7caf3061cd83367d8ec90122971aa11fc131dbc635a6c76bab28bf9,adobe-v1-925f07633b4f361b,adobe_commerce,docs/data/adobe_commerce_v1_structured_object_fields.csv,172,7dbfc8cbcd60199bf6e5f19d32ef5d6ea8159f62f272ac9eca3b84a7e9a021af,"Adobe Commerce 2.4.9 / services current at frozen snapshot","Adobe catalog_product Import API / downloadable link contract",downloadable_link,number_of_downloads,downloadable_link.number_of_downloads,family=downloadable_link;entry_kind=domain_value;review=THIRD_PASS_RESEARCH,03b3d883a16666727adc660d4f73fda413b7f497bc16900e7fc70da49afbef03,adobe:atom:structure:downloadable_link:number_of_downloads,adobe:structure:downloadable_link:number_of_downloads,STRUCTURE_MEMBER,DownloadableComposition,value_or_context_member,StructuredMember,provider_typed,import_representation,writable,not_applicable,not_applicable,adobe-structured:downloadable_link:number_of_downloads,not_applicable,PROVIDER_VERIFIED,"THIRD_PASS_RESEARCH; download limit"
61393d441eba829ddfb92318a3a3e6e09fe0bff0edc155be3a2fd3f525bfad16,adobe-v1-925f07633b4f361b,adobe_commerce,docs/data/adobe_commerce_v1_structured_object_fields.csv,173,151da4b07fe302da0fbd2d0828eb017ae52566fb39e4e76abf4d77b593982768,"Adobe Commerce 2.4.9 / services current at frozen snapshot","Adobe catalog_product Import API / downloadable link contract",downloadable_link,is_shareable,downloadable_link.is_shareable,family=downloadable_link;entry_kind=domain_value;review=THIRD_PASS_RESEARCH,03b3d883a16666727adc660d4f73fda413b7f497bc16900e7fc70da49afbef03,adobe:atom:structure:downloadable_link:is_shareable,adobe:structure:downloadable_link:is_shareable,STRUCTURE_MEMBER,DownloadableComposition,value_or_context_member,StructuredMember,provider_typed,import_representation,writable,not_applicable,not_applicable,adobe-structured:downloadable_link:is_shareable,not_applicable,PROVIDER_VERIFIED,"THIRD_PASS_RESEARCH; shareability flag"
d73f9ff2265c3008348c1dd47ead608be7e19037e67d91469398797a3c6f0cca,adobe-v1-925f07633b4f361b,adobe_commerce,docs/data/adobe_commerce_v1_structured_object_fields.csv,174,25de33ee4f0faf24510300d17e7e5d6101bdeffeace7d996f8294953b53a82d9,"Adobe Commerce 2.4.9 / services current at frozen snapshot","Adobe catalog_product Import API / downloadable link contract",downloadable_link,link_type,downloadable_link.link_type,family=downloadable_link;entry_kind=domain_value;review=THIRD_PASS_RESEARCH,03b3d883a16666727adc660d4f73fda413b7f497bc16900e7fc70da49afbef03,adobe:atom:structure:downloadable_link:link_type,adobe:structure:downloadable_link:link_type,STRUCTURE_MEMBER,DownloadableComposition,reference_member,StructuredMember,provider_typed,import_representation,writable,not_applicable,not_applicable,adobe-structured:downloadable_link:link_type,not_applicable,PROVIDER_VERIFIED,"THIRD_PASS_RESEARCH; file/reference link type"
1402a45fdb666a76ee2edb78b84ce27418ca2bd46fad8c07f554c31f9c84abe2,adobe-v1-925f07633b4f361b,adobe_commerce,docs/data/adobe_commerce_v1_structured_object_fields.csv,175,7445171df566d497ced85732eb1c8f568b824727a243ca218cd73eb79e4cb905,"Adobe Commerce 2.4.9 / services current at frozen snapshot","Adobe catalog_product Import API / downloadable link contract",downloadable_link,link_file,downloadable_link.link_file,family=downloadable_link;entry_kind=domain_value;review=THIRD_PASS_RESEARCH,03b3d883a16666727adc660d4f73fda413b7f497bc16900e7fc70da49afbef03,adobe:atom:structure:downloadable_link:link_file,adobe:structure:downloadable_link:link_file,STRUCTURE_MEMBER,DownloadableComposition,reference_member,StructuredMember,provider_typed,import_representation,writable,not_applicable,not_applicable,adobe-structured:downloadable_link:link_file,not_applicable,PROVIDER_VERIFIED,"THIRD_PASS_RESEARCH; downloadable file reference"
afcef3e169b7fa913602b6ca13eb452f6d37870d62748c6f45b3e2cb40843ca1,adobe-v1-925f07633b4f361b,adobe_commerce,docs/data/adobe_commerce_v1_structured_object_fields.csv,176,59dc2e44bfdcbf21a56ee752ca4d7e5332a2116628fead7d19bece620f25cb38,"Adobe Commerce 2.4.9 / services current at frozen snapshot","Adobe catalog_product Import API / downloadable sample contract",downloadable_sample,sample_id,downloadable_sample.sample_id,family=downloadable_sample;entry_kind=external_system_metadata;review=THIRD_PASS_RESEARCH,35302d521a35abf1093b82449b53841ebc59b24fdfd6a070ebed04a15ebe1e4c,adobe:atom:structure:downloadable_sample:sample_id,adobe:structure:downloadable_sample:sample_id,STRUCTURE_MEMBER,DownloadableComposition,identity_member,StructuredMember,provider_typed,import_representation,writable,not_applicable,not_applicable,adobe-structured:downloadable_sample:sample_id,not_applicable,PROVIDER_VERIFIED,"THIRD_PASS_RESEARCH; Import/downloadable sample identity"
1d952951fb7157643a42862e784e118ad31052b3ebd0ab3930b84ccbba20b22d,adobe-v1-925f07633b4f361b,adobe_commerce,docs/data/adobe_commerce_v1_structured_object_fields.csv,177,595ec1d155d3311156afc1cf7cd9ff3a3058ee12420e0bc5389b4330618d21a5,"Adobe Commerce 2.4.9 / services current at frozen snapshot","Adobe catalog_product Import API / downloadable sample contract",downloadable_sample,id,downloadable_sample.id,family=downloadable_sample;entry_kind=external_system_metadata;review=THIRD_PASS_RESEARCH,35302d521a35abf1093b82449b53841ebc59b24fdfd6a070ebed04a15ebe1e4c,adobe:atom:structure:downloadable_sample:id,adobe:structure:downloadable_sample:id,STRUCTURE_MEMBER,DownloadableComposition,identity_member,StructuredMember,provider_typed,import_representation,writable,not_applicable,not_applicable,adobe-structured:downloadable_sample:id,not_applicable,PROVIDER_VERIFIED,"THIRD_PASS_RESEARCH; downloadable sample identity on Admin REST-compatible surfaces"
abd8cc5a258ab143ae2aa02a644737f93b121306b9497556854689f8d3fad2fb,adobe-v1-925f07633b4f361b,adobe_commerce,docs/data/adobe_commerce_v1_structured_object_fields.csv,178,5a7578414437ad5b0ff40fcbd870312387ee9e8a8c2e45d57b4a00899606c367,"Adobe Commerce 2.4.9 / services current at frozen snapshot","Adobe GraphQL DownloadableProduct READ",downloadable_sample,uid,downloadable_sample.uid,family=downloadable_sample;entry_kind=external_system_metadata;review=THIRD_PASS_RESEARCH,35302d521a35abf1093b82449b53841ebc59b24fdfd6a070ebed04a15ebe1e4c,adobe:atom:structure:downloadable_sample:uid,adobe:structure:downloadable_sample:uid,STRUCTURE_MEMBER,DownloadableComposition,identity_member,StructuredMember,provider_typed,read_projection,read_only,not_applicable,not_applicable,adobe-structured:downloadable_sample:uid,not_applicable,PROVIDER_VERIFIED,"THIRD_PASS_RESEARCH; GraphQL downloadable sample identity"
10736d5cb30957e8710635d36df96c64efa3fbd6ed322a2f559159a105e6898b,adobe-v1-925f07633b4f361b,adobe_commerce,docs/data/adobe_commerce_v1_structured_object_fields.csv,179,de90eee62a550071db2b6d20688ebf49f682946291bdb62a05e5892cce64aaa4,"Adobe Commerce 2.4.9 / services current at frozen snapshot","Adobe catalog_product Import API / downloadable sample contract",downloadable_sample,title,downloadable_sample.title,family=downloadable_sample;entry_kind=domain_value;review=THIRD_PASS_RESEARCH,35302d521a35abf1093b82449b53841ebc59b24fdfd6a070ebed04a15ebe1e4c,adobe:atom:structure:downloadable_sample:title,adobe:structure:downloadable_sample:title,STRUCTURE_MEMBER,DownloadableComposition,value_or_context_member,StructuredMember,provider_typed,import_representation,writable,not_applicable,not_applicable,adobe-structured:downloadable_sample:title,not_applicable,PROVIDER_VERIFIED,"THIRD_PASS_RESEARCH; merchant-visible sample title"
e434e35bd264af6c9e3da1cf0de9889f86bab3c539cf7f7aa1f3671e05aa0654,adobe-v1-925f07633b4f361b,adobe_commerce,docs/data/adobe_commerce_v1_structured_object_fields.csv,180,aa435ed586a37487764301c69688698891240449aad4496c18838f7e593918fa,"Adobe Commerce 2.4.9 / services current at frozen snapshot","Adobe catalog_product Import API / downloadable sample contract",downloadable_sample,sort_order,downloadable_sample.sort_order,family=downloadable_sample;entry_kind=domain_value;review=THIRD_PASS_RESEARCH,35302d521a35abf1093b82449b53841ebc59b24fdfd6a070ebed04a15ebe1e4c,adobe:atom:structure:downloadable_sample:sort_order,adobe:structure:downloadable_sample:sort_order,STRUCTURE_MEMBER,DownloadableComposition,ordering_member,StructuredMember,provider_typed,import_representation,writable,not_applicable,not_applicable,adobe-structured:downloadable_sample:sort_order,not_applicable,PROVIDER_VERIFIED,"THIRD_PASS_RESEARCH; sample ordering"
f8450a476979701dba6d0a8c5913f078ad38a56b7bf7e24b638c3b988c54bff4,adobe-v1-925f07633b4f361b,adobe_commerce,docs/data/adobe_commerce_v1_structured_object_fields.csv,181,33a728082d5b0f3c92824cbe71d81523873dd0ad71e99d650858cfd359e3e2a9,"Adobe Commerce 2.4.9 / services current at frozen snapshot","Adobe catalog_product Import API / downloadable sample contract",downloadable_sample,sample_type,downloadable_sample.sample_type,family=downloadable_sample;entry_kind=domain_value;review=THIRD_PASS_RESEARCH,35302d521a35abf1093b82449b53841ebc59b24fdfd6a070ebed04a15ebe1e4c,adobe:atom:structure:downloadable_sample:sample_type,adobe:structure:downloadable_sample:sample_type,STRUCTURE_MEMBER,DownloadableComposition,reference_member,StructuredMember,provider_typed,import_representation,writable,not_applicable,not_applicable,adobe-structured:downloadable_sample:sample_type,not_applicable,PROVIDER_VERIFIED,"THIRD_PASS_RESEARCH; sample storage/reference type"
19f94324cdaf2d76819e3859edc1793fa9a57b9b9692819a631327f13244afbe,adobe-v1-925f07633b4f361b,adobe_commerce,docs/data/adobe_commerce_v1_structured_object_fields.csv,182,f3a8fb100d59cbe1f344a1bdafc8cdfc09eacbcea09e4c39950a1941691de188,"Adobe Commerce 2.4.9 / services current at frozen snapshot","Adobe catalog_product Import API / downloadable sample contract",downloadable_sample,sample_file,downloadable_sample.sample_file,family=downloadable_sample;entry_kind=domain_value;review=THIRD_PASS_RESEARCH,35302d521a35abf1093b82449b53841ebc59b24fdfd6a070ebed04a15ebe1e4c,adobe:atom:structure:downloadable_sample:sample_file,adobe:structure:downloadable_sample:sample_file,STRUCTURE_MEMBER,DownloadableComposition,reference_member,StructuredMember,provider_typed,import_representation,writable,not_applicable,not_applicable,adobe-structured:downloadable_sample:sample_file,not_applicable,PROVIDER_VERIFIED,"THIRD_PASS_RESEARCH; sample file reference"
945469fe26af0c156451eecb107cec091d559123e4336386659bc530f16ba0a2,adobe-v1-925f07633b4f361b,adobe_commerce,docs/data/adobe_commerce_v1_structured_object_fields.csv,183,cec9563b8bfd58bcd27e4c6c1ca64058769adbbd8f8bd550a5659702d45101ce,"Adobe Commerce 2.4.9 / services current at frozen snapshot","Adobe GraphQL DownloadableProduct READ",downloadable_sample,sample_url,downloadable_sample.sample_url,family=downloadable_sample;entry_kind=derived_projection;review=THIRD_PASS_RESEARCH,35302d521a35abf1093b82449b53841ebc59b24fdfd6a070ebed04a15ebe1e4c,adobe:atom:structure:downloadable_sample:sample_url,adobe:structure:downloadable_sample:sample_url,STRUCTURE_MEMBER,DownloadableComposition,value_or_context_member,StructuredMember,provider_typed,read_projection,read_only,not_applicable,not_applicable,adobe-structured:downloadable_sample:sample_url,not_applicable,PROVIDER_VERIFIED,"THIRD_PASS_RESEARCH; GraphQL READ sample URL"
044207bb6034c2b139091ab0b67fd234303cdfb8c341274783158428062987be,adobe-v1-925f07633b4f361b,adobe_commerce,docs/data/adobe_commerce_v1_structured_object_fields.csv,184,fbc03f1b48556eb076c4850578bb1d7629c07dff221df259e9251caf3802327d,"Adobe Commerce 2.4.9 / services current at frozen snapshot","Adobe core GraphQL GiftCardAmounts READ",giftcard_amount,uid,giftcard_amount.uid,family=giftcard_amount;entry_kind=external_system_metadata;review=THIRD_PASS_RESEARCH,f62cec3ccb48efe0524e84ee46aa72845381c00ace3ac2569b2dfce8ba218f7a,adobe:atom:structure:giftcard_amount:uid,adobe:structure:giftcard_amount:uid,STRUCTURE_MEMBER,GiftCard,identity_member,StructuredMember,provider_typed,read_projection,read_only,not_applicable,not_applicable,adobe-structured:giftcard_amount:uid,not_applicable,PROVIDER_VERIFIED,"THIRD_PASS_RESEARCH; GraphQL gift-card amount identity"
168ce465f0454d7cb1704548bcadc6714fe0e1638330de72eed905922ca17700,adobe-v1-925f07633b4f361b,adobe_commerce,docs/data/adobe_commerce_v1_structured_object_fields.csv,185,62f0a3a969db886c4506d46f81cd779c74623cba49e613b46e714f146b733628,"Adobe Commerce 2.4.9 / services current at frozen snapshot","Adobe core GraphQL GiftCardAmounts READ",giftcard_amount,value_id,giftcard_amount.value_id,family=giftcard_amount;entry_kind=external_system_metadata;review=THIRD_PASS_RESEARCH,f62cec3ccb48efe0524e84ee46aa72845381c00ace3ac2569b2dfce8ba218f7a,adobe:atom:structure:giftcard_amount:value_id,adobe:structure:giftcard_amount:value_id,STRUCTURE_MEMBER,GiftCard,identity_member,StructuredMember,provider_typed,read_projection,read_only,not_applicable,not_applicable,adobe-structured:giftcard_amount:value_id,not_applicable,PROVIDER_VERIFIED,"THIRD_PASS_RESEARCH; deprecated GraphQL amount identity"
df6276eba60ac576ddc03b584c67a1fb0bd9b8059f6749f9d2d0c805a2a64d41,adobe-v1-925f07633b4f361b,adobe_commerce,docs/data/adobe_commerce_v1_structured_object_fields.csv,186,e0d13a7adeb688b62c1f5055d025dfdfcfab4b0e6d5c4fe1d8f7d43487125f83,"Adobe Commerce 2.4.9 / services current at frozen snapshot","Adobe core GraphQL GiftCardAmounts READ",giftcard_amount,attribute_id,giftcard_amount.attribute_id,family=giftcard_amount;entry_kind=schema_metadata;review=THIRD_PASS_RESEARCH,f62cec3ccb48efe0524e84ee46aa72845381c00ace3ac2569b2dfce8ba218f7a,adobe:atom:structure:giftcard_amount:attribute_id,adobe:structure:giftcard_amount:attribute_id,STRUCTURE_MEMBER,GiftCard,identity_member,StructuredMember,provider_typed,read_projection,read_only,not_applicable,not_applicable,adobe-structured:giftcard_amount:attribute_id,not_applicable,PROVIDER_VERIFIED,"THIRD_PASS_RESEARCH; gift-card amount attribute identity"
ef86ddea4396224328fff8f01f5ffcd57c70e158ed28a062e7881a4fdf20fb74,adobe-v1-925f07633b4f361b,adobe_commerce,docs/data/adobe_commerce_v1_structured_object_fields.csv,187,10f3e0ee9502a7afb85ef5c88837dc68e8c39749b22c020f3628118f31a23006,"Adobe Commerce 2.4.9 / services current at frozen snapshot","Adobe core GraphQL GiftCardAmounts READ",giftcard_amount,website_id,giftcard_amount.website_id,family=giftcard_amount;entry_kind=connector_context;review=THIRD_PASS_RESEARCH,f62cec3ccb48efe0524e84ee46aa72845381c00ace3ac2569b2dfce8ba218f7a,adobe:atom:structure:giftcard_amount:website_id,adobe:structure:giftcard_amount:website_id,STRUCTURE_MEMBER,GiftCard,reference_member,StructuredMember,provider_typed,read_projection,read_only,not_applicable,not_applicable,adobe-structured:giftcard_amount:website_id,not_applicable,PROVIDER_VERIFIED,"THIRD_PASS_RESEARCH; website scope for displayed amount"
003f69453b60db449cbdd848cd44eca958b854468f1664696e7919d11f7f0ff8,adobe-v1-925f07633b4f361b,adobe_commerce,docs/data/adobe_commerce_v1_structured_object_fields.csv,188,d82cd1ebcddf7ad9cd15b79ad128538d027794f23f44c87043d3a01154a8e983,"Adobe Commerce 2.4.9 / services current at frozen snapshot","Adobe core GraphQL GiftCardAmounts READ",giftcard_amount,value,giftcard_amount.value,family=giftcard_amount;entry_kind=domain_value;review=THIRD_PASS_RESEARCH,f62cec3ccb48efe0524e84ee46aa72845381c00ace3ac2569b2dfce8ba218f7a,adobe:atom:structure:giftcard_amount:value,adobe:structure:giftcard_amount:value,STRUCTURE_MEMBER,GiftCard,value_or_context_member,StructuredMember,provider_typed,read_projection,read_only,not_applicable,not_applicable,adobe-structured:giftcard_amount:value,not_applicable,PROVIDER_VERIFIED,"THIRD_PASS_RESEARCH; base gift-card preset amount"
c0b0d91413d4922098466a57656135751c3ecdbe87b1d2bf7da7504e8c6e6a20,adobe-v1-925f07633b4f361b,adobe_commerce,docs/data/adobe_commerce_v1_structured_object_fields.csv,189,3ea158cf2917d5013675ff81479d3aac367171529126d0aaac41cd1d32c37fd2,"Adobe Commerce 2.4.9 / services current at frozen snapshot","Adobe core GraphQL GiftCardAmounts READ",giftcard_amount,website_value,giftcard_amount.website_value,family=giftcard_amount;entry_kind=domain_value;review=THIRD_PASS_RESEARCH,f62cec3ccb48efe0524e84ee46aa72845381c00ace3ac2569b2dfce8ba218f7a,adobe:atom:structure:giftcard_amount:website_value,adobe:structure:giftcard_amount:website_value,STRUCTURE_MEMBER,GiftCard,value_or_context_member,StructuredMember,provider_typed,read_projection,read_only,not_applicable,not_applicable,adobe-structured:giftcard_amount:website_value,not_applicable,PROVIDER_VERIFIED,"THIRD_PASS_RESEARCH; website-scoped gift-card amount"
1c3dede081af5389c76dfced86eace6ab43e260ca89a964e5709b49743c73226,adobe-v1-d2c4cae89d30c2b2,adobe_commerce,docs/data/adobe_commerce_v1_alias_groups.csv,1,5a6102691aa8850c435d24354f9df0b5204cd150da1ce0c17df380b9e8e37ca2,"Adobe Commerce 2.4.9 / services current at frozen snapshot",REST/ProductInterface,product_capability,type_id,alias_group.product_type.type_id,"alias_group=product_type;identity_rule=ID/code alias; keep connector-context ownership;review=SECOND_PASS_RESEARCH",not_applicable,adobe:atom:alias:product_type:0,adobe:alias:product_type,ALIAS_REPRESENTATION,Connector,alias_with_id_code_resolution,ProviderRepresentation,surface_defined,surface_defined,surface_defined,not_applicable,c1f37f3b40fe571c1114c708a0546270c5ae6cb70a88fae239a633262750bad6,adobe-alias:product_type:type_id,queue:adobe_product_type_execution,DEFERRED_REVIEW,"SECOND_PASS_RESEARCH; product type discriminator; ID/code alias; keep connector-context ownership"
2a006905962ea6da9327cd1f9d49bfe367f12dd91aa06511bfb5d029ac7c91cc,adobe-v1-d2c4cae89d30c2b2,adobe_commerce,docs/data/adobe_commerce_v1_alias_groups.csv,2,d7cfb020e0f541fa74eb8bff000558344f4948b8285321fa2c8d447ad82c5ccb,"Adobe Commerce 2.4.9 / services current at frozen snapshot","Import API",product_capability,product_type,alias_group.product_type.product_type,"alias_group=product_type;identity_rule=bulk alias; keep separate source identity;review=SECOND_PASS_RESEARCH",not_applicable,adobe:atom:alias:product_type:1,adobe:alias:product_type,ALIAS_REPRESENTATION,Connector,alias_with_id_code_resolution,ProviderRepresentation,surface_defined,import_representation,writable,not_applicable,0d16651caeb356915b89fca5a2439d48b1829f4ebcfdae4cd04f6730ce208768,adobe-alias:product_type:product_type,queue:adobe_product_type_execution,DEFERRED_REVIEW,"SECOND_PASS_RESEARCH; product type discriminator; bulk alias; keep separate source identity"
b55700adbda3ecec905d06c3be63ab50ca209e8d33c28b6d41f74d12d1f2ed43,adobe-v1-d2c4cae89d30c2b2,adobe_commerce,docs/data/adobe_commerce_v1_alias_groups.csv,3,e51549846686db389317659597bf35f117112257c0d130f9bc3141b54f6a15c4,"Adobe Commerce 2.4.9 / services current at frozen snapshot",REST/EAV,product_capability,status,alias_group.status.status,"alias_group=status;identity_rule=semantic alias group;review=SECOND_PASS_RESEARCH",not_applicable,adobe:atom:alias:status:2,adobe:alias:status,ALIAS_REPRESENTATION,ProductData,alias_with_semantic_equivalence,ProviderRepresentation,surface_defined,surface_defined,surface_defined,not_applicable,3e3f01f1e0e79b769f6068f4ead613e20519a2261519e9135c6bae79b25d2f2c,adobe-alias:status:status,queue:adobe_status_lifecycle,DEFERRED_REVIEW,"SECOND_PASS_RESEARCH; product enabled/disabled state; semantic alias group"
a94d1ba11dd90f8c2a342fea1b53d4418ad47a611c573d272f27835355964fd8,adobe-v1-d2c4cae89d30c2b2,adobe_commerce,docs/data/adobe_commerce_v1_alias_groups.csv,4,01d379767817cdb4749e184e9bd0661f432645758d86a657d8b3e740d707e986,"Adobe Commerce 2.4.9 / services current at frozen snapshot","Import API",product_capability,product_online,alias_group.status.product_online,"alias_group=status;identity_rule=bulk values 1/2; translate, do not collapse raw identity;review=SECOND_PASS_RESEARCH",not_applicable,adobe:atom:alias:status:3,adobe:alias:status,ALIAS_REPRESENTATION,Connector,alias_with_translated_value,ProviderRepresentation,surface_defined,import_representation,writable,not_applicable,54e8d8cc0675838b02d6077dc4cccacc4b1f07faa1e0580ae14df46271bfcd07,adobe-alias:status:product_online,queue:adobe_status_lifecycle,DEFERRED_REVIEW,"SECOND_PASS_RESEARCH; product enabled/disabled state; bulk values 1/2; translate, do not collapse raw identity"
3e9784fae9e6c1077959caf50214a3e058f76b3f4efaebc2959f229e679672f4,adobe-v1-d2c4cae89d30c2b2,adobe_commerce,docs/data/adobe_commerce_v1_alias_groups.csv,5,32550d038c2e63a653b355aee9a900f2274637e592cbd5d9f62abf09f76757d2,"Adobe Commerce 2.4.9 / services current at frozen snapshot",REST/EAV,product_capability,meta_keyword,alias_group.meta_keyword.meta_keyword,"alias_group=meta_keyword;identity_rule=singular REST/EAV key;review=SECOND_PASS_RESEARCH",not_applicable,adobe:atom:alias:meta_keyword:4,adobe:alias:meta_keyword,ALIAS_REPRESENTATION,ProductData,alias_with_semantic_equivalence,ProviderRepresentation,surface_defined,surface_defined,surface_defined,not_applicable,6136b1f5007ded6e29647b38f47982895ff693304146e3cfc0bccaf6f7e03ad8,adobe-alias:meta_keyword:meta_keyword,not_applicable,PROVIDER_VERIFIED,"SECOND_PASS_RESEARCH; SEO meta keyword; singular REST/EAV key"
66c14bd887c47a2f3503dee35e608cca82b1bd1a6483027693eff5a7d70902e5,adobe-v1-d2c4cae89d30c2b2,adobe_commerce,docs/data/adobe_commerce_v1_alias_groups.csv,6,c2d963fa7cb1bd535d46efc9d40291a16e926e4b83e38dcd9b038bb490029f10,"Adobe Commerce 2.4.9 / services current at frozen snapshot","Import API",product_capability,meta_keywords,alias_group.meta_keyword.meta_keywords,"alias_group=meta_keyword;identity_rule=plural bulk alias;review=SECOND_PASS_RESEARCH",not_applicable,adobe:atom:alias:meta_keyword:5,adobe:alias:meta_keyword,ALIAS_REPRESENTATION,ProductData,alias_with_semantic_equivalence,ProviderRepresentation,surface_defined,import_representation,writable,not_applicable,73662bc41165ef686c08d0f608f540380b665ec9c398b472548bf40caf741b47,adobe-alias:meta_keyword:meta_keywords,not_applicable,PROVIDER_VERIFIED,"SECOND_PASS_RESEARCH; SEO meta keyword; plural bulk alias"
1b83b9d75d938e33bdfdd8495621d2950eb8892e53ec3290acef4e7b03bc513f,adobe-v1-d2c4cae89d30c2b2,adobe_commerce,docs/data/adobe_commerce_v1_alias_groups.csv,7,81aacb76636ecc194a9e2905e76a30fde061f697d1b806d70f2eda0813481439,"Adobe Commerce 2.4.9 / services current at frozen snapshot",REST/EAV,product_capability,tax_class_id,alias_group.tax_class.tax_class_id,"alias_group=tax_class;identity_rule=identifier form; resolve through tax configuration;review=SECOND_PASS_RESEARCH",not_applicable,adobe:atom:alias:tax_class:6,adobe:alias:tax_class,ALIAS_REPRESENTATION,PricingTax,alias_with_id_name_resolution,ProviderRepresentation,surface_defined,surface_defined,surface_defined,not_applicable,d082083243a5cd50f4ea250a2b592e4a96b35ec2a25b39034fd2b689a2d21d80,adobe-alias:tax_class:tax_class_id,queue:adobe_tax_portability,DEFERRED_REVIEW,"SECOND_PASS_RESEARCH; tax classification; identifier form; resolve through tax configuration"
e47cf4c954a707ec737829e855423fe95754473a0f7312f362baddb2dc128d40,adobe-v1-d2c4cae89d30c2b2,adobe_commerce,docs/data/adobe_commerce_v1_alias_groups.csv,8,70f4193265753622322ec7d7b31464faedfdbdb35843999f49eed8fdb2feef0d,"Adobe Commerce 2.4.9 / services current at frozen snapshot","Import API",product_capability,tax_class_name,alias_group.tax_class.tax_class_name,"alias_group=tax_class;identity_rule=label/name form; not raw-equal to ID;review=SECOND_PASS_RESEARCH",not_applicable,adobe:atom:alias:tax_class:7,adobe:alias:tax_class,ALIAS_REPRESENTATION,PricingTax,alias_with_id_name_resolution,ProviderRepresentation,surface_defined,import_representation,writable,not_applicable,6ae3796808246c4e62c4f6d09be3450fac45942bb0a739c9db34f6ea4d7db927,adobe-alias:tax_class:tax_class_name,queue:adobe_tax_portability,DEFERRED_REVIEW,"SECOND_PASS_RESEARCH; tax classification; label/name form; not raw-equal to ID"
11bde8e511436aad295e8749825f4feb2027826eb537cf6348b14d0000149306,adobe-v1-d2c4cae89d30c2b2,adobe_commerce,docs/data/adobe_commerce_v1_alias_groups.csv,9,3fbe4950080504a7b1c329bbea11b65e931e5f3ce5a3f11970231f828e3e808b,"Adobe Commerce 2.4.9 / services current at frozen snapshot",REST,product_capability,attribute_set_id,alias_group.attribute_set.attribute_set_id,"alias_group=attribute_set;identity_rule=identifier form; connector context;review=SECOND_PASS_RESEARCH",not_applicable,adobe:atom:alias:attribute_set:8,adobe:alias:attribute_set,ALIAS_REPRESENTATION,Connector,alias_with_id_code_resolution,ProviderRepresentation,surface_defined,surface_defined,surface_defined,not_applicable,b6245a82939be659977761e4e8aea49eb251bbe1a4df83dcb8fcd86894720252,adobe-alias:attribute_set:attribute_set_id,not_applicable,PROVIDER_VERIFIED,"SECOND_PASS_RESEARCH; Adobe attribute-set identity; identifier form; connector context"
758bfe9023ced7df1225ecc5bb86a3c16d6dc6b4d96715cc7037722fb3a60e57,adobe-v1-d2c4cae89d30c2b2,adobe_commerce,docs/data/adobe_commerce_v1_alias_groups.csv,10,5085a5bf098c42faceaf56c6acb132c4b041507dcc5a09e121d20838f8560c41,"Adobe Commerce 2.4.9 / services current at frozen snapshot","Import API",product_capability,attribute_set_code,alias_group.attribute_set.attribute_set_code,"alias_group=attribute_set;identity_rule=code/name form; resolve, do not map as Product field;review=SECOND_PASS_RESEARCH",not_applicable,adobe:atom:alias:attribute_set:9,adobe:alias:attribute_set,ALIAS_REPRESENTATION,Connector,alias_with_id_code_resolution,ProviderRepresentation,surface_defined,import_representation,writable,not_applicable,a68be24b4e78aa7f178e06d92fbf9b24bc96c10854f44e27694f8ff3ab7b6d92,adobe-alias:attribute_set:attribute_set_code,not_applicable,PROVIDER_VERIFIED,"SECOND_PASS_RESEARCH; Adobe attribute-set identity; code/name form; resolve, do not map as Product field"
36dd4e339bf34225eb850d62124ae0c167deb0aeff939f7efdc45509f7eeb79a,adobe-v1-d2c4cae89d30c2b2,adobe_commerce,docs/data/adobe_commerce_v1_alias_groups.csv,11,c4e188c42ab76850014e51cc18b4d214245d26c249e3c83e3676303350acca20,"Adobe Commerce 2.4.9 / services current at frozen snapshot","REST/pricing scope",product_capability,website_id,alias_group.website_assignment.website_id,"alias_group=website_assignment;identity_rule=website ID form;review=SECOND_PASS_RESEARCH",not_applicable,adobe:atom:alias:website_assignment:10,adobe:alias:website_assignment,ALIAS_REPRESENTATION,Connector,alias_with_id_code_resolution,ProviderRepresentation,surface_defined,surface_defined,surface_defined,not_applicable,53648ec1e95ce9e39a5b169b00dcdabded0499e187a58def88c88eef10f52db8,adobe-alias:website_assignment:website_id,not_applicable,PROVIDER_VERIFIED,"SECOND_PASS_RESEARCH; website assignment; website ID form"
232257b37d26926ce80cede4d4f1c224ed7b4150a89fb1d2a8ae43b188c572e8,adobe-v1-d2c4cae89d30c2b2,adobe_commerce,docs/data/adobe_commerce_v1_alias_groups.csv,12,10e8c08b272484c67fc5e58b51a5adf937150e69b03cf30cba7da34e590dec50,"Adobe Commerce 2.4.9 / services current at frozen snapshot","Import API",product_capability,product_websites,alias_group.website_assignment.product_websites,"alias_group=website_assignment;identity_rule=website code list; requires code/ID resolution;review=SECOND_PASS_RESEARCH",not_applicable,adobe:atom:alias:website_assignment:11,adobe:alias:website_assignment,ALIAS_REPRESENTATION,Connector,alias_with_id_code_resolution,ProviderRepresentation,surface_defined,import_representation,writable,not_applicable,175e004542f43f0ba0113656fdac00b9add9279133a48faba7adb3b9cee0a492,adobe-alias:website_assignment:product_websites,not_applicable,PROVIDER_VERIFIED,"SECOND_PASS_RESEARCH; website assignment; website code list; requires code/ID resolution"
b3e4e65309a7d2687de60fd523b991c4aa3e25530107a78c672dc0d16e1b37a4,adobe-v1-d2c4cae89d30c2b2,adobe_commerce,docs/data/adobe_commerce_v1_alias_groups.csv,13,48f6cc6f8e1232be4490f06cea6d102dff5a9c9cb6415e20390bdaddf8fdcbb6,"Adobe Commerce 2.4.9 / services current at frozen snapshot","Admin REST capability",product_capability,website_assignment,alias_group.website_assignment.website_assignment,"alias_group=website_assignment;identity_rule=structured assignment capability;review=SECOND_PASS_RESEARCH",not_applicable,adobe:atom:alias:website_assignment:12,adobe:alias:website_assignment,ALIAS_REPRESENTATION,Connector,alias_with_id_code_resolution,ProviderRepresentation,surface_defined,surface_defined,surface_defined,not_applicable,61698558411e31af7711e8e866a423d3962e917f4c4991072681f632fcd93921,adobe-alias:website_assignment:website_assignment,not_applicable,PROVIDER_VERIFIED,"SECOND_PASS_RESEARCH; website assignment; structured assignment capability"
99336b3fc50c83ff6bc32ca56dab31f1702630a9b99ec490b3d4ede434afe79c,adobe-v1-d2c4cae89d30c2b2,adobe_commerce,docs/data/adobe_commerce_v1_alias_groups.csv,14,232b3a18aad19f74d433d48959893e668654aeba17f1607363bec8fcf223462b,"Adobe Commerce 2.4.9 / services current at frozen snapshot","Import API",product_capability,bundle_price_type,alias_group.bundle_price_type.bundle_price_type,"alias_group=bundle_price_type;identity_rule=bulk key; translate/compare with REST EAV value;review=THIRD_PASS_RESEARCH",not_applicable,adobe:atom:alias:bundle_price_type:13,adobe:alias:bundle_price_type,ALIAS_REPRESENTATION,BundleComposition,alias_with_translated_value,ProviderRepresentation,surface_defined,import_representation,writable,not_applicable,343c5c155c819e6ae7e7b0d2247764c332e05aaeca7354dee28321d529aff0a2,adobe-alias:bundle_price_type:bundle_price_type,queue:adobe_composition_mapping,DEFERRED_REVIEW,"THIRD_PASS_RESEARCH; bundle price mode; bulk key; translate/compare with REST EAV value"
3adfeaef1c09df4926332ec89c40ebe9c4d07f483c9592b4a2ae25e85c0a221b,adobe-v1-d2c4cae89d30c2b2,adobe_commerce,docs/data/adobe_commerce_v1_alias_groups.csv,15,169a96e2df7bca5bdce4bfb5f230be751560d52b388b755dde51c52cb2309899,"Adobe Commerce 2.4.9 / services current at frozen snapshot","Admin REST EAV/custom_attributes",product_capability,price_type,alias_group.bundle_price_type.price_type,"alias_group=bundle_price_type;identity_rule=REST/EAV key; not generic Product field;review=THIRD_PASS_RESEARCH",not_applicable,adobe:atom:alias:bundle_price_type:14,adobe:alias:bundle_price_type,ALIAS_REPRESENTATION,BundleComposition,alias_with_translated_value,ProviderRepresentation,surface_defined,surface_defined,surface_defined,not_applicable,343c5c155c819e6ae7e7b0d2247764c332e05aaeca7354dee28321d529aff0a2,adobe-alias:bundle_price_type:price_type,queue:adobe_composition_mapping,DEFERRED_REVIEW,"THIRD_PASS_RESEARCH; bundle price mode; REST/EAV key; not generic Product field"
a76e481ae838a00561f675c3c1185fec9598911dfe5a061bf9f7e0313a4f794b,adobe-v1-d2c4cae89d30c2b2,adobe_commerce,docs/data/adobe_commerce_v1_alias_groups.csv,16,35bb58b087a11a1336b54e60a19d0193fc9197164f7406a17f72ef68d13196f5,"Adobe Commerce 2.4.9 / services current at frozen snapshot","Import API",product_capability,bundle_sku_type,alias_group.bundle_sku_type.bundle_sku_type,"alias_group=bundle_sku_type;identity_rule=bulk key; related to REST EAV value;review=THIRD_PASS_RESEARCH",not_applicable,adobe:atom:alias:bundle_sku_type:15,adobe:alias:bundle_sku_type,ALIAS_REPRESENTATION,BundleComposition,alias_with_translated_value,ProviderRepresentation,surface_defined,import_representation,writable,not_applicable,8fa7a7e8187ef539944cae4b7cdb03e2b0efbddd6f9059b275508f4d8fab992a,adobe-alias:bundle_sku_type:bundle_sku_type,queue:adobe_composition_mapping,DEFERRED_REVIEW,"THIRD_PASS_RESEARCH; bundle SKU mode; bulk key; related to REST EAV value"
9a3270e3d7daa006865ca0262a266ac2c947ff9513f2902f30ae36fce36780d7,adobe-v1-d2c4cae89d30c2b2,adobe_commerce,docs/data/adobe_commerce_v1_alias_groups.csv,17,4fdbd2617a521776e96f9a198207084ff6b63df616785d76382467535cee3553,"Adobe Commerce 2.4.9 / services current at frozen snapshot","Admin REST EAV/custom_attributes",product_capability,sku_type,alias_group.bundle_sku_type.sku_type,"alias_group=bundle_sku_type;identity_rule=REST/EAV key; bundle-domain setting;review=THIRD_PASS_RESEARCH",not_applicable,adobe:atom:alias:bundle_sku_type:16,adobe:alias:bundle_sku_type,ALIAS_REPRESENTATION,BundleComposition,alias_with_translated_value,ProviderRepresentation,surface_defined,surface_defined,surface_defined,not_applicable,8fa7a7e8187ef539944cae4b7cdb03e2b0efbddd6f9059b275508f4d8fab992a,adobe-alias:bundle_sku_type:sku_type,queue:adobe_composition_mapping,DEFERRED_REVIEW,"THIRD_PASS_RESEARCH; bundle SKU mode; REST/EAV key; bundle-domain setting"
642306c09d437e96ffaea2394d38f85f3c860eb507b025c6dd5dec1f0314973a,adobe-v1-d2c4cae89d30c2b2,adobe_commerce,docs/data/adobe_commerce_v1_alias_groups.csv,18,1f3266dbe9918dc1aa8673a07b1f3599bb1556f9302660732364e3e6acb12147,"Adobe Commerce 2.4.9 / services current at frozen snapshot","Import API",product_capability,bundle_price_view,alias_group.bundle_price_view.bundle_price_view,"alias_group=bundle_price_view;identity_rule=bulk key; related to REST EAV value;review=THIRD_PASS_RESEARCH",not_applicable,adobe:atom:alias:bundle_price_view:17,adobe:alias:bundle_price_view,ALIAS_REPRESENTATION,BundleComposition,alias_with_translated_value,ProviderRepresentation,surface_defined,import_representation,writable,not_applicable,6cf2dfa18d9139f6dc861a36f07cb1187d7aa56c09130eb45b8925fb098e6280,adobe-alias:bundle_price_view:bundle_price_view,queue:adobe_composition_mapping,DEFERRED_REVIEW,"THIRD_PASS_RESEARCH; bundle price display mode; bulk key; related to REST EAV value"
a7eb41d8660f826f6ef0b517ef007399614520c5de0c3d9dcda150214c1e5b49,adobe-v1-d2c4cae89d30c2b2,adobe_commerce,docs/data/adobe_commerce_v1_alias_groups.csv,19,81504b159b5f5c1165739b81f24af3e98080bcbacc7b45e21ca37a488d511e33,"Adobe Commerce 2.4.9 / services current at frozen snapshot","Admin REST EAV/custom_attributes",product_capability,price_view,alias_group.bundle_price_view.price_view,"alias_group=bundle_price_view;identity_rule=REST/EAV key; bundle-domain setting;review=THIRD_PASS_RESEARCH",not_applicable,adobe:atom:alias:bundle_price_view:18,adobe:alias:bundle_price_view,ALIAS_REPRESENTATION,BundleComposition,alias_with_translated_value,ProviderRepresentation,surface_defined,surface_defined,surface_defined,not_applicable,6cf2dfa18d9139f6dc861a36f07cb1187d7aa56c09130eb45b8925fb098e6280,adobe-alias:bundle_price_view:price_view,queue:adobe_composition_mapping,DEFERRED_REVIEW,"THIRD_PASS_RESEARCH; bundle price display mode; REST/EAV key; bundle-domain setting"
4515155890f79b30a8cbac605e5db970f4e7d7044b0c60f0b455ab61dbb6c4f6,adobe-v1-d2c4cae89d30c2b2,adobe_commerce,docs/data/adobe_commerce_v1_alias_groups.csv,20,0c887d8023fe3ad7149ae33ee72a36498af758b9ec5975ec8c683ec82291ea19,"Adobe Commerce 2.4.9 / services current at frozen snapshot","Import API",product_capability,bundle_weight_type,alias_group.bundle_weight_type.bundle_weight_type,"alias_group=bundle_weight_type;identity_rule=bulk key; related to REST EAV value;review=THIRD_PASS_RESEARCH",not_applicable,adobe:atom:alias:bundle_weight_type:19,adobe:alias:bundle_weight_type,ALIAS_REPRESENTATION,BundleComposition,alias_with_translated_value,ProviderRepresentation,surface_defined,import_representation,writable,not_applicable,dd9c908a98bdfac1b12aeda4cb36dc517ec016438dab1336cd94cce252b41471,adobe-alias:bundle_weight_type:bundle_weight_type,queue:adobe_composition_mapping,DEFERRED_REVIEW,"THIRD_PASS_RESEARCH; bundle weight mode; bulk key; related to REST EAV value"
0bdfb0abbc9c56ef51a6d27a9aaf9a7d8aafe579cf4d8e0d209ae57f6ca01cf2,adobe-v1-d2c4cae89d30c2b2,adobe_commerce,docs/data/adobe_commerce_v1_alias_groups.csv,21,01e67cec5f160c74211eb94725a0986d87e5cfda2d7250b998b90a1cd7857ad7,"Adobe Commerce 2.4.9 / services current at frozen snapshot","Admin REST EAV/custom_attributes",product_capability,weight_type,alias_group.bundle_weight_type.weight_type,"alias_group=bundle_weight_type;identity_rule=REST/EAV key; bundle-domain setting;review=THIRD_PASS_RESEARCH",not_applicable,adobe:atom:alias:bundle_weight_type:20,adobe:alias:bundle_weight_type,ALIAS_REPRESENTATION,BundleComposition,alias_with_translated_value,ProviderRepresentation,surface_defined,surface_defined,surface_defined,not_applicable,dd9c908a98bdfac1b12aeda4cb36dc517ec016438dab1336cd94cce252b41471,adobe-alias:bundle_weight_type:weight_type,queue:adobe_composition_mapping,DEFERRED_REVIEW,"THIRD_PASS_RESEARCH; bundle weight mode; REST/EAV key; bundle-domain setting"
4512674a3e3c716d48ed05fc274f139d87079f079c6f526ed07691865d3a0dff,adobe-v1-d2c4cae89d30c2b2,adobe_commerce,docs/data/adobe_commerce_v1_alias_groups.csv,22,5071fe549d66cb12ab393689bff632f7bd03e3521dbbd757ba57538244b39069,"Adobe Commerce 2.4.9 / services current at frozen snapshot","Import API",product_capability,bundle_shipment_type,alias_group.bundle_shipment_type.bundle_shipment_type,"alias_group=bundle_shipment_type;identity_rule=bulk key; related to REST EAV value;review=THIRD_PASS_RESEARCH",not_applicable,adobe:atom:alias:bundle_shipment_type:21,adobe:alias:bundle_shipment_type,ALIAS_REPRESENTATION,BundleComposition,alias_with_translated_value,ProviderRepresentation,surface_defined,import_representation,writable,not_applicable,cad4ed641737a98a8b2b412e1c5b30986a1cbcf55a68f5bd15132b5b7a480ec6,adobe-alias:bundle_shipment_type:bundle_shipment_type,queue:adobe_composition_mapping,DEFERRED_REVIEW,"THIRD_PASS_RESEARCH; bundle shipment mode; bulk key; related to REST EAV value"
0cc347575d6a234c6143f7c0c6214924c076320f8b551cc000d752aee108eb61,adobe-v1-d2c4cae89d30c2b2,adobe_commerce,docs/data/adobe_commerce_v1_alias_groups.csv,23,7e5abbe0efe9472c3cf356ed29c3f5358224c903d36f4a30732c30746ada75ec,"Adobe Commerce 2.4.9 / services current at frozen snapshot","Admin REST EAV/custom_attributes",product_capability,shipment_type,alias_group.bundle_shipment_type.shipment_type,"alias_group=bundle_shipment_type;identity_rule=REST/EAV key; bundle-domain setting;review=THIRD_PASS_RESEARCH",not_applicable,adobe:atom:alias:bundle_shipment_type:22,adobe:alias:bundle_shipment_type,ALIAS_REPRESENTATION,BundleComposition,alias_with_translated_value,ProviderRepresentation,surface_defined,surface_defined,surface_defined,not_applicable,cad4ed641737a98a8b2b412e1c5b30986a1cbcf55a68f5bd15132b5b7a480ec6,adobe-alias:bundle_shipment_type:shipment_type,queue:adobe_composition_mapping,DEFERRED_REVIEW,"THIRD_PASS_RESEARCH; bundle shipment mode; REST/EAV key; bundle-domain setting"
bbebb6fc257c3bbd8ee2bb9a4248b106b334a51ab34428c046f19fd3b1261cab,adobe-v1-d2c4cae89d30c2b2,adobe_commerce,docs/data/adobe_commerce_v1_alias_groups.csv,24,40bcdafd7f9a3562eda8e06d872843bc379ba06b00ec96a7ab5174777351d9e7,"Adobe Commerce 2.4.9 / services current at frozen snapshot","Import API",product_capability,bundle_values,alias_group.bundle_composition.bundle_values,"alias_group=bundle_composition;identity_rule=combined bulk option+selection representation; not raw-equal to REST objects;review=THIRD_PASS_RESEARCH",not_applicable,adobe:atom:alias:bundle_composition:23,adobe:alias:bundle_composition,ALIAS_REPRESENTATION,BundleComposition,alias_with_structured_equivalence,ProviderRepresentation,surface_defined,import_representation,writable,not_applicable,421130fb02609085c4b6205a9f48afb21db905e4d55a194df618fe537c527659,adobe-alias:bundle_composition:bundle_values,queue:adobe_composition_mapping,DEFERRED_REVIEW,"THIRD_PASS_RESEARCH; bundle option/selection composition; combined bulk option+selection representation; not raw-equal to REST objects"
dc6c06a3dbe6450be6f40d13eec0d4dccc2328e568391bf3fdd047adc14acbed,adobe-v1-d2c4cae89d30c2b2,adobe_commerce,docs/data/adobe_commerce_v1_alias_groups.csv,25,2cb0698271b73d5eb50ec2e72a1acfb93655aa5c98930ec9d2c9cf32c0b96fc1,"Adobe Commerce 2.4.9 / services current at frozen snapshot","Admin REST",product_capability,bundle_product_options,alias_group.bundle_composition.bundle_product_options,"alias_group=bundle_composition;identity_rule=structured option objects;review=THIRD_PASS_RESEARCH",not_applicable,adobe:atom:alias:bundle_composition:24,adobe:alias:bundle_composition,ALIAS_REPRESENTATION,BundleComposition,alias_with_structured_equivalence,ProviderRepresentation,surface_defined,surface_defined,surface_defined,not_applicable,a0c99fa1928f21f9bbe1e053e54cbcfdabe4eaf0743c0de262bfdf67618a64ef,adobe-alias:bundle_composition:bundle_product_options,queue:adobe_composition_mapping,DEFERRED_REVIEW,"THIRD_PASS_RESEARCH; bundle option/selection composition; structured option objects"
da89036c99e89336bcd89492a5afadb7d6b0efbc9dae9bff0c13e563492cc272,adobe-v1-d2c4cae89d30c2b2,adobe_commerce,docs/data/adobe_commerce_v1_alias_groups.csv,26,db500aca3cc4f6a6594ad486ffdbd655846993a50c12956ee17ed6214cf368be,"Adobe Commerce 2.4.9 / services current at frozen snapshot","Admin REST",product_capability,bundle_product_links,alias_group.bundle_composition.bundle_product_links,"alias_group=bundle_composition;identity_rule=structured selection/link objects;review=THIRD_PASS_RESEARCH",not_applicable,adobe:atom:alias:bundle_composition:25,adobe:alias:bundle_composition,ALIAS_REPRESENTATION,BundleComposition,alias_with_structured_equivalence,ProviderRepresentation,surface_defined,surface_defined,surface_defined,not_applicable,cc5d7d74a78ad4149a072056be0c3b50b387dec4067059af93bb5373d0b684d9,adobe-alias:bundle_composition:bundle_product_links,queue:adobe_composition_mapping,DEFERRED_REVIEW,"THIRD_PASS_RESEARCH; bundle option/selection composition; structured selection/link objects"
e2c448b20c4b9750a6e96168ad25c549d315ebd2d4444c4391eaaf692b0fe050,adobe-v1-d2c4cae89d30c2b2,adobe_commerce,docs/data/adobe_commerce_v1_alias_groups.csv,27,0c1c2d3895df23a03bb3c695f3521a69a32bd0a447fe5b6151021fa1c7fa01e8,"Adobe Commerce 2.4.9 / services current at frozen snapshot","Import API",product_capability,configurable_variations,alias_group.configurable_composition.configurable_variations,"alias_group=configurable_composition;identity_rule=bulk child+option-value representation;review=THIRD_PASS_RESEARCH",not_applicable,adobe:atom:alias:configurable_composition:26,adobe:alias:configurable_composition,ALIAS_REPRESENTATION,VariantComposition,alias_with_structured_equivalence,ProviderRepresentation,surface_defined,import_representation,writable,not_applicable,ab23ebea08df5181d2e449dbc5c8bdfe83488dfe9b7cd2fa00a07d9f9d4293b1,adobe-alias:configurable_composition:configurable_variations,queue:adobe_composition_mapping,DEFERRED_REVIEW,"THIRD_PASS_RESEARCH; configurable option/child composition; bulk child+option-value representation"
b14acb03a769ba497fc92b7579465f519bb3d9c7a9cf2adb2124f0b9dcc5dae3,adobe-v1-d2c4cae89d30c2b2,adobe_commerce,docs/data/adobe_commerce_v1_alias_groups.csv,28,112d571868b77b31639edab36399ba7ca09c2b45b35a0ab772608e927a7cb3d0,"Adobe Commerce 2.4.9 / services current at frozen snapshot","Import API",product_capability,configurable_variation_labels,alias_group.configurable_composition.configurable_variation_labels,"alias_group=configurable_composition;identity_rule=bulk option-label representation;review=THIRD_PASS_RESEARCH",not_applicable,adobe:atom:alias:configurable_composition:27,adobe:alias:configurable_composition,ALIAS_REPRESENTATION,VariantComposition,alias_with_structured_equivalence,ProviderRepresentation,surface_defined,import_representation,writable,not_applicable,f0001f532645806ee456011197b497dc137af38836f127532b5c2d4added1190,adobe-alias:configurable_composition:configurable_variation_labels,queue:adobe_composition_mapping,DEFERRED_REVIEW,"THIRD_PASS_RESEARCH; configurable option/child composition; bulk option-label representation"
523f2eb38087495be1e255556686950f07ce5afe95401f371a1cde54edc75e30,adobe-v1-d2c4cae89d30c2b2,adobe_commerce,docs/data/adobe_commerce_v1_alias_groups.csv,29,9e6fca969a7cb623213c1b85c6db6ecf8ed5e31b4600686c2124fd1e76672b71,"Adobe Commerce 2.4.9 / services current at frozen snapshot","Admin REST",product_capability,configurable_product_options,alias_group.configurable_composition.configurable_product_options,"alias_group=configurable_composition;identity_rule=structured configurable option objects;review=THIRD_PASS_RESEARCH",not_applicable,adobe:atom:alias:configurable_composition:28,adobe:alias:configurable_composition,ALIAS_REPRESENTATION,VariantComposition,alias_with_structured_equivalence,ProviderRepresentation,surface_defined,surface_defined,surface_defined,not_applicable,56e784b321daae22fc2768ad5d4e86b96311aff6be6c92f2a75ae5ce600ec35f,adobe-alias:configurable_composition:configurable_product_options,queue:adobe_composition_mapping,DEFERRED_REVIEW,"THIRD_PASS_RESEARCH; configurable option/child composition; structured configurable option objects"
dc0ca7b1ca57b846eaaca9fd731eb70555f4cfb8a40a2f49590298687b847758,adobe-v1-d2c4cae89d30c2b2,adobe_commerce,docs/data/adobe_commerce_v1_alias_groups.csv,30,d2319c1a75b39eb34e504f88787dbd0d82e2085e7effbb85bac9d1a3bb4abb9d,"Adobe Commerce 2.4.9 / services current at frozen snapshot","Admin REST",product_capability,configurable_product_links,alias_group.configurable_composition.configurable_product_links,"alias_group=configurable_composition;identity_rule=parent-child link capability;review=THIRD_PASS_RESEARCH",not_applicable,adobe:atom:alias:configurable_composition:29,adobe:alias:configurable_composition,ALIAS_REPRESENTATION,VariantComposition,alias_with_structured_equivalence,ProviderRepresentation,surface_defined,surface_defined,surface_defined,not_applicable,792a7799cebb067e54fce9dcb3a2400657af0ab3719f57400bc34024ab54999a,adobe-alias:configurable_composition:configurable_product_links,queue:adobe_composition_mapping,DEFERRED_REVIEW,"THIRD_PASS_RESEARCH; configurable option/child composition; parent-child link capability"
564392f17a6e2742189f1c63fd16a9f4252cd31b595fccabce7c82f0f131c9aa,adobe-v1-d2c4cae89d30c2b2,adobe_commerce,docs/data/adobe_commerce_v1_alias_groups.csv,31,3947908f00da7eedb712a4c87582d4a8c3c40e3a6c0995a6b2ddd7b2f82f5ef2,"Adobe Commerce 2.4.9 / services current at frozen snapshot","Import API",product_capability,associated_skus,alias_group.grouped_composition.associated_skus,"alias_group=grouped_composition;identity_rule=bulk SKU→qty representation;review=THIRD_PASS_RESEARCH",not_applicable,adobe:atom:alias:grouped_composition:30,adobe:alias:grouped_composition,ALIAS_REPRESENTATION,GroupedComposition,alias_with_structured_equivalence,ProviderRepresentation,surface_defined,import_representation,writable,not_applicable,91e8eac45d4b3ce1589710012ff1b65686b71204769753fc20d837b89c42dc87,adobe-alias:grouped_composition:associated_skus,queue:adobe_composition_mapping,DEFERRED_REVIEW,"THIRD_PASS_RESEARCH; grouped child composition; bulk SKU→qty representation"
743913e18cdd8d2f6c6a00812831c814de3a6000db4d19adb89df542139e753a,adobe-v1-d2c4cae89d30c2b2,adobe_commerce,docs/data/adobe_commerce_v1_alias_groups.csv,32,823ecaf6de85588d36fca417a1be36dbc4b656013664976b0adcb4ccec9e75eb,"Adobe Commerce 2.4.9 / services current at frozen snapshot","Admin REST",product_capability,product_links[link_type=associated],alias_group.grouped_composition.product_links[link_type=associated],"alias_group=grouped_composition;identity_rule=structured associated-product relation;review=THIRD_PASS_RESEARCH",not_applicable,adobe:atom:alias:grouped_composition:31,adobe:alias:grouped_composition,ALIAS_REPRESENTATION,GroupedComposition,alias_with_structured_equivalence,ProviderRepresentation,surface_defined,surface_defined,surface_defined,not_applicable,91e8eac45d4b3ce1589710012ff1b65686b71204769753fc20d837b89c42dc87,adobe-alias:grouped_composition:product_links[link_type=associated],queue:adobe_composition_mapping,DEFERRED_REVIEW,"THIRD_PASS_RESEARCH; grouped child composition; structured associated-product relation"
2f66f27e02ff03eb6996158b63b26ce8b02acec0fd25a83eedf3c89bca340716,adobe-v1-d2c4cae89d30c2b2,adobe_commerce,docs/data/adobe_commerce_v1_alias_groups.csv,33,c76c1f5689e7f12c7ed8617f7e0ffb4c70bad980726322695f8aee12d5dcad88,"Adobe Commerce 2.4.9 / services current at frozen snapshot","Import API",product_capability,categories,alias_group.category_assignment.categories,"alias_group=category_assignment;identity_rule=category path/list representation; resolve to category identity;review=THIRD_PASS_RESEARCH",not_applicable,adobe:atom:alias:category_assignment:32,adobe:alias:category_assignment,ALIAS_REPRESENTATION,Category,alias_with_structured_equivalence,ProviderRepresentation,surface_defined,import_representation,writable,not_applicable,21b5586a5aac4e60a78bc56b8f159a363ea7b992282a83b2cf5f80f96901f26f,adobe-alias:category_assignment:categories,not_applicable,PROVIDER_VERIFIED,"THIRD_PASS_RESEARCH; product category assignment; category path/list representation; resolve to category identity"
19489c989752ba0d9bedcd612bec8200981310b44ee703d3ce0b9187a41ab74c,adobe-v1-d2c4cae89d30c2b2,adobe_commerce,docs/data/adobe_commerce_v1_alias_groups.csv,34,ec6e09cedbf22c6097f26c43c5eee0e5fb284ad34614ad03bd523ea5659c7752,"Adobe Commerce 2.4.9 / services current at frozen snapshot","Admin REST",product_capability,category_link,alias_group.category_assignment.category_link,"alias_group=category_assignment;identity_rule=category_id + position object; not raw-equal to path list;review=THIRD_PASS_RESEARCH",not_applicable,adobe:atom:alias:category_assignment:33,adobe:alias:category_assignment,ALIAS_REPRESENTATION,Category,alias_with_structured_equivalence,ProviderRepresentation,surface_defined,surface_defined,surface_defined,not_applicable,035c216ac705c916b99c87f52ff4e65e7a69958395f34fc09a6491b8a5e7b7af,adobe-alias:category_assignment:category_link,not_applicable,PROVIDER_VERIFIED,"THIRD_PASS_RESEARCH; product category assignment; category_id + position object; not raw-equal to path list"
32f2c311587ee3e1508ce951599d133432ea93054cab37d5189e9a84191b680d,adobe-v1-d2c4cae89d30c2b2,adobe_commerce,docs/data/adobe_commerce_v1_alias_groups.csv,35,3b907066ca6c2bb44f3a524564422613f88c7441267c78be59505543ed059ebd,"Adobe Commerce 2.4.9 / services current at frozen snapshot","core GraphQL READ",product_capability,categories,alias_group.category_assignment.categories,"alias_group=category_assignment;identity_rule=read category object list; no WRITE inference;review=THIRD_PASS_RESEARCH",not_applicable,adobe:atom:alias:category_assignment:34,adobe:alias:category_assignment,ALIAS_REPRESENTATION,Category,alias_with_structured_equivalence,ProviderRepresentation,surface_defined,read_projection,read_only,not_applicable,21b5586a5aac4e60a78bc56b8f159a363ea7b992282a83b2cf5f80f96901f26f,adobe-alias:category_assignment:categories,not_applicable,PROVIDER_VERIFIED,"THIRD_PASS_RESEARCH; product category assignment; read category object list; no WRITE inference"
7e966edb1944c0c1de592d0647334de77674e64778e8105e70c9d9d6ccee8d14,adobe-v1-d2c4cae89d30c2b2,adobe_commerce,docs/data/adobe_commerce_v1_alias_groups.csv,36,2030d183a46a103aec81f759600b1886b2e5d8e3ed41adead5a17ad885454f3d,"Adobe Commerce 2.4.9 / services current at frozen snapshot","Import advanced_pricing",product_capability,tier_price_customer_group,alias_group.tier_price_customer_group.tier_price_customer_group,"alias_group=tier_price_customer_group;identity_rule=bulk group label/code representation;review=THIRD_PASS_RESEARCH",not_applicable,adobe:atom:alias:tier_price_customer_group:35,adobe:alias:tier_price_customer_group,ALIAS_REPRESENTATION,Pricing,alias_with_id_code_resolution,ProviderRepresentation,surface_defined,import_representation,writable,not_applicable,c3b4b729c8404240ad317c9fa67a36b5a497f07981abda96175e1b069944e2b4,adobe-alias:tier_price_customer_group:tier_price_customer_group,not_applicable,PROVIDER_VERIFIED,"THIRD_PASS_RESEARCH; tier price customer-group scope; bulk group label/code representation"
6f8b20e18c2677f07cb56c6d9b7b7b9ad3aeac4f59c4bec699d4e3ce7046b808,adobe-v1-d2c4cae89d30c2b2,adobe_commerce,docs/data/adobe_commerce_v1_alias_groups.csv,37,a2cc3751ca2ed9a378f27cd46917bd2bb283887a006512b1ce25429633484fc6,"Adobe Commerce 2.4.9 / services current at frozen snapshot","Catalog Pricing REST",product_capability,customer_group,alias_group.tier_price_customer_group.customer_group,"alias_group=tier_price_customer_group;identity_rule=current TierPriceStorageInterface string field;review=THIRD_PASS_RESEARCH",not_applicable,adobe:atom:alias:tier_price_customer_group:36,adobe:alias:tier_price_customer_group,ALIAS_REPRESENTATION,Pricing,alias_with_id_code_resolution,ProviderRepresentation,surface_defined,surface_defined,surface_defined,not_applicable,c3b4b729c8404240ad317c9fa67a36b5a497f07981abda96175e1b069944e2b4,adobe-alias:tier_price_customer_group:customer_group,not_applicable,PROVIDER_VERIFIED,"THIRD_PASS_RESEARCH; tier price customer-group scope; current TierPriceStorageInterface string field"
743a756564867d8c07e5b545540f32708012fa6f9ee323b8c5738b00f6a27dbf,adobe-v1-d2c4cae89d30c2b2,adobe_commerce,docs/data/adobe_commerce_v1_alias_groups.csv,38,21a4ad42081fcbf651e71dd3153c568f74f3ffb7d95a4f3d44bfe9df17d9cda3,"Adobe Commerce 2.4.9 / services current at frozen snapshot","Import API",product_capability,giftcard_amount,alias_group.giftcard_amount.giftcard_amount,"alias_group=giftcard_amount;identity_rule=flat preset amount array for bulk import;review=THIRD_PASS_RESEARCH",not_applicable,adobe:atom:alias:giftcard_amount:37,adobe:alias:giftcard_amount,ALIAS_REPRESENTATION,GiftCard,alias_with_structured_equivalence,ProviderRepresentation,surface_defined,import_representation,writable,not_applicable,c5a92ef4605c2e421b12187991c3a79089df2258feeccb52ce1889c87832b4bb,adobe-alias:giftcard_amount:giftcard_amount,not_applicable,PROVIDER_VERIFIED,"THIRD_PASS_RESEARCH; gift-card preset amount; flat preset amount array for bulk import"
e99b4685c892dc608d0680176e1d75a4036667ef7a12ed7f85916851eb788ad0,adobe-v1-d2c4cae89d30c2b2,adobe_commerce,docs/data/adobe_commerce_v1_alias_groups.csv,39,9f9cae762097779dbaad6e1b77e67948f6916280ab1d7ce8f11723ad2b7fb91f,"Adobe Commerce 2.4.9 / services current at frozen snapshot","core GraphQL READ",product_capability,giftcard_amounts,alias_group.giftcard_amount.giftcard_amounts,"alias_group=giftcard_amount;identity_rule=scoped amount objects; read representation only;review=THIRD_PASS_RESEARCH",not_applicable,adobe:atom:alias:giftcard_amount:38,adobe:alias:giftcard_amount,ALIAS_REPRESENTATION,GiftCard,alias_with_structured_equivalence,ProviderRepresentation,surface_defined,read_projection,read_only,not_applicable,f62cec3ccb48efe0524e84ee46aa72845381c00ace3ac2569b2dfce8ba218f7a,adobe-alias:giftcard_amount:giftcard_amounts,not_applicable,PROVIDER_VERIFIED,"THIRD_PASS_RESEARCH; gift-card preset amount; scoped amount objects; read representation only"
6fd1dac53d33dda69bcd5b51ee6a7b7b9d57e19cc06a57cac86629dca7fdd319,adobe-v1-d2c4cae89d30c2b2,adobe_commerce,docs/data/adobe_commerce_v1_alias_groups.csv,40,0627e0748f89eddc9b2c881b24e6993f510045af6eea3a91576982e04131bc26,"Adobe Commerce 2.4.9 / services current at frozen snapshot","Import API",product_capability,base_image,alias_group.media_base_role.base_image,"alias_group=media_base_role;identity_rule=filename/path slot assigned to Base role; related to REST media role image; not raw-equal;review=FOURTH_PASS_RESEARCH",not_applicable,adobe:atom:alias:media_base_role:39,adobe:alias:media_base_role,ALIAS_REPRESENTATION,Media,alias_with_structured_equivalence,ProviderRepresentation,surface_defined,import_representation,writable,not_applicable,636e21d749ebb232db101d7fc8967997ef3752b4dbd7205805a99e07655cd31a,adobe-alias:media_base_role:base_image,not_applicable,PROVIDER_VERIFIED,"FOURTH_PASS_RESEARCH; base/primary image role assignment; filename/path slot assigned to Base role; related to REST media role image; not raw-equal"
1953f2924318fb662c5cc4df30e7e977a44258a0ff737ff80c4d95c7b2d9f5bb,adobe-v1-d2c4cae89d30c2b2,adobe_commerce,docs/data/adobe_commerce_v1_alias_groups.csv,41,4b8d38ef495d3a17485ae38f805d1bc83239a0fb51c04b1ba4273154716086cc,"Adobe Commerce 2.4.9 / services current at frozen snapshot","Admin REST media_gallery_entries.types",product_capability,image,alias_group.media_base_role.image,"alias_group=media_base_role;identity_rule=role token inside media entry; related to Import base_image filename slot; not raw-equal;review=FOURTH_PASS_RESEARCH",not_applicable,adobe:atom:alias:media_base_role:40,adobe:alias:media_base_role,ALIAS_REPRESENTATION,Media,alias_with_structured_equivalence,ProviderRepresentation,surface_defined,surface_defined,surface_defined,not_applicable,636e21d749ebb232db101d7fc8967997ef3752b4dbd7205805a99e07655cd31a,adobe-alias:media_base_role:image,not_applicable,PROVIDER_VERIFIED,"FOURTH_PASS_RESEARCH; base/primary image role assignment; role token inside media entry; related to Import base_image filename slot; not raw-equal"
47a048ac36179080b88485405a0f337061192ab1a7f6b609f1ac27fd960be7fd,adobe-v1-d2c4cae89d30c2b2,adobe_commerce,docs/data/adobe_commerce_v1_alias_groups.csv,42,167d77a2ff7fdbd3349dd194352e0f8e2b9154138c8a446fe3aa6566b0094159,"Adobe Commerce 2.4.9 / services current at frozen snapshot","Import API",product_capability,small_image,alias_group.media_small_role.small_image,"alias_group=media_small_role;identity_rule=filename/path slot assigned to Small role; related to REST small_image role token; not raw-equal;review=FOURTH_PASS_RESEARCH",not_applicable,adobe:atom:alias:media_small_role:41,adobe:alias:media_small_role,ALIAS_REPRESENTATION,Media,alias_with_structured_equivalence,ProviderRepresentation,surface_defined,import_representation,writable,not_applicable,2b40de464a1243c35ba3ebfea2d89ce97c1d41cf09c39c955be0cc5a10d8611f,adobe-alias:media_small_role:small_image,not_applicable,PROVIDER_VERIFIED,"FOURTH_PASS_RESEARCH; small image role assignment; filename/path slot assigned to Small role; related to REST small_image role token; not raw-equal"
a6a828edb9b6a4e151ddc6becd733638ac0f35c78b75b15bb8723772e3cd6369,adobe-v1-d2c4cae89d30c2b2,adobe_commerce,docs/data/adobe_commerce_v1_alias_groups.csv,43,ccb5afa569646423746b7e8c222938c58858a4118bdfd16f491de4f9b066704f,"Adobe Commerce 2.4.9 / services current at frozen snapshot","Admin REST media_gallery_entries.types",product_capability,small_image,alias_group.media_small_role.small_image,"alias_group=media_small_role;identity_rule=role token inside media entry; equal spelling is still a different surface representation; not raw-equal to Import filename slot;review=FOURTH_PASS_RESEARCH",not_applicable,adobe:atom:alias:media_small_role:42,adobe:alias:media_small_role,ALIAS_REPRESENTATION,Media,alias_with_structured_equivalence,ProviderRepresentation,surface_defined,surface_defined,surface_defined,not_applicable,2b40de464a1243c35ba3ebfea2d89ce97c1d41cf09c39c955be0cc5a10d8611f,adobe-alias:media_small_role:small_image,not_applicable,PROVIDER_VERIFIED,"FOURTH_PASS_RESEARCH; small image role assignment; role token inside media entry; equal spelling is still a different surface representation; not raw-equal to Import filename slot"
55bb62dd760d4aa61125d8cb535c5efafb237e74555dfd44f8e4c1607c91b0dd,adobe-v1-d2c4cae89d30c2b2,adobe_commerce,docs/data/adobe_commerce_v1_alias_groups.csv,44,785ac01402d336e751c11f36da61cc92270c58b78c83bf912773857c521e2ccc,"Adobe Commerce 2.4.9 / services current at frozen snapshot","Import API",product_capability,thumbnail_image,alias_group.media_thumbnail_role.thumbnail_image,"alias_group=media_thumbnail_role;identity_rule=filename/path slot assigned to Thumbnail role; related to REST thumbnail role token; not raw-equal;review=FOURTH_PASS_RESEARCH",not_applicable,adobe:atom:alias:media_thumbnail_role:43,adobe:alias:media_thumbnail_role,ALIAS_REPRESENTATION,Media,alias_with_structured_equivalence,ProviderRepresentation,surface_defined,import_representation,writable,not_applicable,f0ad588e8879a1294774cb4d8729028f013219cdddc306f09b384d8e7ed0e1ab,adobe-alias:media_thumbnail_role:thumbnail_image,not_applicable,PROVIDER_VERIFIED,"FOURTH_PASS_RESEARCH; thumbnail image role assignment; filename/path slot assigned to Thumbnail role; related to REST thumbnail role token; not raw-equal"
2366e5813f84c660a8cf55d8d6f4e82ab38d7d3dfe2a5744eb9dd91d5dc1c4f5,adobe-v1-d2c4cae89d30c2b2,adobe_commerce,docs/data/adobe_commerce_v1_alias_groups.csv,45,9ee4f6f21e211d7c002148f8c97d9eb04eb5c0cac532dd1b473da5221e53906b,"Adobe Commerce 2.4.9 / services current at frozen snapshot","Admin REST media_gallery_entries.types",product_capability,thumbnail,alias_group.media_thumbnail_role.thumbnail,"alias_group=media_thumbnail_role;identity_rule=role token inside media entry; related to Import thumbnail_image filename slot; not raw-equal;review=FOURTH_PASS_RESEARCH",not_applicable,adobe:atom:alias:media_thumbnail_role:44,adobe:alias:media_thumbnail_role,ALIAS_REPRESENTATION,Media,alias_with_structured_equivalence,ProviderRepresentation,surface_defined,surface_defined,surface_defined,not_applicable,f0ad588e8879a1294774cb4d8729028f013219cdddc306f09b384d8e7ed0e1ab,adobe-alias:media_thumbnail_role:thumbnail,not_applicable,PROVIDER_VERIFIED,"FOURTH_PASS_RESEARCH; thumbnail image role assignment; role token inside media entry; related to Import thumbnail_image filename slot; not raw-equal"
6864819fbafc260b8fb3a7b976598f649bc9f5ea4842715e36cf4c19f76b3e46,adobe-v1-d2c4cae89d30c2b2,adobe_commerce,docs/data/adobe_commerce_v1_alias_groups.csv,46,f90b0e95febfc462d769d5162b0696296945289a3d9ea92361f3f78cd0733d42,"Adobe Commerce 2.4.9 / services current at frozen snapshot","Import API",product_capability,additional_images,alias_group.media_additional_gallery.additional_images,"alias_group=media_additional_gallery;identity_rule=flat filename list for additional media entries; related to REST media_gallery_entries.file members; not raw-equal;review=FOURTH_PASS_RESEARCH",not_applicable,adobe:atom:alias:media_additional_gallery:45,adobe:alias:media_additional_gallery,ALIAS_REPRESENTATION,Media,alias_with_structured_equivalence,ProviderRepresentation,surface_defined,import_representation,writable,not_applicable,ce5eeb6d669f3455ede3aa27d8e9a609c1053845b652a41189a050755bba2d5c,adobe-alias:media_additional_gallery:additional_images,not_applicable,PROVIDER_VERIFIED,"FOURTH_PASS_RESEARCH; additional media gallery entries; flat filename list for additional media entries; related to REST media_gallery_entries.file members; not raw-equal"
25fa279c42734b1aa2daf48f270791ed588ae1003f4bbf64cc54ceef47975b03,adobe-v1-d2c4cae89d30c2b2,adobe_commerce,docs/data/adobe_commerce_v1_alias_groups.csv,47,f1752f802e2c7dea5f0fb9126dc750d3aaca41823267b65ec684f00eed2b56f9,"Adobe Commerce 2.4.9 / services current at frozen snapshot","Admin REST",product_capability,media_gallery_entries.file,alias_group.media_additional_gallery.media_gallery_entries.file,"alias_group=media_additional_gallery;identity_rule=per-entry file member; additional entries may have empty role types; related to Import additional_images list; not raw-equal;review=FOURTH_PASS_RESEARCH",not_applicable,adobe:atom:alias:media_additional_gallery:46,adobe:alias:media_additional_gallery,ALIAS_REPRESENTATION,Media,alias_with_structured_equivalence,ProviderRepresentation,surface_defined,surface_defined,surface_defined,not_applicable,ce5eeb6d669f3455ede3aa27d8e9a609c1053845b652a41189a050755bba2d5c,adobe-alias:media_additional_gallery:media_gallery_entries.file,not_applicable,PROVIDER_VERIFIED,"FOURTH_PASS_RESEARCH; additional media gallery entries; per-entry file member; additional entries may have empty role types; related to Import additional_images list; not raw-equal"
c03ce1e17039052f7edce9eb99256ad679bfa8283bbd507fd3a01f53e36891a4,adobe-v1-d2c4cae89d30c2b2,adobe_commerce,docs/data/adobe_commerce_v1_alias_groups.csv,48,fe00bd03d8efb75d691a4f97e13a7af7cce2e6fa3e75aaf7657c352fdacf8878,"Adobe Commerce 2.4.9 / services current at frozen snapshot","Import API",product_capability,additional_image_labels,alias_group.media_additional_labels.additional_image_labels,"alias_group=media_additional_labels;identity_rule=flat label list aligned to additional_images; related to REST media_gallery_entries.label members; not raw-equal;review=FOURTH_PASS_RESEARCH",not_applicable,adobe:atom:alias:media_additional_labels:47,adobe:alias:media_additional_labels,ALIAS_REPRESENTATION,Media,alias_with_structured_equivalence,ProviderRepresentation,surface_defined,import_representation,writable,not_applicable,ca0e5dcf6913487a9c38b2659d53392952e4b470cab28bba28306aedd8c8a6c3,adobe-alias:media_additional_labels:additional_image_labels,not_applicable,PROVIDER_VERIFIED,"FOURTH_PASS_RESEARCH; additional media gallery labels; flat label list aligned to additional_images; related to REST media_gallery_entries.label members; not raw-equal"
b4038abd68665653a965e1436fa3331dc10c49142a76faf21eaf8fe97b84702e,adobe-v1-d2c4cae89d30c2b2,adobe_commerce,docs/data/adobe_commerce_v1_alias_groups.csv,49,fc17fe4613c83a4bfc22f839d8322ccf58c7487216679edfba42c8d14e0786dd,"Adobe Commerce 2.4.9 / services current at frozen snapshot","Admin REST",product_capability,media_gallery_entries.label,alias_group.media_additional_labels.media_gallery_entries.label,"alias_group=media_additional_labels;identity_rule=per-entry label member; related to Import additional_image_labels list; not raw-equal;review=FOURTH_PASS_RESEARCH",not_applicable,adobe:atom:alias:media_additional_labels:48,adobe:alias:media_additional_labels,ALIAS_REPRESENTATION,Media,alias_with_structured_equivalence,ProviderRepresentation,surface_defined,surface_defined,surface_defined,not_applicable,ca0e5dcf6913487a9c38b2659d53392952e4b470cab28bba28306aedd8c8a6c3,adobe-alias:media_additional_labels:media_gallery_entries.label,not_applicable,PROVIDER_VERIFIED,"FOURTH_PASS_RESEARCH; additional media gallery labels; per-entry label member; related to Import additional_image_labels list; not raw-equal"
13b7df065f822cd7509fad87978f386fd4321b10dc5e79d10018f38f917ae060,adobe-v1-d2c4cae89d30c2b2,adobe_commerce,docs/data/adobe_commerce_v1_alias_groups.csv,50,e65703d2eff572aeb2dd85c29a3380712de2822881abe3e4086ba4359d95b5a1,"Adobe Commerce 2.4.9 / services current at frozen snapshot","Import API",product_capability,hide_from_product_page,alias_group.media_hidden_from_product_page.hide_from_product_page,"alias_group=media_hidden_from_product_page;identity_rule=flat import media visibility service-data field; related to REST media_gallery_entries.disabled members; not raw-equal;review=FOURTH_PASS_RESEARCH",not_applicable,adobe:atom:alias:media_hidden_from_product_page:49,adobe:alias:media_hidden_from_product_page,ALIAS_REPRESENTATION,Media,alias_with_structured_equivalence,ProviderRepresentation,surface_defined,import_representation,writable,not_applicable,7940c6ebdd0853683d1d287f5df148156e887fb693111758954b8c2f9f6d7df3,adobe-alias:media_hidden_from_product_page:hide_from_product_page,not_applicable,PROVIDER_VERIFIED,"FOURTH_PASS_RESEARCH; additional media storefront visibility; flat import media visibility service-data field; related to REST media_gallery_entries.disabled members; not raw-equal"
87445e86eb1a1e06199b315de8dc57b862a2caef317f56e5ef79bd3b2e7cb44f,adobe-v1-d2c4cae89d30c2b2,adobe_commerce,docs/data/adobe_commerce_v1_alias_groups.csv,51,217cd19a5d5409e62f365a37f33fd6f6a2ce0fb1a53a99330278b11e543f7eb8,"Adobe Commerce 2.4.9 / services current at frozen snapshot","Admin REST",product_capability,media_gallery_entries.disabled,alias_group.media_hidden_from_product_page.media_gallery_entries.disabled,"alias_group=media_hidden_from_product_page;identity_rule=per-entry disabled flag; related to Import hide_from_product_page representation; not raw-equal;review=FOURTH_PASS_RESEARCH",not_applicable,adobe:atom:alias:media_hidden_from_product_page:50,adobe:alias:media_hidden_from_product_page,ALIAS_REPRESENTATION,Media,alias_with_structured_equivalence,ProviderRepresentation,surface_defined,surface_defined,surface_defined,not_applicable,7940c6ebdd0853683d1d287f5df148156e887fb693111758954b8c2f9f6d7df3,adobe-alias:media_hidden_from_product_page:media_gallery_entries.disabled,not_applicable,PROVIDER_VERIFIED,"FOURTH_PASS_RESEARCH; additional media storefront visibility; per-entry disabled flag; related to Import hide_from_product_page representation; not raw-equal"
