coverage_id,snapshot_id,platform,source_file,source_row_ordinal,source_row_sha256,source_schema_version,source_surface,source_object_family,external_key,structured_path,source_context_key,parent_coverage_id,semantic_atom_key,concept_key,disposition,owner_candidate,representation_candidate,entity_level,value_shape,read_semantics,write_semantics,applicability_key,alias_of_coverage_id,evidence_reference,decision_reference,review_status,review_note
ab443bc7e0123c05d0cf8ee4450571261a14ac13fcb753077f4ceff0137ef467,amazon-v1-00d0d7f2b2de0fe0,amazon,docs/data/amazon_product_type_definitions_meta_model_inventory.csv,1,5118d68e9835b1026df1c6978ff98e041a87dcdca5d51f1e51a96b835ec701db,"Product Type Definitions 2020-09-01","Selling Partner API PTD",ProductTypeDefinition,metaSchema,not_applicable,model=ProductTypeDefinition;verified_at=2026-09-07,not_applicable,amazon:atom:producttypedefinition:metaschema,amazon:ptd_meta:producttypedefinition:metaschema,APPLICABILITY_METADATA,ProviderSchemaDiscovery,product_type_schema_applicability,ProviderSchemaDiscovery,structured,schema_discovery_metadata,not_product_write_capability,not_applicable,not_applicable,https://raw.githubusercontent.com/amzn/selling-partner-api-models/main/models/product-type-definitions-api-model/definitionsProductTypes_2020-09-01.json,queue:amazon_ptd_applicability_versioning,DEFERRED_REVIEW,"Amazon provider-local schema evidence; no final cross-platform equivalence or runtime capability asserted."
681b1c0e92b4877df1c6b0147795248ee907ada875192bb00a0b5fbe60ec9086,amazon-v1-00d0d7f2b2de0fe0,amazon,docs/data/amazon_product_type_definitions_meta_model_inventory.csv,2,4da6c27be44b23c3489d56cb7007079ef06a6626c91dc98416cb58395ae96df0,"Product Type Definitions 2020-09-01","Selling Partner API PTD",ProductTypeDefinition,schema,not_applicable,model=ProductTypeDefinition;verified_at=2026-09-07,not_applicable,amazon:atom:producttypedefinition:schema,amazon:ptd_meta:producttypedefinition:schema,APPLICABILITY_METADATA,ProviderSchemaDiscovery,product_type_schema_applicability,ProviderSchemaDiscovery,structured,schema_discovery_metadata,not_product_write_capability,not_applicable,not_applicable,https://raw.githubusercontent.com/amzn/selling-partner-api-models/main/models/product-type-definitions-api-model/definitionsProductTypes_2020-09-01.json,queue:amazon_ptd_applicability_versioning,DEFERRED_REVIEW,"Amazon provider-local schema evidence; no final cross-platform equivalence or runtime capability asserted."
adcbb4ec9cf772515ba53733d279cd5f4ebd49f2649776f1a44ca65647a4c1a3,amazon-v1-00d0d7f2b2de0fe0,amazon,docs/data/amazon_product_type_definitions_meta_model_inventory.csv,3,ef3aa0aa8812fad4e64654b175842b686c8ccc1025f66c3cd9006833cbbf56bd,"Product Type Definitions 2020-09-01","Selling Partner API PTD",ProductTypeDefinition,requirements,not_applicable,model=ProductTypeDefinition;verified_at=2026-09-07,not_applicable,amazon:atom:producttypedefinition:requirements,amazon:ptd_meta:producttypedefinition:requirements,APPLICABILITY_METADATA,ProviderSchemaDiscovery,requirements_set_applicability,ProviderSchemaDiscovery,string,schema_discovery_metadata,not_product_write_capability,not_applicable,not_applicable,https://raw.githubusercontent.com/amzn/selling-partner-api-models/main/models/product-type-definitions-api-model/definitionsProductTypes_2020-09-01.json,queue:amazon_ptd_applicability_versioning,DEFERRED_REVIEW,"Amazon provider-local schema evidence; no final cross-platform equivalence or runtime capability asserted."
d683d2bdd42ccf9f9ca98f2b857fcbdf2720c2d567f4b56fff1f4c1d03bf54fa,amazon-v1-00d0d7f2b2de0fe0,amazon,docs/data/amazon_product_type_definitions_meta_model_inventory.csv,4,797b53809c52d695a8d09357b09ba3a96b2ba1552d77ef8c55cbf56e3ebdd36d,"Product Type Definitions 2020-09-01","Selling Partner API PTD",ProductTypeDefinition,requirementsEnforced,not_applicable,model=ProductTypeDefinition;verified_at=2026-09-07,not_applicable,amazon:atom:producttypedefinition:requirementsenforced,amazon:ptd_meta:producttypedefinition:requirementsenforced,APPLICABILITY_METADATA,ProviderSchemaDiscovery,requirements_set_applicability,ProviderSchemaDiscovery,string,schema_discovery_metadata,not_product_write_capability,not_applicable,not_applicable,https://raw.githubusercontent.com/amzn/selling-partner-api-models/main/models/product-type-definitions-api-model/definitionsProductTypes_2020-09-01.json,queue:amazon_ptd_applicability_versioning,DEFERRED_REVIEW,"Amazon provider-local schema evidence; no final cross-platform equivalence or runtime capability asserted."
c14707372962ca87f99d26aec7fa9f3c38405debabbcc976ef251647df8dd808,amazon-v1-00d0d7f2b2de0fe0,amazon,docs/data/amazon_product_type_definitions_meta_model_inventory.csv,5,9f0b2fb6a15eeb521a0bd4ada4f57a2eee55f7eb7364e160e39a7a24265d7753,"Product Type Definitions 2020-09-01","Selling Partner API PTD",ProductTypeDefinition,propertyGroups,not_applicable,model=ProductTypeDefinition;verified_at=2026-09-07,not_applicable,amazon:atom:producttypedefinition:propertygroups,amazon:ptd_meta:producttypedefinition:propertygroups,APPLICABILITY_METADATA,ProviderSchemaDiscovery,schema_property_grouping,ProviderSchemaDiscovery,structured,schema_discovery_metadata,not_product_write_capability,not_applicable,not_applicable,https://raw.githubusercontent.com/amzn/selling-partner-api-models/main/models/product-type-definitions-api-model/definitionsProductTypes_2020-09-01.json,queue:amazon_ptd_applicability_versioning,DEFERRED_REVIEW,"Amazon provider-local schema evidence; no final cross-platform equivalence or runtime capability asserted."
c0ca36ea806ef7d308c89fdc1dc0b4d1fc094c5994896dc5974d078527f5b63d,amazon-v1-00d0d7f2b2de0fe0,amazon,docs/data/amazon_product_type_definitions_meta_model_inventory.csv,6,17baaeb960a494c9ec87cb64147600ed86e39abe8136af325f0a455706bf58ee,"Product Type Definitions 2020-09-01","Selling Partner API PTD",ProductTypeDefinition,locale,not_applicable,model=ProductTypeDefinition;verified_at=2026-09-07,not_applicable,amazon:atom:producttypedefinition:locale,amazon:ptd_meta:producttypedefinition:locale,APPLICABILITY_METADATA,ProviderSchemaDiscovery,schema_display_localization_metadata,ProviderSchemaDiscovery,string,schema_discovery_metadata,not_product_write_capability,not_applicable,not_applicable,https://raw.githubusercontent.com/amzn/selling-partner-api-models/main/models/product-type-definitions-api-model/definitionsProductTypes_2020-09-01.json,queue:amazon_ptd_applicability_versioning,DEFERRED_REVIEW,"Amazon provider-local schema evidence; no final cross-platform equivalence or runtime capability asserted."
26d994d74020d913665b7a5d253cce27ec4a870c91aad0c2445a506ee6b656c4,amazon-v1-00d0d7f2b2de0fe0,amazon,docs/data/amazon_product_type_definitions_meta_model_inventory.csv,7,adc91e2be3e021d9f65bcad6f1ba31d4c438d6d4892ee2ce5f175081716610ba,"Product Type Definitions 2020-09-01","Selling Partner API PTD",ProductTypeDefinition,marketplaceIds,not_applicable,model=ProductTypeDefinition;verified_at=2026-09-07,not_applicable,amazon:atom:producttypedefinition:marketplaceids,amazon:ptd_meta:producttypedefinition:marketplaceids,APPLICABILITY_METADATA,ProviderSchemaDiscovery,marketplace_applicability,ProviderSchemaDiscovery,list,schema_discovery_metadata,not_product_write_capability,not_applicable,not_applicable,https://raw.githubusercontent.com/amzn/selling-partner-api-models/main/models/product-type-definitions-api-model/definitionsProductTypes_2020-09-01.json,queue:amazon_ptd_applicability_versioning,DEFERRED_REVIEW,"Amazon provider-local schema evidence; no final cross-platform equivalence or runtime capability asserted."
75b909cd7266aaeee9dff71cd73856c19d3c734fcc4476fd1154b4e0aa8d5eb7,amazon-v1-00d0d7f2b2de0fe0,amazon,docs/data/amazon_product_type_definitions_meta_model_inventory.csv,8,cf7c0dd71e38256a8380537d8553f22b4f10173b7e0fe348a1486add2bcc6904,"Product Type Definitions 2020-09-01","Selling Partner API PTD",ProductTypeDefinition,productType,not_applicable,model=ProductTypeDefinition;verified_at=2026-09-07,not_applicable,amazon:atom:producttypedefinition:producttype,amazon:ptd_meta:producttypedefinition:producttype,APPLICABILITY_METADATA,ProviderSchemaDiscovery,product_type_schema_applicability,ProviderSchemaDiscovery,string,schema_discovery_metadata,not_product_write_capability,not_applicable,not_applicable,https://raw.githubusercontent.com/amzn/selling-partner-api-models/main/models/product-type-definitions-api-model/definitionsProductTypes_2020-09-01.json,queue:amazon_ptd_applicability_versioning,DEFERRED_REVIEW,"Amazon provider-local schema evidence; no final cross-platform equivalence or runtime capability asserted."
fd4540975e8b21a9e70c3477ce6eb790d3f29d1c7753b4b8a80a017bc750434f,amazon-v1-00d0d7f2b2de0fe0,amazon,docs/data/amazon_product_type_definitions_meta_model_inventory.csv,9,e718596435d42c22526ab12159aefe70832c7cd73229e62daf5f7b2ce75da7b7,"Product Type Definitions 2020-09-01","Selling Partner API PTD",ProductTypeDefinition,displayName,not_applicable,model=ProductTypeDefinition;verified_at=2026-09-07,not_applicable,amazon:atom:producttypedefinition:displayname,amazon:ptd_meta:producttypedefinition:displayname,APPLICABILITY_METADATA,ProviderSchemaDiscovery,schema_display_localization_metadata,ProviderSchemaDiscovery,string,schema_discovery_metadata,not_product_write_capability,not_applicable,not_applicable,https://raw.githubusercontent.com/amzn/selling-partner-api-models/main/models/product-type-definitions-api-model/definitionsProductTypes_2020-09-01.json,queue:amazon_ptd_applicability_versioning,DEFERRED_REVIEW,"Amazon provider-local schema evidence; no final cross-platform equivalence or runtime capability asserted."
335715fb412734e7fc74581792c62a6050aa13e35b870227734237b9c2e05982,amazon-v1-00d0d7f2b2de0fe0,amazon,docs/data/amazon_product_type_definitions_meta_model_inventory.csv,10,a06aee5ed34e71d1ad20634d3669dd960177b8841f03781c764294bbe21b0734,"Product Type Definitions 2020-09-01","Selling Partner API PTD",ProductTypeDefinition,productTypeVersion,not_applicable,model=ProductTypeDefinition;verified_at=2026-09-07,not_applicable,amazon:atom:producttypedefinition:producttypeversion,amazon:ptd_meta:producttypedefinition:producttypeversion,APPLICABILITY_METADATA,ProviderSchemaDiscovery,schema_version_metadata,ProviderSchemaDiscovery,structured,schema_discovery_metadata,not_product_write_capability,not_applicable,not_applicable,https://raw.githubusercontent.com/amzn/selling-partner-api-models/main/models/product-type-definitions-api-model/definitionsProductTypes_2020-09-01.json,queue:amazon_ptd_applicability_versioning,DEFERRED_REVIEW,"Amazon provider-local schema evidence; no final cross-platform equivalence or runtime capability asserted."
a801e423db439831e04975722488d93de6c6939cb637fd5af0830881a27709c7,amazon-v1-00d0d7f2b2de0fe0,amazon,docs/data/amazon_product_type_definitions_meta_model_inventory.csv,11,259292930ceeccfa648030d6c2ccd360d25bb6808ca770518b45736db4ac0951,"Product Type Definitions 2020-09-01","Selling Partner API PTD",ProductTypeVersion,version,not_applicable,model=ProductTypeVersion;verified_at=2026-09-07,not_applicable,amazon:atom:producttypeversion:version,amazon:ptd_meta:producttypeversion:version,APPLICABILITY_METADATA,ProviderSchemaDiscovery,schema_version_metadata,ProviderSchemaDiscovery,string,schema_discovery_metadata,not_product_write_capability,not_applicable,not_applicable,https://raw.githubusercontent.com/amzn/selling-partner-api-models/main/models/product-type-definitions-api-model/definitionsProductTypes_2020-09-01.json,queue:amazon_ptd_applicability_versioning,DEFERRED_REVIEW,"Amazon provider-local schema evidence; no final cross-platform equivalence or runtime capability asserted."
d11c8c82a0411a25fb98e1b943607c4b3b4a8cd72facfae053cf07257cf25003,amazon-v1-00d0d7f2b2de0fe0,amazon,docs/data/amazon_product_type_definitions_meta_model_inventory.csv,12,527929c4166b4c89ce99d84ae5509c548eeb54f950aa7f9b23faf52ecd0d6287,"Product Type Definitions 2020-09-01","Selling Partner API PTD",ProductTypeVersion,latest,not_applicable,model=ProductTypeVersion;verified_at=2026-09-07,not_applicable,amazon:atom:producttypeversion:latest,amazon:ptd_meta:producttypeversion:latest,APPLICABILITY_METADATA,ProviderSchemaDiscovery,schema_version_metadata,ProviderSchemaDiscovery,boolean,schema_discovery_metadata,not_product_write_capability,not_applicable,not_applicable,https://raw.githubusercontent.com/amzn/selling-partner-api-models/main/models/product-type-definitions-api-model/definitionsProductTypes_2020-09-01.json,queue:amazon_ptd_applicability_versioning,DEFERRED_REVIEW,"Amazon provider-local schema evidence; no final cross-platform equivalence or runtime capability asserted."
f3f633e9091c6a7980745f7378f5220db1d9c5933dad2da06240fb677f264a50,amazon-v1-00d0d7f2b2de0fe0,amazon,docs/data/amazon_product_type_definitions_meta_model_inventory.csv,13,18974b98ddd47a839318ac621384139355a443b9fd73f998bd651a9d888295f3,"Product Type Definitions 2020-09-01","Selling Partner API PTD",ProductTypeVersion,releaseCandidate,not_applicable,model=ProductTypeVersion;verified_at=2026-09-07,not_applicable,amazon:atom:producttypeversion:releasecandidate,amazon:ptd_meta:producttypeversion:releasecandidate,APPLICABILITY_METADATA,ProviderSchemaDiscovery,schema_version_metadata,ProviderSchemaDiscovery,boolean,schema_discovery_metadata,not_product_write_capability,not_applicable,not_applicable,https://raw.githubusercontent.com/amzn/selling-partner-api-models/main/models/product-type-definitions-api-model/definitionsProductTypes_2020-09-01.json,queue:amazon_ptd_applicability_versioning,DEFERRED_REVIEW,"Amazon provider-local schema evidence; no final cross-platform equivalence or runtime capability asserted."
662a769a38656004f9e77ee5e24962e3aaa915d1bc6c58bfd9382c84d105e4df,amazon-v1-00d0d7f2b2de0fe0,amazon,docs/data/amazon_product_type_definitions_meta_model_inventory.csv,14,f0568675bfcdd46d618653e205cd20d87a29ebe77292df8962edf33e8e127ca4,"Product Type Definitions 2020-09-01","Selling Partner API PTD",SchemaLink,link,not_applicable,model=SchemaLink;verified_at=2026-09-07,not_applicable,amazon:atom:schemalink:link,amazon:ptd_meta:schemalink:link,TRANSPORT_MECHANIC,ProviderSchemaDiscovery,schema_retrieval_link,ProviderSchemaDiscovery,structured,schema_discovery_metadata,not_product_write_capability,not_applicable,not_applicable,https://raw.githubusercontent.com/amzn/selling-partner-api-models/main/models/product-type-definitions-api-model/definitionsProductTypes_2020-09-01.json,queue:amazon_ptd_applicability_versioning,DEFERRED_REVIEW,"Amazon provider-local schema evidence; no final cross-platform equivalence or runtime capability asserted."
47ac606ba626d84e1172447d1260db245f06269c0958c8839bb3088dc71c2013,amazon-v1-00d0d7f2b2de0fe0,amazon,docs/data/amazon_product_type_definitions_meta_model_inventory.csv,15,ca4a02d85e27ecb79903937f37446a09f180c4d969d872bfd54a14b5016bcc0e,"Product Type Definitions 2020-09-01","Selling Partner API PTD",SchemaLink,checksum,not_applicable,model=SchemaLink;verified_at=2026-09-07,not_applicable,amazon:atom:schemalink:checksum,amazon:ptd_meta:schemalink:checksum,TRANSPORT_MECHANIC,ProviderSchemaDiscovery,schema_content_checksum,ProviderSchemaDiscovery,string,schema_discovery_metadata,not_product_write_capability,not_applicable,not_applicable,https://raw.githubusercontent.com/amzn/selling-partner-api-models/main/models/product-type-definitions-api-model/definitionsProductTypes_2020-09-01.json,queue:amazon_ptd_applicability_versioning,DEFERRED_REVIEW,"Amazon provider-local schema evidence; no final cross-platform equivalence or runtime capability asserted."
c8ea52599086b60f4c4b57b4c2c45d29feb5076d883ba5d5e2190f116a0d92f9,amazon-v1-00d0d7f2b2de0fe0,amazon,docs/data/amazon_product_type_definitions_meta_model_inventory.csv,16,eb10e7f831bf27d413e72cbe2267ef217a78a99ed130c476c83450d69ee1f3d5,"Product Type Definitions 2020-09-01","Selling Partner API PTD",PropertyGroup,title,not_applicable,model=PropertyGroup;verified_at=2026-09-07,not_applicable,amazon:atom:propertygroup:title,amazon:ptd_meta:propertygroup:title,APPLICABILITY_METADATA,ProviderSchemaDiscovery,schema_display_localization_metadata,ProviderSchemaDiscovery,string,schema_discovery_metadata,not_product_write_capability,not_applicable,not_applicable,https://raw.githubusercontent.com/amzn/selling-partner-api-models/main/models/product-type-definitions-api-model/definitionsProductTypes_2020-09-01.json,queue:amazon_ptd_applicability_versioning,DEFERRED_REVIEW,"Amazon provider-local schema evidence; no final cross-platform equivalence or runtime capability asserted."
00ba851937db68b39cb9b6a7a3001f87a91d60fc208a649c3f9343e59ced4fd3,amazon-v1-00d0d7f2b2de0fe0,amazon,docs/data/amazon_product_type_definitions_meta_model_inventory.csv,17,d58d7d5029169b29ee7838d31ae244223a86e5094250ea79e49c83e019f66ff3,"Product Type Definitions 2020-09-01","Selling Partner API PTD",PropertyGroup,description,not_applicable,model=PropertyGroup;verified_at=2026-09-07,not_applicable,amazon:atom:propertygroup:description,amazon:ptd_meta:propertygroup:description,APPLICABILITY_METADATA,ProviderSchemaDiscovery,schema_display_localization_metadata,ProviderSchemaDiscovery,string,schema_discovery_metadata,not_product_write_capability,not_applicable,not_applicable,https://raw.githubusercontent.com/amzn/selling-partner-api-models/main/models/product-type-definitions-api-model/definitionsProductTypes_2020-09-01.json,queue:amazon_ptd_applicability_versioning,DEFERRED_REVIEW,"Amazon provider-local schema evidence; no final cross-platform equivalence or runtime capability asserted."
bfa1c9686c7ac370bf3e293bc7f70255bf1110d006d3a51769031c9ff5477a20,amazon-v1-00d0d7f2b2de0fe0,amazon,docs/data/amazon_product_type_definitions_meta_model_inventory.csv,18,50987446856f235d700ededb6e1d8d99a71d83b9ca7d3ce6cabb09ccaf226220,"Product Type Definitions 2020-09-01","Selling Partner API PTD",PropertyGroup,propertyNames,not_applicable,model=PropertyGroup;verified_at=2026-09-07,not_applicable,amazon:atom:propertygroup:propertynames,amazon:ptd_meta:propertygroup:propertynames,APPLICABILITY_METADATA,ProviderSchemaDiscovery,schema_property_grouping,ProviderSchemaDiscovery,list,schema_discovery_metadata,not_product_write_capability,not_applicable,not_applicable,https://raw.githubusercontent.com/amzn/selling-partner-api-models/main/models/product-type-definitions-api-model/definitionsProductTypes_2020-09-01.json,queue:amazon_ptd_applicability_versioning,DEFERRED_REVIEW,"Amazon provider-local schema evidence; no final cross-platform equivalence or runtime capability asserted."
a5b9e69fa819641e4863f6878c61690288fab0e2e8c39f29d5cf1f7812a54ee6,amazon-v1-00d0d7f2b2de0fe0,amazon,docs/data/amazon_product_type_definitions_meta_model_inventory.csv,19,c30337d4f819f4f7e46b30a490794e891fab3c1b8bc1454e944b58534864954a,"Product Type Definitions 2020-09-01","Selling Partner API PTD",ProductType,name,not_applicable,model=ProductType;verified_at=2026-09-07,not_applicable,amazon:atom:producttype:name,amazon:ptd_meta:producttype:name,APPLICABILITY_METADATA,ProviderSchemaDiscovery,product_type_schema_applicability,ProviderSchemaDiscovery,string,schema_discovery_metadata,not_product_write_capability,not_applicable,not_applicable,https://raw.githubusercontent.com/amzn/selling-partner-api-models/main/models/product-type-definitions-api-model/definitionsProductTypes_2020-09-01.json,queue:amazon_ptd_applicability_versioning,DEFERRED_REVIEW,"Amazon provider-local schema evidence; no final cross-platform equivalence or runtime capability asserted."
320cf2d954a4518be3607ab4d6fd3b87c1f1fcdfe156c73ea4673cf10f1dc560,amazon-v1-00d0d7f2b2de0fe0,amazon,docs/data/amazon_product_type_definitions_meta_model_inventory.csv,20,2cb94c1b556ef9792159610f1104a781002a7bc0ad67ce04874f45673cec228b,"Product Type Definitions 2020-09-01","Selling Partner API PTD",ProductType,displayName,not_applicable,model=ProductType;verified_at=2026-09-07,not_applicable,amazon:atom:producttype:displayname,amazon:ptd_meta:producttype:displayname,APPLICABILITY_METADATA,ProviderSchemaDiscovery,schema_display_localization_metadata,ProviderSchemaDiscovery,string,schema_discovery_metadata,not_product_write_capability,not_applicable,not_applicable,https://raw.githubusercontent.com/amzn/selling-partner-api-models/main/models/product-type-definitions-api-model/definitionsProductTypes_2020-09-01.json,queue:amazon_ptd_applicability_versioning,DEFERRED_REVIEW,"Amazon provider-local schema evidence; no final cross-platform equivalence or runtime capability asserted."
2549f192e7828b23916f4ccd24f24e39fc1d580a77cc304b540813a6045a6381,amazon-v1-00d0d7f2b2de0fe0,amazon,docs/data/amazon_product_type_definitions_meta_model_inventory.csv,21,04f075d9d5bc5a45847407b705782d417dab560f7170f4a1181f4eaa4a8948d2,"Product Type Definitions 2020-09-01","Selling Partner API PTD",ProductType,marketplaceIds,not_applicable,model=ProductType;verified_at=2026-09-07,not_applicable,amazon:atom:producttype:marketplaceids,amazon:ptd_meta:producttype:marketplaceids,APPLICABILITY_METADATA,ProviderSchemaDiscovery,marketplace_applicability,ProviderSchemaDiscovery,list,schema_discovery_metadata,not_product_write_capability,not_applicable,not_applicable,https://raw.githubusercontent.com/amzn/selling-partner-api-models/main/models/product-type-definitions-api-model/definitionsProductTypes_2020-09-01.json,queue:amazon_ptd_applicability_versioning,DEFERRED_REVIEW,"Amazon provider-local schema evidence; no final cross-platform equivalence or runtime capability asserted."
42d2d5d28d0cc1ed8803ba9a1c67ced557851b166a85f8ae1976d1b36c137bce,amazon-v1-00d0d7f2b2de0fe0,amazon,docs/data/amazon_product_type_definitions_meta_model_inventory.csv,22,a93d326ba66c9895fd88e2aac09a90138e87b5fe6855b755c55e04d1d52e46d5,"Product Type Definitions 2020-09-01","Selling Partner API PTD",ProductTypeList,productTypes,not_applicable,model=ProductTypeList;verified_at=2026-09-07,not_applicable,amazon:atom:producttypelist:producttypes,amazon:ptd_meta:producttypelist:producttypes,APPLICABILITY_METADATA,ProviderSchemaDiscovery,product_type_schema_applicability,ProviderSchemaDiscovery,list,schema_discovery_metadata,not_product_write_capability,not_applicable,not_applicable,https://raw.githubusercontent.com/amzn/selling-partner-api-models/main/models/product-type-definitions-api-model/definitionsProductTypes_2020-09-01.json,queue:amazon_ptd_applicability_versioning,DEFERRED_REVIEW,"Amazon provider-local schema evidence; no final cross-platform equivalence or runtime capability asserted."
0a4cbe5e33a517a0bc4a3b05cf7e76e283f12c319920fd857e46c34c580dd34f,amazon-v1-00d0d7f2b2de0fe0,amazon,docs/data/amazon_product_type_definitions_meta_model_inventory.csv,23,6a54f1a1652ab03f88543adca738854d812c9899a31c6b0b9c0c3d8eb0259b33,"Product Type Definitions 2020-09-01","Selling Partner API PTD",ProductTypeList,productTypeVersion,not_applicable,model=ProductTypeList;verified_at=2026-09-07,not_applicable,amazon:atom:producttypelist:producttypeversion,amazon:ptd_meta:producttypelist:producttypeversion,APPLICABILITY_METADATA,ProviderSchemaDiscovery,schema_version_metadata,ProviderSchemaDiscovery,string,schema_discovery_metadata,not_product_write_capability,not_applicable,not_applicable,https://raw.githubusercontent.com/amzn/selling-partner-api-models/main/models/product-type-definitions-api-model/definitionsProductTypes_2020-09-01.json,queue:amazon_ptd_applicability_versioning,DEFERRED_REVIEW,"Amazon provider-local schema evidence; no final cross-platform equivalence or runtime capability asserted."
1ed4515912cacfb45516143b89cd0be3acfbac78aad5ff79439321bb8448baad,amazon-v1-f3cfa6310484175d,amazon,docs/data/amazon_listings_v1_public_ptd_luggage_inventory.csv,1,aa05e93ce1f47a6ec5a70fe0a4abacffdd66de2a3d5872a8cb743ba92e613328,U8L4z4Ud95N16tZlR7rsmbQ==,"Selling Partner API PTD","LUGGAGE PTD",fulfillment_channel_availability,not_applicable,"product_type=LUGGAGE;marketplace=ATVPDKIKX0DER;requirements=LISTING;property_group=offer;parentage=NONE example;schema_version_token=U8L4z4Ud95N16tZlR7rsmbQ==;classification=seller_offer_or_commercial_domain",not_applicable,amazon:atom:luggage_ptd:fulfillment_channel_availability,amazon:luggage:fulfillment_channel_availability,DOMAIN_CAPABILITY,Availability,amazon_fulfillment_availability,PTDListingProperty,ptd_defined_structured_property,ptd_schema_presence_not_live_listing_read,ptd_conditioned_write_not_unconditional,not_applicable,not_applicable,https://developer-docs.amazon.com/sp-api/lang-en_EN/docs/manage-product-listings-guide#U8L4z4Ud95N16tZlR7rsmbQ==,not_applicable,PROVIDER_VERIFIED,"Amazon provider-local schema evidence; no final cross-platform equivalence or runtime capability asserted."
51c05beeaf9dcad4e69fe27705717318244a91afd4845bb33517b7c4d550a149,amazon-v1-f3cfa6310484175d,amazon,docs/data/amazon_listings_v1_public_ptd_luggage_inventory.csv,2,01a5c0760641ee125d16db25b12fe2b19e587ed059b0d84f01d25f78fc6ed4d4,U8L4z4Ud95N16tZlR7rsmbQ==,"Selling Partner API PTD","LUGGAGE PTD",purchasable_offer,not_applicable,"product_type=LUGGAGE;marketplace=ATVPDKIKX0DER;requirements=LISTING;property_group=offer;parentage=NONE example;schema_version_token=U8L4z4Ud95N16tZlR7rsmbQ==;classification=seller_offer_or_commercial_domain",not_applicable,amazon:atom:luggage_ptd:purchasable_offer,amazon:luggage:purchasable_offer,DOMAIN_CAPABILITY,Pricing,amazon_purchasable_offer_structured_envelope,PTDListingProperty,ptd_defined_structured_property,ptd_schema_presence_not_live_listing_read,ptd_conditioned_write_not_unconditional,not_applicable,not_applicable,https://developer-docs.amazon.com/sp-api/lang-en_EN/docs/manage-product-listings-guide#U8L4z4Ud95N16tZlR7rsmbQ==,queue:amazon_offer_pricing,DEFERRED_REVIEW,"Amazon provider-local schema evidence; no final cross-platform equivalence or runtime capability asserted."
99769ef0fde235fb3f7738c9a535d6b28a275ae9d6f1baf9db3e7d3992aa4520,amazon-v1-f3cfa6310484175d,amazon,docs/data/amazon_listings_v1_public_ptd_luggage_inventory.csv,3,ca7453c735e753220203e6e3ff5e84f389bdf9552c807692bd8b48ecadbabce6,U8L4z4Ud95N16tZlR7rsmbQ==,"Selling Partner API PTD","LUGGAGE PTD",condition_type,not_applicable,"product_type=LUGGAGE;marketplace=ATVPDKIKX0DER;requirements=LISTING;property_group=offer;parentage=NONE example;schema_version_token=U8L4z4Ud95N16tZlR7rsmbQ==;classification=seller_offer_or_commercial_domain",not_applicable,amazon:atom:luggage_ptd:condition_type,amazon:luggage:condition_type,REUSABLE_SEMANTIC,ProductVariantData,product_condition_enum,PTDListingProperty,ptd_defined_structured_property,ptd_schema_presence_not_live_listing_read,ptd_conditioned_write_not_unconditional,not_applicable,not_applicable,https://developer-docs.amazon.com/sp-api/lang-en_EN/docs/manage-product-listings-guide#U8L4z4Ud95N16tZlR7rsmbQ==,not_applicable,PROVIDER_VERIFIED,"Amazon provider-local schema evidence; no final cross-platform equivalence or runtime capability asserted."
ea6f73419d0e94beb59767e2a2681f8912081e02ce8af7a588d981eb1297ea44,amazon-v1-f3cfa6310484175d,amazon,docs/data/amazon_listings_v1_public_ptd_luggage_inventory.csv,4,81700eaf2d1267ff6468bcff4429ea6512102c3516ba1349444655cc3b9fe66f,U8L4z4Ud95N16tZlR7rsmbQ==,"Selling Partner API PTD","LUGGAGE PTD",condition_note,not_applicable,"product_type=LUGGAGE;marketplace=ATVPDKIKX0DER;requirements=LISTING;property_group=offer;parentage=NONE example;schema_version_token=U8L4z4Ud95N16tZlR7rsmbQ==;classification=seller_offer_or_commercial_domain",not_applicable,amazon:atom:luggage_ptd:condition_note,amazon:luggage:condition_note,CHANNEL_SEMANTIC,ListingCondition,amazon_listing_condition_note,PTDListingProperty,ptd_defined_structured_property,ptd_schema_presence_not_live_listing_read,ptd_conditioned_write_not_unconditional,not_applicable,not_applicable,https://developer-docs.amazon.com/sp-api/lang-en_EN/docs/manage-product-listings-guide#U8L4z4Ud95N16tZlR7rsmbQ==,not_applicable,PROVIDER_VERIFIED,"Amazon provider-local schema evidence; no final cross-platform equivalence or runtime capability asserted."
55bd5e32db233bc7bdffbc12d3432ef5be0a4bac592d5c38424759a035916b6e,amazon-v1-f3cfa6310484175d,amazon,docs/data/amazon_listings_v1_public_ptd_luggage_inventory.csv,5,4f4cbbcbeb3094bb272d404bd34adc765e916ec1e37decb2fc0b9e489703fa6e,U8L4z4Ud95N16tZlR7rsmbQ==,"Selling Partner API PTD","LUGGAGE PTD",list_price,not_applicable,"product_type=LUGGAGE;marketplace=ATVPDKIKX0DER;requirements=LISTING;property_group=offer;parentage=NONE example;schema_version_token=U8L4z4Ud95N16tZlR7rsmbQ==;classification=seller_offer_or_commercial_domain",not_applicable,amazon:atom:luggage_ptd:list_price,amazon:luggage:list_price,DOMAIN_CAPABILITY,Pricing,recommended_retail_price_evidence,PTDListingProperty,ptd_defined_structured_property,ptd_schema_presence_not_live_listing_read,ptd_conditioned_write_not_unconditional,not_applicable,not_applicable,https://developer-docs.amazon.com/sp-api/lang-en_EN/docs/manage-product-listings-guide#U8L4z4Ud95N16tZlR7rsmbQ==,not_applicable,PROVIDER_VERIFIED,"Amazon provider-local schema evidence; no final cross-platform equivalence or runtime capability asserted."
fab193fcb6f937b50c666cfe8470ba26193fa2dec75e9110ef799d9f7ef5a10d,amazon-v1-f3cfa6310484175d,amazon,docs/data/amazon_listings_v1_public_ptd_luggage_inventory.csv,6,b0c8b1e716e15e6425ade5bafd187466ff3c3198a99f5022536ef0dd24554be7,U8L4z4Ud95N16tZlR7rsmbQ==,"Selling Partner API PTD","LUGGAGE PTD",product_tax_code,not_applicable,"product_type=LUGGAGE;marketplace=ATVPDKIKX0DER;requirements=LISTING;property_group=offer;parentage=NONE example;schema_version_token=U8L4z4Ud95N16tZlR7rsmbQ==;classification=seller_offer_or_commercial_domain",not_applicable,amazon:atom:luggage_ptd:product_tax_code,amazon:luggage:product_tax_code,DEFER_DECISION,PricingOrCompliance,tax_classification_candidate,PTDListingProperty,ptd_defined_structured_property,ptd_schema_presence_not_live_listing_read,ptd_conditioned_write_not_unconditional,not_applicable,not_applicable,https://developer-docs.amazon.com/sp-api/lang-en_EN/docs/manage-product-listings-guide#U8L4z4Ud95N16tZlR7rsmbQ==,queue:amazon_tax_classification,DEFERRED_REVIEW,"Amazon provider-local schema evidence; no final cross-platform equivalence or runtime capability asserted."
0e3630b639b2193b667deb0c0f6d9144df9e94690da66821cb66d7c71307801c,amazon-v1-f3cfa6310484175d,amazon,docs/data/amazon_listings_v1_public_ptd_luggage_inventory.csv,7,b0ef52c94fe3fc6e55ef14a70a3b943f44b0e1811fb222e6e06843770e1475fe,U8L4z4Ud95N16tZlR7rsmbQ==,"Selling Partner API PTD","LUGGAGE PTD",merchant_release_date,not_applicable,"product_type=LUGGAGE;marketplace=ATVPDKIKX0DER;requirements=LISTING;property_group=offer;parentage=NONE example;schema_version_token=U8L4z4Ud95N16tZlR7rsmbQ==;classification=seller_offer_or_commercial_domain",not_applicable,amazon:atom:luggage_ptd:merchant_release_date,amazon:luggage:merchant_release_date,DOMAIN_CAPABILITY,Availability,merchant_release_availability_date,PTDListingProperty,ptd_defined_structured_property,ptd_schema_presence_not_live_listing_read,ptd_conditioned_write_not_unconditional,not_applicable,not_applicable,https://developer-docs.amazon.com/sp-api/lang-en_EN/docs/manage-product-listings-guide#U8L4z4Ud95N16tZlR7rsmbQ==,not_applicable,PROVIDER_VERIFIED,"Amazon provider-local schema evidence; no final cross-platform equivalence or runtime capability asserted."
5d1007b737a3d2881244d38fa35d7ea7cca35db4554f97531cf15584a4a5a6e6,amazon-v1-f3cfa6310484175d,amazon,docs/data/amazon_listings_v1_public_ptd_luggage_inventory.csv,8,8b7c8d8243b2c3a6fec24aea22a4d3b5692b2e2e75ed7ed01173807f23b744e2,U8L4z4Ud95N16tZlR7rsmbQ==,"Selling Partner API PTD","LUGGAGE PTD",merchant_shipping_group,not_applicable,"product_type=LUGGAGE;marketplace=ATVPDKIKX0DER;requirements=LISTING;property_group=offer;parentage=NONE example;schema_version_token=U8L4z4Ud95N16tZlR7rsmbQ==;classification=seller_offer_or_commercial_domain",not_applicable,amazon:atom:luggage_ptd:merchant_shipping_group,amazon:luggage:merchant_shipping_group,CHANNEL_SEMANTIC,Connector,amazon_shipping_publication_context,PTDListingProperty,ptd_defined_structured_property,ptd_schema_presence_not_live_listing_read,ptd_conditioned_write_not_unconditional,not_applicable,not_applicable,https://developer-docs.amazon.com/sp-api/lang-en_EN/docs/manage-product-listings-guide#U8L4z4Ud95N16tZlR7rsmbQ==,not_applicable,PROVIDER_VERIFIED,"Amazon provider-local schema evidence; no final cross-platform equivalence or runtime capability asserted."
5a0db5ccaede5d8cc9d3155c8cc4e3c9ee56fbd5619c0cc4201b69797cf4ed89,amazon-v1-f3cfa6310484175d,amazon,docs/data/amazon_listings_v1_public_ptd_luggage_inventory.csv,9,d5c05599286dacf60419f63544cce30411f4fe3aa81a7c2677a934a7b42a7910,U8L4z4Ud95N16tZlR7rsmbQ==,"Selling Partner API PTD","LUGGAGE PTD",max_order_quantity,not_applicable,"product_type=LUGGAGE;marketplace=ATVPDKIKX0DER;requirements=LISTING;property_group=offer;parentage=NONE example;schema_version_token=U8L4z4Ud95N16tZlR7rsmbQ==;classification=seller_offer_or_commercial_domain",not_applicable,amazon:atom:luggage_ptd:max_order_quantity,amazon:luggage:max_order_quantity,DEFER_DECISION,ProductOrB2BCommercial,maximum_order_quantity_candidate,PTDListingProperty,ptd_defined_structured_property,ptd_schema_presence_not_live_listing_read,ptd_conditioned_write_not_unconditional,not_applicable,not_applicable,https://developer-docs.amazon.com/sp-api/lang-en_EN/docs/manage-product-listings-guide#U8L4z4Ud95N16tZlR7rsmbQ==,queue:amazon_max_order_quantity,DEFERRED_REVIEW,"Amazon provider-local schema evidence; no final cross-platform equivalence or runtime capability asserted."
5026788d310e1c3e22aa0ac63d3201eb85bef2eb0edec1a15601c2658df4f733,amazon-v1-f3cfa6310484175d,amazon,docs/data/amazon_listings_v1_public_ptd_luggage_inventory.csv,10,60638cd6ba195e016afc9a8460709c852e9167a63889f0b79bfc437c999b3314,U8L4z4Ud95N16tZlR7rsmbQ==,"Selling Partner API PTD","LUGGAGE PTD",gift_options,not_applicable,"product_type=LUGGAGE;marketplace=ATVPDKIKX0DER;requirements=LISTING;property_group=offer;parentage=NONE example;schema_version_token=U8L4z4Ud95N16tZlR7rsmbQ==;classification=seller_offer_or_commercial_domain",not_applicable,amazon:atom:luggage_ptd:gift_options,amazon:luggage:gift_options,DEFER_DECISION,ChannelOrCommercial,gift_options_capability,PTDListingProperty,ptd_defined_structured_property,ptd_schema_presence_not_live_listing_read,ptd_conditioned_write_not_unconditional,not_applicable,not_applicable,https://developer-docs.amazon.com/sp-api/lang-en_EN/docs/manage-product-listings-guide#U8L4z4Ud95N16tZlR7rsmbQ==,queue:amazon_gift_options,DEFERRED_REVIEW,"Amazon provider-local schema evidence; no final cross-platform equivalence or runtime capability asserted."
609d62916c2e5519fc7deec13139e576cb723c8e0ee1257e34b52eb9b793b2e5,amazon-v1-f3cfa6310484175d,amazon,docs/data/amazon_listings_v1_public_ptd_luggage_inventory.csv,11,c33a36078194a8b2beb53bb618a11143d31903d4d244eca1abcf15780d749176,U8L4z4Ud95N16tZlR7rsmbQ==,"Selling Partner API PTD","LUGGAGE PTD",main_offer_image_locator,not_applicable,"product_type=LUGGAGE;marketplace=ATVPDKIKX0DER;requirements=LISTING;property_group=offer;parentage=NONE example;schema_version_token=U8L4z4Ud95N16tZlR7rsmbQ==;classification=seller_offer_or_commercial_domain",not_applicable,amazon:atom:luggage_ptd:main_offer_image_locator,amazon:luggage:offer_media:primary,DOMAIN_CAPABILITY,Media,offer_media_primary,PTDListingProperty,ptd_defined_structured_property,ptd_schema_presence_not_live_listing_read,ptd_conditioned_write_not_unconditional,not_applicable,not_applicable,https://developer-docs.amazon.com/sp-api/lang-en_EN/docs/manage-product-listings-guide#U8L4z4Ud95N16tZlR7rsmbQ==,queue:amazon_offer_product_media,DEFERRED_REVIEW,"Amazon provider-local schema evidence; no final cross-platform equivalence or runtime capability asserted."
a616bd3d102c8a6ad8dddaa59779951abb2f9aaaba2673ba8cf942d99d30cb09,amazon-v1-f3cfa6310484175d,amazon,docs/data/amazon_listings_v1_public_ptd_luggage_inventory.csv,12,07fbf728e281c4d8b72f62c210806af38143bfe71697cd12ae33ca46c7d3de87,U8L4z4Ud95N16tZlR7rsmbQ==,"Selling Partner API PTD","LUGGAGE PTD",other_offer_image_locator_1,not_applicable,"product_type=LUGGAGE;marketplace=ATVPDKIKX0DER;requirements=LISTING;property_group=offer;parentage=NONE example;schema_version_token=U8L4z4Ud95N16tZlR7rsmbQ==;classification=seller_offer_or_commercial_domain",not_applicable,amazon:atom:luggage_ptd:other_offer_image_locator_1,amazon:luggage:offer_media:additional,DOMAIN_CAPABILITY,Media,offer_media_additional,PTDListingProperty,ptd_defined_structured_property,ptd_schema_presence_not_live_listing_read,ptd_conditioned_write_not_unconditional,not_applicable,not_applicable,https://developer-docs.amazon.com/sp-api/lang-en_EN/docs/manage-product-listings-guide#U8L4z4Ud95N16tZlR7rsmbQ==,queue:amazon_offer_product_media,DEFERRED_REVIEW,"Amazon provider-local schema evidence; no final cross-platform equivalence or runtime capability asserted."
86864c6e1434908fb48e57f8527e82414403192eea79422046623b6532210c89,amazon-v1-f3cfa6310484175d,amazon,docs/data/amazon_listings_v1_public_ptd_luggage_inventory.csv,13,f6ab36acc0ce280c3bdd1ce477750774db02e262e43b916a1abc94c901a47b98,U8L4z4Ud95N16tZlR7rsmbQ==,"Selling Partner API PTD","LUGGAGE PTD",other_offer_image_locator_2,not_applicable,"product_type=LUGGAGE;marketplace=ATVPDKIKX0DER;requirements=LISTING;property_group=offer;parentage=NONE example;schema_version_token=U8L4z4Ud95N16tZlR7rsmbQ==;classification=seller_offer_or_commercial_domain",not_applicable,amazon:atom:luggage_ptd:other_offer_image_locator_2,amazon:luggage:offer_media:additional,DOMAIN_CAPABILITY,Media,offer_media_additional,PTDListingProperty,ptd_defined_structured_property,ptd_schema_presence_not_live_listing_read,ptd_conditioned_write_not_unconditional,not_applicable,not_applicable,https://developer-docs.amazon.com/sp-api/lang-en_EN/docs/manage-product-listings-guide#U8L4z4Ud95N16tZlR7rsmbQ==,queue:amazon_offer_product_media,DEFERRED_REVIEW,"Amazon provider-local schema evidence; no final cross-platform equivalence or runtime capability asserted."
bada5a1edfc1e68352c57d3b9841db479a700afb1aa85b7af7bc3dde7bbf80ee,amazon-v1-f3cfa6310484175d,amazon,docs/data/amazon_listings_v1_public_ptd_luggage_inventory.csv,14,9258f6c3ef61b0b470e4760646492371096820fe2d5456c9eef8d14d3c27056e,U8L4z4Ud95N16tZlR7rsmbQ==,"Selling Partner API PTD","LUGGAGE PTD",other_offer_image_locator_3,not_applicable,"product_type=LUGGAGE;marketplace=ATVPDKIKX0DER;requirements=LISTING;property_group=offer;parentage=NONE example;schema_version_token=U8L4z4Ud95N16tZlR7rsmbQ==;classification=seller_offer_or_commercial_domain",not_applicable,amazon:atom:luggage_ptd:other_offer_image_locator_3,amazon:luggage:offer_media:additional,DOMAIN_CAPABILITY,Media,offer_media_additional,PTDListingProperty,ptd_defined_structured_property,ptd_schema_presence_not_live_listing_read,ptd_conditioned_write_not_unconditional,not_applicable,not_applicable,https://developer-docs.amazon.com/sp-api/lang-en_EN/docs/manage-product-listings-guide#U8L4z4Ud95N16tZlR7rsmbQ==,queue:amazon_offer_product_media,DEFERRED_REVIEW,"Amazon provider-local schema evidence; no final cross-platform equivalence or runtime capability asserted."
9a6dddcf054eafd845e6c91918c4422228a5a4514354e54b643256c629cccee4,amazon-v1-f3cfa6310484175d,amazon,docs/data/amazon_listings_v1_public_ptd_luggage_inventory.csv,15,3039f280ce8b5c9aec1b393bd5a61eab33e2c1611e319b3fb887e4394b95f8f7,U8L4z4Ud95N16tZlR7rsmbQ==,"Selling Partner API PTD","LUGGAGE PTD",other_offer_image_locator_4,not_applicable,"product_type=LUGGAGE;marketplace=ATVPDKIKX0DER;requirements=LISTING;property_group=offer;parentage=NONE example;schema_version_token=U8L4z4Ud95N16tZlR7rsmbQ==;classification=seller_offer_or_commercial_domain",not_applicable,amazon:atom:luggage_ptd:other_offer_image_locator_4,amazon:luggage:offer_media:additional,DOMAIN_CAPABILITY,Media,offer_media_additional,PTDListingProperty,ptd_defined_structured_property,ptd_schema_presence_not_live_listing_read,ptd_conditioned_write_not_unconditional,not_applicable,not_applicable,https://developer-docs.amazon.com/sp-api/lang-en_EN/docs/manage-product-listings-guide#U8L4z4Ud95N16tZlR7rsmbQ==,queue:amazon_offer_product_media,DEFERRED_REVIEW,"Amazon provider-local schema evidence; no final cross-platform equivalence or runtime capability asserted."
f30ed40487d1418916433aa0b0a81a526d485b6b425afba360a617f1ab761e94,amazon-v1-f3cfa6310484175d,amazon,docs/data/amazon_listings_v1_public_ptd_luggage_inventory.csv,16,48dda26bd43313bb076d93a36f43d2744b83dc6bb7a668f6684c8dc99def4fd4,U8L4z4Ud95N16tZlR7rsmbQ==,"Selling Partner API PTD","LUGGAGE PTD",other_offer_image_locator_5,not_applicable,"product_type=LUGGAGE;marketplace=ATVPDKIKX0DER;requirements=LISTING;property_group=offer;parentage=NONE example;schema_version_token=U8L4z4Ud95N16tZlR7rsmbQ==;classification=seller_offer_or_commercial_domain",not_applicable,amazon:atom:luggage_ptd:other_offer_image_locator_5,amazon:luggage:offer_media:additional,DOMAIN_CAPABILITY,Media,offer_media_additional,PTDListingProperty,ptd_defined_structured_property,ptd_schema_presence_not_live_listing_read,ptd_conditioned_write_not_unconditional,not_applicable,not_applicable,https://developer-docs.amazon.com/sp-api/lang-en_EN/docs/manage-product-listings-guide#U8L4z4Ud95N16tZlR7rsmbQ==,queue:amazon_offer_product_media,DEFERRED_REVIEW,"Amazon provider-local schema evidence; no final cross-platform equivalence or runtime capability asserted."
753b437fbb8b85a5a08444b7647945fca5f798ad0e905d670766ce19ef17b791,amazon-v1-f3cfa6310484175d,amazon,docs/data/amazon_listings_v1_public_ptd_luggage_inventory.csv,17,030eb9d2f6a1b33f324e1fe8877ddd89bb266f2aa031fe87347385a03883f37c,U8L4z4Ud95N16tZlR7rsmbQ==,"Selling Partner API PTD","LUGGAGE PTD",main_product_image_locator,not_applicable,"product_type=LUGGAGE;marketplace=ATVPDKIKX0DER;requirements=LISTING;property_group=images;parentage=NONE example;schema_version_token=U8L4z4Ud95N16tZlR7rsmbQ==;classification=media_domain",not_applicable,amazon:atom:luggage_ptd:main_product_image_locator,amazon:luggage:product_media:primary,DOMAIN_CAPABILITY,Media,product_media_primary,PTDListingProperty,ptd_defined_structured_property,ptd_schema_presence_not_live_listing_read,ptd_conditioned_write_not_unconditional,not_applicable,not_applicable,https://developer-docs.amazon.com/sp-api/lang-en_EN/docs/manage-product-listings-guide#U8L4z4Ud95N16tZlR7rsmbQ==,queue:amazon_offer_product_media,DEFERRED_REVIEW,"Amazon provider-local schema evidence; no final cross-platform equivalence or runtime capability asserted."
fb7a2b7027ae9f33875c5ce9d05c45d967030cf7457213b73c66181ca949faa9,amazon-v1-f3cfa6310484175d,amazon,docs/data/amazon_listings_v1_public_ptd_luggage_inventory.csv,18,55c92fe9a7314209215c315966dc9b03efa369349055dc16afb842a417833e9c,U8L4z4Ud95N16tZlR7rsmbQ==,"Selling Partner API PTD","LUGGAGE PTD",other_product_image_locator_1,not_applicable,"product_type=LUGGAGE;marketplace=ATVPDKIKX0DER;requirements=LISTING;property_group=images;parentage=NONE example;schema_version_token=U8L4z4Ud95N16tZlR7rsmbQ==;classification=media_domain",not_applicable,amazon:atom:luggage_ptd:other_product_image_locator_1,amazon:luggage:product_media:additional,DOMAIN_CAPABILITY,Media,product_media_additional,PTDListingProperty,ptd_defined_structured_property,ptd_schema_presence_not_live_listing_read,ptd_conditioned_write_not_unconditional,not_applicable,not_applicable,https://developer-docs.amazon.com/sp-api/lang-en_EN/docs/manage-product-listings-guide#U8L4z4Ud95N16tZlR7rsmbQ==,queue:amazon_offer_product_media,DEFERRED_REVIEW,"Amazon provider-local schema evidence; no final cross-platform equivalence or runtime capability asserted."
893700c13749227ddc6552ff69b52b201a1d2bb7e18d561323d66ba95dd96f0b,amazon-v1-f3cfa6310484175d,amazon,docs/data/amazon_listings_v1_public_ptd_luggage_inventory.csv,19,bf4bd89486bcb61af5d7f62e295850554f292a3d1b59d66467a8b63f9605651e,U8L4z4Ud95N16tZlR7rsmbQ==,"Selling Partner API PTD","LUGGAGE PTD",other_product_image_locator_2,not_applicable,"product_type=LUGGAGE;marketplace=ATVPDKIKX0DER;requirements=LISTING;property_group=images;parentage=NONE example;schema_version_token=U8L4z4Ud95N16tZlR7rsmbQ==;classification=media_domain",not_applicable,amazon:atom:luggage_ptd:other_product_image_locator_2,amazon:luggage:product_media:additional,DOMAIN_CAPABILITY,Media,product_media_additional,PTDListingProperty,ptd_defined_structured_property,ptd_schema_presence_not_live_listing_read,ptd_conditioned_write_not_unconditional,not_applicable,not_applicable,https://developer-docs.amazon.com/sp-api/lang-en_EN/docs/manage-product-listings-guide#U8L4z4Ud95N16tZlR7rsmbQ==,queue:amazon_offer_product_media,DEFERRED_REVIEW,"Amazon provider-local schema evidence; no final cross-platform equivalence or runtime capability asserted."
e32824fe030d9d0c3798d0c6806403dda979d34cf01ed0443f1be6467a1b1b89,amazon-v1-f3cfa6310484175d,amazon,docs/data/amazon_listings_v1_public_ptd_luggage_inventory.csv,20,33068f333ea9c396992d9c8829703e644852aaffb1e3bd100fcfb20e81cfb495,U8L4z4Ud95N16tZlR7rsmbQ==,"Selling Partner API PTD","LUGGAGE PTD",other_product_image_locator_3,not_applicable,"product_type=LUGGAGE;marketplace=ATVPDKIKX0DER;requirements=LISTING;property_group=images;parentage=NONE example;schema_version_token=U8L4z4Ud95N16tZlR7rsmbQ==;classification=media_domain",not_applicable,amazon:atom:luggage_ptd:other_product_image_locator_3,amazon:luggage:product_media:additional,DOMAIN_CAPABILITY,Media,product_media_additional,PTDListingProperty,ptd_defined_structured_property,ptd_schema_presence_not_live_listing_read,ptd_conditioned_write_not_unconditional,not_applicable,not_applicable,https://developer-docs.amazon.com/sp-api/lang-en_EN/docs/manage-product-listings-guide#U8L4z4Ud95N16tZlR7rsmbQ==,queue:amazon_offer_product_media,DEFERRED_REVIEW,"Amazon provider-local schema evidence; no final cross-platform equivalence or runtime capability asserted."
179cacb34edb75aa49e93b35353eb29286eeb89cd5b2f76f7b5cd126464ca599,amazon-v1-f3cfa6310484175d,amazon,docs/data/amazon_listings_v1_public_ptd_luggage_inventory.csv,21,995fef9fa693235404c9794fe45cc7266cf1ec750e92c088162da71b41c3c6ee,U8L4z4Ud95N16tZlR7rsmbQ==,"Selling Partner API PTD","LUGGAGE PTD",other_product_image_locator_4,not_applicable,"product_type=LUGGAGE;marketplace=ATVPDKIKX0DER;requirements=LISTING;property_group=images;parentage=NONE example;schema_version_token=U8L4z4Ud95N16tZlR7rsmbQ==;classification=media_domain",not_applicable,amazon:atom:luggage_ptd:other_product_image_locator_4,amazon:luggage:product_media:additional,DOMAIN_CAPABILITY,Media,product_media_additional,PTDListingProperty,ptd_defined_structured_property,ptd_schema_presence_not_live_listing_read,ptd_conditioned_write_not_unconditional,not_applicable,not_applicable,https://developer-docs.amazon.com/sp-api/lang-en_EN/docs/manage-product-listings-guide#U8L4z4Ud95N16tZlR7rsmbQ==,queue:amazon_offer_product_media,DEFERRED_REVIEW,"Amazon provider-local schema evidence; no final cross-platform equivalence or runtime capability asserted."
81b3e2951b76746bf51ae00d167058a260d1a51653d3c181b5ec23d2bd782075,amazon-v1-f3cfa6310484175d,amazon,docs/data/amazon_listings_v1_public_ptd_luggage_inventory.csv,22,0e9d1621fed0d180f85982d6e27187856a39520c92f82a5155703babd21cd161,U8L4z4Ud95N16tZlR7rsmbQ==,"Selling Partner API PTD","LUGGAGE PTD",other_product_image_locator_5,not_applicable,"product_type=LUGGAGE;marketplace=ATVPDKIKX0DER;requirements=LISTING;property_group=images;parentage=NONE example;schema_version_token=U8L4z4Ud95N16tZlR7rsmbQ==;classification=media_domain",not_applicable,amazon:atom:luggage_ptd:other_product_image_locator_5,amazon:luggage:product_media:additional,DOMAIN_CAPABILITY,Media,product_media_additional,PTDListingProperty,ptd_defined_structured_property,ptd_schema_presence_not_live_listing_read,ptd_conditioned_write_not_unconditional,not_applicable,not_applicable,https://developer-docs.amazon.com/sp-api/lang-en_EN/docs/manage-product-listings-guide#U8L4z4Ud95N16tZlR7rsmbQ==,queue:amazon_offer_product_media,DEFERRED_REVIEW,"Amazon provider-local schema evidence; no final cross-platform equivalence or runtime capability asserted."
531493e7484ac98c039dc91ac759137b9e6aca22dfe311c79f500e9808a3fb60,amazon-v1-f3cfa6310484175d,amazon,docs/data/amazon_listings_v1_public_ptd_luggage_inventory.csv,23,57a6e7572f8c812d47272fe8bbb9ef9603390cca6ffabbeabbb809cb30452f62,U8L4z4Ud95N16tZlR7rsmbQ==,"Selling Partner API PTD","LUGGAGE PTD",other_product_image_locator_6,not_applicable,"product_type=LUGGAGE;marketplace=ATVPDKIKX0DER;requirements=LISTING;property_group=images;parentage=NONE example;schema_version_token=U8L4z4Ud95N16tZlR7rsmbQ==;classification=media_domain",not_applicable,amazon:atom:luggage_ptd:other_product_image_locator_6,amazon:luggage:product_media:additional,DOMAIN_CAPABILITY,Media,product_media_additional,PTDListingProperty,ptd_defined_structured_property,ptd_schema_presence_not_live_listing_read,ptd_conditioned_write_not_unconditional,not_applicable,not_applicable,https://developer-docs.amazon.com/sp-api/lang-en_EN/docs/manage-product-listings-guide#U8L4z4Ud95N16tZlR7rsmbQ==,queue:amazon_offer_product_media,DEFERRED_REVIEW,"Amazon provider-local schema evidence; no final cross-platform equivalence or runtime capability asserted."
39a60c27d791326e1c4330a8e63a5164ed9cbc5de5b07cf7fd2ef83c5fed99cb,amazon-v1-f3cfa6310484175d,amazon,docs/data/amazon_listings_v1_public_ptd_luggage_inventory.csv,24,91ca8e8ec5fe8afc4ca6158c475fe3f18f189c9997ec0046ad84813ce2faccd4,U8L4z4Ud95N16tZlR7rsmbQ==,"Selling Partner API PTD","LUGGAGE PTD",other_product_image_locator_7,not_applicable,"product_type=LUGGAGE;marketplace=ATVPDKIKX0DER;requirements=LISTING;property_group=images;parentage=NONE example;schema_version_token=U8L4z4Ud95N16tZlR7rsmbQ==;classification=media_domain",not_applicable,amazon:atom:luggage_ptd:other_product_image_locator_7,amazon:luggage:product_media:additional,DOMAIN_CAPABILITY,Media,product_media_additional,PTDListingProperty,ptd_defined_structured_property,ptd_schema_presence_not_live_listing_read,ptd_conditioned_write_not_unconditional,not_applicable,not_applicable,https://developer-docs.amazon.com/sp-api/lang-en_EN/docs/manage-product-listings-guide#U8L4z4Ud95N16tZlR7rsmbQ==,queue:amazon_offer_product_media,DEFERRED_REVIEW,"Amazon provider-local schema evidence; no final cross-platform equivalence or runtime capability asserted."
4ea32ea7969cf7595990368f87f21bbc3e5d9f8e34cb0354e2288de58adf6ada,amazon-v1-f3cfa6310484175d,amazon,docs/data/amazon_listings_v1_public_ptd_luggage_inventory.csv,25,890252c1eaffe468b2425cb5ef9ee1abd319a186b314eabe096c65f7c830e58f,U8L4z4Ud95N16tZlR7rsmbQ==,"Selling Partner API PTD","LUGGAGE PTD",other_product_image_locator_8,not_applicable,"product_type=LUGGAGE;marketplace=ATVPDKIKX0DER;requirements=LISTING;property_group=images;parentage=NONE example;schema_version_token=U8L4z4Ud95N16tZlR7rsmbQ==;classification=media_domain",not_applicable,amazon:atom:luggage_ptd:other_product_image_locator_8,amazon:luggage:product_media:additional,DOMAIN_CAPABILITY,Media,product_media_additional,PTDListingProperty,ptd_defined_structured_property,ptd_schema_presence_not_live_listing_read,ptd_conditioned_write_not_unconditional,not_applicable,not_applicable,https://developer-docs.amazon.com/sp-api/lang-en_EN/docs/manage-product-listings-guide#U8L4z4Ud95N16tZlR7rsmbQ==,queue:amazon_offer_product_media,DEFERRED_REVIEW,"Amazon provider-local schema evidence; no final cross-platform equivalence or runtime capability asserted."
1327a9a40990e9730da63534d012adbe82ebf82f315bdd39c513b01a3c39f56a,amazon-v1-f3cfa6310484175d,amazon,docs/data/amazon_listings_v1_public_ptd_luggage_inventory.csv,26,af857f80b523e1b574b546074429d7e9d951be3d932afe715a6f4bc81006df43,U8L4z4Ud95N16tZlR7rsmbQ==,"Selling Partner API PTD","LUGGAGE PTD",swatch_product_image_locator,not_applicable,"product_type=LUGGAGE;marketplace=ATVPDKIKX0DER;requirements=LISTING;property_group=images;parentage=NONE example;schema_version_token=U8L4z4Ud95N16tZlR7rsmbQ==;classification=media_domain",not_applicable,amazon:atom:luggage_ptd:swatch_product_image_locator,amazon:luggage:product_media:swatch,DOMAIN_CAPABILITY,Media,product_media_swatch,PTDListingProperty,ptd_defined_structured_property,ptd_schema_presence_not_live_listing_read,ptd_conditioned_write_not_unconditional,not_applicable,not_applicable,https://developer-docs.amazon.com/sp-api/lang-en_EN/docs/manage-product-listings-guide#U8L4z4Ud95N16tZlR7rsmbQ==,queue:amazon_offer_product_media,DEFERRED_REVIEW,"Amazon provider-local schema evidence; no final cross-platform equivalence or runtime capability asserted."
56bde51102f2dcc979e5d3b8c8807c7bf16b4990d15338ae1fc2cdb499cad8d8,amazon-v1-f3cfa6310484175d,amazon,docs/data/amazon_listings_v1_public_ptd_luggage_inventory.csv,27,fadab464b6c54e205e65a5a88b86c7f4f10670146b0dd8a9ccebafea9a000c0a,U8L4z4Ud95N16tZlR7rsmbQ==,"Selling Partner API PTD","LUGGAGE PTD",item_dimensions,not_applicable,"product_type=LUGGAGE;marketplace=ATVPDKIKX0DER;requirements=LISTING;property_group=shipping;parentage=NONE example;schema_version_token=U8L4z4Ud95N16tZlR7rsmbQ==;classification=logistics_domain",not_applicable,amazon:atom:luggage_ptd:item_dimensions,amazon:luggage:item_dimensions,REUSABLE_SEMANTIC,ProductData,item_dimensions,PTDListingProperty,ptd_defined_structured_property,ptd_schema_presence_not_live_listing_read,ptd_conditioned_write_not_unconditional,not_applicable,not_applicable,https://developer-docs.amazon.com/sp-api/lang-en_EN/docs/manage-product-listings-guide#U8L4z4Ud95N16tZlR7rsmbQ==,queue:amazon_item_package_dimensions,DEFERRED_REVIEW,"Amazon provider-local schema evidence; no final cross-platform equivalence or runtime capability asserted."
0575e37d5656ee4cb23a35cd99f4136cd5a0575cc64d4ac44ec5b722028ecce8,amazon-v1-f3cfa6310484175d,amazon,docs/data/amazon_listings_v1_public_ptd_luggage_inventory.csv,28,92da99eb31734a06831886f99e3af0cad4f2c0e4f526acc8db6dade222b936e9,U8L4z4Ud95N16tZlR7rsmbQ==,"Selling Partner API PTD","LUGGAGE PTD",item_package_dimensions,not_applicable,"product_type=LUGGAGE;marketplace=ATVPDKIKX0DER;requirements=LISTING;property_group=shipping;parentage=NONE example;schema_version_token=U8L4z4Ud95N16tZlR7rsmbQ==;classification=logistics_domain",not_applicable,amazon:atom:luggage_ptd:item_package_dimensions,amazon:luggage:item_package_dimensions,DOMAIN_CAPABILITY,PackagingLogistics,package_dimensions,PTDListingProperty,ptd_defined_structured_property,ptd_schema_presence_not_live_listing_read,ptd_conditioned_write_not_unconditional,not_applicable,not_applicable,https://developer-docs.amazon.com/sp-api/lang-en_EN/docs/manage-product-listings-guide#U8L4z4Ud95N16tZlR7rsmbQ==,queue:amazon_item_package_dimensions,DEFERRED_REVIEW,"Amazon provider-local schema evidence; no final cross-platform equivalence or runtime capability asserted."
c157c799d5a532ac9511f0c2745ff6755d3dbf29d91c1804a0d5be830fe2aa23,amazon-v1-f3cfa6310484175d,amazon,docs/data/amazon_listings_v1_public_ptd_luggage_inventory.csv,29,5c3f990400fdbbe8c19b74006d3c2560196e1b21f166dfd2bcf96e29ecc04064,U8L4z4Ud95N16tZlR7rsmbQ==,"Selling Partner API PTD","LUGGAGE PTD",item_package_weight,not_applicable,"product_type=LUGGAGE;marketplace=ATVPDKIKX0DER;requirements=LISTING;property_group=shipping;parentage=NONE example;schema_version_token=U8L4z4Ud95N16tZlR7rsmbQ==;classification=logistics_domain",not_applicable,amazon:atom:luggage_ptd:item_package_weight,amazon:luggage:item_package_weight,DOMAIN_CAPABILITY,PackagingLogistics,package_weight,PTDListingProperty,ptd_defined_structured_property,ptd_schema_presence_not_live_listing_read,ptd_conditioned_write_not_unconditional,not_applicable,not_applicable,https://developer-docs.amazon.com/sp-api/lang-en_EN/docs/manage-product-listings-guide#U8L4z4Ud95N16tZlR7rsmbQ==,queue:amazon_item_package_dimensions,DEFERRED_REVIEW,"Amazon provider-local schema evidence; no final cross-platform equivalence or runtime capability asserted."
9b9c41713fde5a2d41ebc830729b237d04f6c9cc61fd7cbd2d982372bb34661d,amazon-v1-f3cfa6310484175d,amazon,docs/data/amazon_listings_v1_public_ptd_luggage_inventory.csv,30,029e9ca6492c0c137be27e5d491d9d545470bb43cbe69ef2ccc18feb5841a52b,U8L4z4Ud95N16tZlR7rsmbQ==,"Selling Partner API PTD","LUGGAGE PTD",parentage_level,not_applicable,"product_type=LUGGAGE;marketplace=ATVPDKIKX0DER;requirements=LISTING;property_group=variations;parentage=NONE example;schema_version_token=U8L4z4Ud95N16tZlR7rsmbQ==;classification=variant_relationship_schema",not_applicable,amazon:atom:luggage_ptd:parentage_level,amazon:luggage:variant_parentage:parentage_level,DOMAIN_CAPABILITY,VariantComposition,amazon_variant_parentage_schema,PTDListingProperty,ptd_defined_structured_property,ptd_schema_presence_not_live_listing_read,ptd_conditioned_write_not_unconditional,not_applicable,not_applicable,https://developer-docs.amazon.com/sp-api/lang-en_EN/docs/manage-product-listings-guide#U8L4z4Ud95N16tZlR7rsmbQ==,queue:amazon_variant_parentage,DEFERRED_REVIEW,"Amazon provider-local schema evidence; no final cross-platform equivalence or runtime capability asserted."
768d3756c17e9a5e21201cf0b4e566f02711155edf4c42fa06ffc81ca14f6b3f,amazon-v1-f3cfa6310484175d,amazon,docs/data/amazon_listings_v1_public_ptd_luggage_inventory.csv,31,b3e1112691b6cb0132c2cd1d9ec52b456e832011901d55f40dc2398409481782,U8L4z4Ud95N16tZlR7rsmbQ==,"Selling Partner API PTD","LUGGAGE PTD",child_parent_sku_relationship,not_applicable,"product_type=LUGGAGE;marketplace=ATVPDKIKX0DER;requirements=LISTING;property_group=variations;parentage=NONE example;schema_version_token=U8L4z4Ud95N16tZlR7rsmbQ==;classification=variant_relationship_schema",not_applicable,amazon:atom:luggage_ptd:child_parent_sku_relationship,amazon:luggage:variant_parentage:child_parent_sku_relationship,DOMAIN_CAPABILITY,VariantComposition,amazon_variant_parentage_schema,PTDListingProperty,ptd_defined_structured_property,ptd_schema_presence_not_live_listing_read,ptd_conditioned_write_not_unconditional,not_applicable,not_applicable,https://developer-docs.amazon.com/sp-api/lang-en_EN/docs/manage-product-listings-guide#U8L4z4Ud95N16tZlR7rsmbQ==,queue:amazon_variant_parentage,DEFERRED_REVIEW,"Amazon provider-local schema evidence; no final cross-platform equivalence or runtime capability asserted."
9b1a39f398d054e5df949ae9de4f70622a56dab2bc727cee749d2de02ac2abce,amazon-v1-f3cfa6310484175d,amazon,docs/data/amazon_listings_v1_public_ptd_luggage_inventory.csv,32,3690d5494f7ba1c30e4dce8182521ef7b92b88c0e378d5d0ab23cbcfe3977294,U8L4z4Ud95N16tZlR7rsmbQ==,"Selling Partner API PTD","LUGGAGE PTD",variation_theme,not_applicable,"product_type=LUGGAGE;marketplace=ATVPDKIKX0DER;requirements=LISTING;property_group=variations;parentage=NONE example;schema_version_token=U8L4z4Ud95N16tZlR7rsmbQ==;classification=variant_relationship_schema",not_applicable,amazon:atom:luggage_ptd:variation_theme,amazon:luggage:variant_parentage:variation_theme,DOMAIN_CAPABILITY,VariantComposition,amazon_variant_parentage_schema,PTDListingProperty,ptd_defined_structured_property,ptd_schema_presence_not_live_listing_read,ptd_conditioned_write_not_unconditional,not_applicable,not_applicable,https://developer-docs.amazon.com/sp-api/lang-en_EN/docs/manage-product-listings-guide#U8L4z4Ud95N16tZlR7rsmbQ==,queue:amazon_variant_parentage,DEFERRED_REVIEW,"Amazon provider-local schema evidence; no final cross-platform equivalence or runtime capability asserted."
0bdc9cafa9fe2a87f0bb809ec804a259e470023df69deedfecbbd87cb5293466,amazon-v1-f3cfa6310484175d,amazon,docs/data/amazon_listings_v1_public_ptd_luggage_inventory.csv,33,f5fbf8855dc119683d4827928712229b52d3796f7c03c7c5dbb8b8014fca977b,U8L4z4Ud95N16tZlR7rsmbQ==,"Selling Partner API PTD","LUGGAGE PTD",country_of_origin,not_applicable,"product_type=LUGGAGE;marketplace=ATVPDKIKX0DER;requirements=LISTING;property_group=safety_and_compliance;parentage=NONE example;schema_version_token=U8L4z4Ud95N16tZlR7rsmbQ==;classification=compliance_or_specialized_field",not_applicable,amazon:atom:luggage_ptd:country_of_origin,amazon:luggage:country_of_origin,REUSABLE_SEMANTIC,ProductData,country_of_origin_evidence,PTDListingProperty,ptd_defined_structured_property,ptd_schema_presence_not_live_listing_read,ptd_conditioned_write_not_unconditional,not_applicable,not_applicable,https://developer-docs.amazon.com/sp-api/lang-en_EN/docs/manage-product-listings-guide#U8L4z4Ud95N16tZlR7rsmbQ==,not_applicable,PROVIDER_VERIFIED,"Amazon provider-local schema evidence; no final cross-platform equivalence or runtime capability asserted."
8bae6e6c13c2f03fb8f3389048705dd83d604efb96515dbde5dd7829d8d8e864,amazon-v1-f3cfa6310484175d,amazon,docs/data/amazon_listings_v1_public_ptd_luggage_inventory.csv,34,377859752b36334fb565997d149b4a704e24729f7ede0885f6cb4f90034db593,U8L4z4Ud95N16tZlR7rsmbQ==,"Selling Partner API PTD","LUGGAGE PTD",warranty_description,not_applicable,"product_type=LUGGAGE;marketplace=ATVPDKIKX0DER;requirements=LISTING;property_group=safety_and_compliance;parentage=NONE example;schema_version_token=U8L4z4Ud95N16tZlR7rsmbQ==;classification=compliance_or_specialized_field",not_applicable,amazon:atom:luggage_ptd:warranty_description,amazon:luggage:warranty_description,REUSABLE_SEMANTIC,ProductData,warranty_description_evidence,PTDListingProperty,ptd_defined_structured_property,ptd_schema_presence_not_live_listing_read,ptd_conditioned_write_not_unconditional,not_applicable,not_applicable,https://developer-docs.amazon.com/sp-api/lang-en_EN/docs/manage-product-listings-guide#U8L4z4Ud95N16tZlR7rsmbQ==,not_applicable,PROVIDER_VERIFIED,"Amazon provider-local schema evidence; no final cross-platform equivalence or runtime capability asserted."
abf32efef152ad672ba6b4bbc63384e67e23dd027d821f3c313a445ef63690b6,amazon-v1-f3cfa6310484175d,amazon,docs/data/amazon_listings_v1_public_ptd_luggage_inventory.csv,35,7d2dc1ad7bc05f2c476ed2622355509c280346171003fc1b928176438f39c051,U8L4z4Ud95N16tZlR7rsmbQ==,"Selling Partner API PTD","LUGGAGE PTD",batteries_required,not_applicable,"product_type=LUGGAGE;marketplace=ATVPDKIKX0DER;requirements=LISTING;property_group=safety_and_compliance;parentage=NONE example;schema_version_token=U8L4z4Ud95N16tZlR7rsmbQ==;classification=compliance_or_specialized_field",not_applicable,amazon:atom:luggage_ptd:batteries_required,amazon:luggage:compliance:batteries_required,DOMAIN_CAPABILITY,Compliance,regulated_product_source_fact,PTDListingProperty,ptd_defined_structured_property,ptd_schema_presence_not_live_listing_read,ptd_conditioned_write_not_unconditional,not_applicable,not_applicable,https://developer-docs.amazon.com/sp-api/lang-en_EN/docs/manage-product-listings-guide#U8L4z4Ud95N16tZlR7rsmbQ==,queue:amazon_compliance_portability,DEFERRED_REVIEW,"Amazon provider-local schema evidence; no final cross-platform equivalence or runtime capability asserted."
3ebe8c5e095c86bcc2fd7663ddd67c91be32d03d8a53c93561cd8a88df22b712,amazon-v1-f3cfa6310484175d,amazon,docs/data/amazon_listings_v1_public_ptd_luggage_inventory.csv,36,b5ed282cf15e7a9922aea5a9a8639b98952146ed1b08527a346bb6be553dae9e,U8L4z4Ud95N16tZlR7rsmbQ==,"Selling Partner API PTD","LUGGAGE PTD",batteries_included,not_applicable,"product_type=LUGGAGE;marketplace=ATVPDKIKX0DER;requirements=LISTING;property_group=safety_and_compliance;parentage=NONE example;schema_version_token=U8L4z4Ud95N16tZlR7rsmbQ==;classification=compliance_or_specialized_field",not_applicable,amazon:atom:luggage_ptd:batteries_included,amazon:luggage:compliance:batteries_included,DOMAIN_CAPABILITY,Compliance,regulated_product_source_fact,PTDListingProperty,ptd_defined_structured_property,ptd_schema_presence_not_live_listing_read,ptd_conditioned_write_not_unconditional,not_applicable,not_applicable,https://developer-docs.amazon.com/sp-api/lang-en_EN/docs/manage-product-listings-guide#U8L4z4Ud95N16tZlR7rsmbQ==,queue:amazon_compliance_portability,DEFERRED_REVIEW,"Amazon provider-local schema evidence; no final cross-platform equivalence or runtime capability asserted."
e5c77b9d317b1aad90a22c775a995537a304a14de9123e4ff4bd9e1dac258c5f,amazon-v1-f3cfa6310484175d,amazon,docs/data/amazon_listings_v1_public_ptd_luggage_inventory.csv,37,ba2fa5861d2879fc78ce2140cf0ec6a0f65037c31e78dbfd5b7658d173f93a1d,U8L4z4Ud95N16tZlR7rsmbQ==,"Selling Partner API PTD","LUGGAGE PTD",battery,not_applicable,"product_type=LUGGAGE;marketplace=ATVPDKIKX0DER;requirements=LISTING;property_group=safety_and_compliance;parentage=NONE example;schema_version_token=U8L4z4Ud95N16tZlR7rsmbQ==;classification=compliance_or_specialized_field",not_applicable,amazon:atom:luggage_ptd:battery,amazon:luggage:compliance:battery,DOMAIN_CAPABILITY,Compliance,regulated_product_source_fact,PTDListingProperty,ptd_defined_structured_property,ptd_schema_presence_not_live_listing_read,ptd_conditioned_write_not_unconditional,not_applicable,not_applicable,https://developer-docs.amazon.com/sp-api/lang-en_EN/docs/manage-product-listings-guide#U8L4z4Ud95N16tZlR7rsmbQ==,queue:amazon_compliance_portability,DEFERRED_REVIEW,"Amazon provider-local schema evidence; no final cross-platform equivalence or runtime capability asserted."
dd2046e558c8580c93252efc23aa73a6e8117ac9b74bcfe4722879127112dc36,amazon-v1-f3cfa6310484175d,amazon,docs/data/amazon_listings_v1_public_ptd_luggage_inventory.csv,38,26873c99b5796dc94889812e9faf18383969288750778c30940c9438b5ccd8a2,U8L4z4Ud95N16tZlR7rsmbQ==,"Selling Partner API PTD","LUGGAGE PTD",num_batteries,not_applicable,"product_type=LUGGAGE;marketplace=ATVPDKIKX0DER;requirements=LISTING;property_group=safety_and_compliance;parentage=NONE example;schema_version_token=U8L4z4Ud95N16tZlR7rsmbQ==;classification=compliance_or_specialized_field",not_applicable,amazon:atom:luggage_ptd:num_batteries,amazon:luggage:compliance:num_batteries,DOMAIN_CAPABILITY,Compliance,regulated_product_source_fact,PTDListingProperty,ptd_defined_structured_property,ptd_schema_presence_not_live_listing_read,ptd_conditioned_write_not_unconditional,not_applicable,not_applicable,https://developer-docs.amazon.com/sp-api/lang-en_EN/docs/manage-product-listings-guide#U8L4z4Ud95N16tZlR7rsmbQ==,queue:amazon_compliance_portability,DEFERRED_REVIEW,"Amazon provider-local schema evidence; no final cross-platform equivalence or runtime capability asserted."
86ffa4a32639a31b5d4fbceae98062a5c97116623f79b841ed529ef3d055a6a0,amazon-v1-f3cfa6310484175d,amazon,docs/data/amazon_listings_v1_public_ptd_luggage_inventory.csv,39,d4e45d5e3c51ed3e76de1637b353ab6e85025bf37599710cdc951ca609b4293c,U8L4z4Ud95N16tZlR7rsmbQ==,"Selling Partner API PTD","LUGGAGE PTD",number_of_lithium_metal_cells,not_applicable,"product_type=LUGGAGE;marketplace=ATVPDKIKX0DER;requirements=LISTING;property_group=safety_and_compliance;parentage=NONE example;schema_version_token=U8L4z4Ud95N16tZlR7rsmbQ==;classification=compliance_or_specialized_field",not_applicable,amazon:atom:luggage_ptd:number_of_lithium_metal_cells,amazon:luggage:compliance:number_of_lithium_metal_cells,DOMAIN_CAPABILITY,Compliance,regulated_product_source_fact,PTDListingProperty,ptd_defined_structured_property,ptd_schema_presence_not_live_listing_read,ptd_conditioned_write_not_unconditional,not_applicable,not_applicable,https://developer-docs.amazon.com/sp-api/lang-en_EN/docs/manage-product-listings-guide#U8L4z4Ud95N16tZlR7rsmbQ==,queue:amazon_compliance_portability,DEFERRED_REVIEW,"Amazon provider-local schema evidence; no final cross-platform equivalence or runtime capability asserted."
b4c65cfc3e968eed7aadfb3df900d8933899b3441e51a7e5f5557437a42c0fd4,amazon-v1-f3cfa6310484175d,amazon,docs/data/amazon_listings_v1_public_ptd_luggage_inventory.csv,40,d53a8c7b6f6c405fc68e4dd54eb52f8d015b4200fe3b7041db48af2eab5c034d,U8L4z4Ud95N16tZlR7rsmbQ==,"Selling Partner API PTD","LUGGAGE PTD",number_of_lithium_ion_cells,not_applicable,"product_type=LUGGAGE;marketplace=ATVPDKIKX0DER;requirements=LISTING;property_group=safety_and_compliance;parentage=NONE example;schema_version_token=U8L4z4Ud95N16tZlR7rsmbQ==;classification=compliance_or_specialized_field",not_applicable,amazon:atom:luggage_ptd:number_of_lithium_ion_cells,amazon:luggage:compliance:number_of_lithium_ion_cells,DOMAIN_CAPABILITY,Compliance,regulated_product_source_fact,PTDListingProperty,ptd_defined_structured_property,ptd_schema_presence_not_live_listing_read,ptd_conditioned_write_not_unconditional,not_applicable,not_applicable,https://developer-docs.amazon.com/sp-api/lang-en_EN/docs/manage-product-listings-guide#U8L4z4Ud95N16tZlR7rsmbQ==,queue:amazon_compliance_portability,DEFERRED_REVIEW,"Amazon provider-local schema evidence; no final cross-platform equivalence or runtime capability asserted."
02919b9c4588122932a87511b4ded25aab8acb1f2a50fc7170b6005dec50ca46,amazon-v1-f3cfa6310484175d,amazon,docs/data/amazon_listings_v1_public_ptd_luggage_inventory.csv,41,c2026eeca7b2b7bd9b6a7fb858626eafd1c5fa8da255393de304cfc4e12bee9c,U8L4z4Ud95N16tZlR7rsmbQ==,"Selling Partner API PTD","LUGGAGE PTD",lithium_battery,not_applicable,"product_type=LUGGAGE;marketplace=ATVPDKIKX0DER;requirements=LISTING;property_group=safety_and_compliance;parentage=NONE example;schema_version_token=U8L4z4Ud95N16tZlR7rsmbQ==;classification=compliance_or_specialized_field",not_applicable,amazon:atom:luggage_ptd:lithium_battery,amazon:luggage:compliance:lithium_battery,DOMAIN_CAPABILITY,Compliance,regulated_product_source_fact,PTDListingProperty,ptd_defined_structured_property,ptd_schema_presence_not_live_listing_read,ptd_conditioned_write_not_unconditional,not_applicable,not_applicable,https://developer-docs.amazon.com/sp-api/lang-en_EN/docs/manage-product-listings-guide#U8L4z4Ud95N16tZlR7rsmbQ==,queue:amazon_compliance_portability,DEFERRED_REVIEW,"Amazon provider-local schema evidence; no final cross-platform equivalence or runtime capability asserted."
28fffae9481c8703a7ce6fe9340e776ba4682491d528330748b16ec11217d39a,amazon-v1-f3cfa6310484175d,amazon,docs/data/amazon_listings_v1_public_ptd_luggage_inventory.csv,42,632185bba4b66c9c9170566152e5d869c5e1ee6a9692e7e4003fec0e3a9d0247,U8L4z4Ud95N16tZlR7rsmbQ==,"Selling Partner API PTD","LUGGAGE PTD",supplier_declared_dg_hz_regulation,not_applicable,"product_type=LUGGAGE;marketplace=ATVPDKIKX0DER;requirements=LISTING;property_group=safety_and_compliance;parentage=NONE example;schema_version_token=U8L4z4Ud95N16tZlR7rsmbQ==;classification=compliance_or_specialized_field",not_applicable,amazon:atom:luggage_ptd:supplier_declared_dg_hz_regulation,amazon:luggage:compliance:supplier_declared_dg_hz_regulation,DOMAIN_CAPABILITY,Compliance,regulated_product_source_fact,PTDListingProperty,ptd_defined_structured_property,ptd_schema_presence_not_live_listing_read,ptd_conditioned_write_not_unconditional,not_applicable,not_applicable,https://developer-docs.amazon.com/sp-api/lang-en_EN/docs/manage-product-listings-guide#U8L4z4Ud95N16tZlR7rsmbQ==,queue:amazon_compliance_portability,DEFERRED_REVIEW,"Amazon provider-local schema evidence; no final cross-platform equivalence or runtime capability asserted."
ddc69b09e04112fc13b6f4ae6c745385623aed9587ec29bb2b1f95b4f587fe06,amazon-v1-f3cfa6310484175d,amazon,docs/data/amazon_listings_v1_public_ptd_luggage_inventory.csv,43,d1d498934a7bd53b46eb3534c180da31ea5f30d82fe1df41b29ad12081ff25da,U8L4z4Ud95N16tZlR7rsmbQ==,"Selling Partner API PTD","LUGGAGE PTD",hazmat,not_applicable,"product_type=LUGGAGE;marketplace=ATVPDKIKX0DER;requirements=LISTING;property_group=safety_and_compliance;parentage=NONE example;schema_version_token=U8L4z4Ud95N16tZlR7rsmbQ==;classification=compliance_or_specialized_field",not_applicable,amazon:atom:luggage_ptd:hazmat,amazon:luggage:compliance:hazmat,DOMAIN_CAPABILITY,Compliance,regulated_product_source_fact,PTDListingProperty,ptd_defined_structured_property,ptd_schema_presence_not_live_listing_read,ptd_conditioned_write_not_unconditional,not_applicable,not_applicable,https://developer-docs.amazon.com/sp-api/lang-en_EN/docs/manage-product-listings-guide#U8L4z4Ud95N16tZlR7rsmbQ==,queue:amazon_compliance_portability,DEFERRED_REVIEW,"Amazon provider-local schema evidence; no final cross-platform equivalence or runtime capability asserted."
3ee43f5271e89715e9cc88fd24f9f638411e9af5bfe959ef1bd7f0a2437d0c2c,amazon-v1-f3cfa6310484175d,amazon,docs/data/amazon_listings_v1_public_ptd_luggage_inventory.csv,44,7cba87d1948cd66d66e57156115e1dcda6133e55df659a46a0bf787af50bea56,U8L4z4Ud95N16tZlR7rsmbQ==,"Selling Partner API PTD","LUGGAGE PTD",safety_data_sheet_url,not_applicable,"product_type=LUGGAGE;marketplace=ATVPDKIKX0DER;requirements=LISTING;property_group=safety_and_compliance;parentage=NONE example;schema_version_token=U8L4z4Ud95N16tZlR7rsmbQ==;classification=compliance_or_specialized_field",not_applicable,amazon:atom:luggage_ptd:safety_data_sheet_url,amazon:luggage:safety_data_sheet_url,DOMAIN_CAPABILITY,ComplianceMedia,safety_data_sheet_document_reference,PTDListingProperty,ptd_defined_structured_property,ptd_schema_presence_not_live_listing_read,ptd_conditioned_write_not_unconditional,not_applicable,not_applicable,https://developer-docs.amazon.com/sp-api/lang-en_EN/docs/manage-product-listings-guide#U8L4z4Ud95N16tZlR7rsmbQ==,queue:amazon_compliance_portability,DEFERRED_REVIEW,"Amazon provider-local schema evidence; no final cross-platform equivalence or runtime capability asserted."
ef4e04790f551a51749f17e4149dbe8e8f538a16bcdda8d398f2540027966d18,amazon-v1-f3cfa6310484175d,amazon,docs/data/amazon_listings_v1_public_ptd_luggage_inventory.csv,45,7adeb1286acece3375e6bc3c7e9b316443aff4653488e1dd42e13539c4a62787,U8L4z4Ud95N16tZlR7rsmbQ==,"Selling Partner API PTD","LUGGAGE PTD",item_weight,not_applicable,"product_type=LUGGAGE;marketplace=ATVPDKIKX0DER;requirements=LISTING;property_group=safety_and_compliance;parentage=NONE example;schema_version_token=U8L4z4Ud95N16tZlR7rsmbQ==;classification=compliance_or_specialized_field",not_applicable,amazon:atom:luggage_ptd:item_weight,amazon:luggage:item_weight,REUSABLE_SEMANTIC,ProductData,item_weight,PTDListingProperty,ptd_defined_structured_property,ptd_schema_presence_not_live_listing_read,ptd_conditioned_write_not_unconditional,not_applicable,not_applicable,https://developer-docs.amazon.com/sp-api/lang-en_EN/docs/manage-product-listings-guide#U8L4z4Ud95N16tZlR7rsmbQ==,queue:amazon_item_package_dimensions,DEFERRED_REVIEW,"Amazon provider-local schema evidence; no final cross-platform equivalence or runtime capability asserted."
091bf90adf1adeb298a55d4a80f1b97b928e9d32c9fb52f788df5df2c3ce6d56,amazon-v1-f3cfa6310484175d,amazon,docs/data/amazon_listings_v1_public_ptd_luggage_inventory.csv,46,e89e44a757ed8980c569fb9e13073d0a575d4d1503652d4fc97d02b5370305e0,U8L4z4Ud95N16tZlR7rsmbQ==,"Selling Partner API PTD","LUGGAGE PTD",ghs,not_applicable,"product_type=LUGGAGE;marketplace=ATVPDKIKX0DER;requirements=LISTING;property_group=safety_and_compliance;parentage=NONE example;schema_version_token=U8L4z4Ud95N16tZlR7rsmbQ==;classification=compliance_or_specialized_field",not_applicable,amazon:atom:luggage_ptd:ghs,amazon:luggage:compliance:ghs,DOMAIN_CAPABILITY,Compliance,regulated_product_source_fact,PTDListingProperty,ptd_defined_structured_property,ptd_schema_presence_not_live_listing_read,ptd_conditioned_write_not_unconditional,not_applicable,not_applicable,https://developer-docs.amazon.com/sp-api/lang-en_EN/docs/manage-product-listings-guide#U8L4z4Ud95N16tZlR7rsmbQ==,queue:amazon_compliance_portability,DEFERRED_REVIEW,"Amazon provider-local schema evidence; no final cross-platform equivalence or runtime capability asserted."
cf2c754122f8780ed42f6d909b8caf29a252701d44bfbd1c69871a92abcf2c3a,amazon-v1-f3cfa6310484175d,amazon,docs/data/amazon_listings_v1_public_ptd_luggage_inventory.csv,47,fb3ba7861b35a0a7080f96c534f52b37f31ba07a983e7279350f7eddb6787971,U8L4z4Ud95N16tZlR7rsmbQ==,"Selling Partner API PTD","LUGGAGE PTD",supplier_declared_material_regulation,not_applicable,"product_type=LUGGAGE;marketplace=ATVPDKIKX0DER;requirements=LISTING;property_group=safety_and_compliance;parentage=NONE example;schema_version_token=U8L4z4Ud95N16tZlR7rsmbQ==;classification=compliance_or_specialized_field",not_applicable,amazon:atom:luggage_ptd:supplier_declared_material_regulation,amazon:luggage:compliance:supplier_declared_material_regulation,DOMAIN_CAPABILITY,Compliance,regulated_product_source_fact,PTDListingProperty,ptd_defined_structured_property,ptd_schema_presence_not_live_listing_read,ptd_conditioned_write_not_unconditional,not_applicable,not_applicable,https://developer-docs.amazon.com/sp-api/lang-en_EN/docs/manage-product-listings-guide#U8L4z4Ud95N16tZlR7rsmbQ==,queue:amazon_compliance_portability,DEFERRED_REVIEW,"Amazon provider-local schema evidence; no final cross-platform equivalence or runtime capability asserted."
981287d17881f30c7b728a0872ab258b4640d268958e86bd79966dda55c21f02,amazon-v1-f3cfa6310484175d,amazon,docs/data/amazon_listings_v1_public_ptd_luggage_inventory.csv,48,db84b4b1aa627ca6d4700efd417a5ae106558ed9a10dca0a5f89abdde86ecc28,U8L4z4Ud95N16tZlR7rsmbQ==,"Selling Partner API PTD","LUGGAGE PTD",california_proposition_65,not_applicable,"product_type=LUGGAGE;marketplace=ATVPDKIKX0DER;requirements=LISTING;property_group=safety_and_compliance;parentage=NONE example;schema_version_token=U8L4z4Ud95N16tZlR7rsmbQ==;classification=compliance_or_specialized_field",not_applicable,amazon:atom:luggage_ptd:california_proposition_65,amazon:luggage:compliance:california_proposition_65,DOMAIN_CAPABILITY,Compliance,regulated_product_source_fact,PTDListingProperty,ptd_defined_structured_property,ptd_schema_presence_not_live_listing_read,ptd_conditioned_write_not_unconditional,not_applicable,not_applicable,https://developer-docs.amazon.com/sp-api/lang-en_EN/docs/manage-product-listings-guide#U8L4z4Ud95N16tZlR7rsmbQ==,queue:amazon_compliance_portability,DEFERRED_REVIEW,"Amazon provider-local schema evidence; no final cross-platform equivalence or runtime capability asserted."
be276ded2b99d12aac8f3975853a9e351a086f76008b53c1367d68c1c087531e,amazon-v1-f3cfa6310484175d,amazon,docs/data/amazon_listings_v1_public_ptd_luggage_inventory.csv,49,e7910065f93ec97ad4777b450f9272a7a81514326ca9b60d6492e25d44af7cd9,U8L4z4Ud95N16tZlR7rsmbQ==,"Selling Partner API PTD","LUGGAGE PTD",pesticide_marking,not_applicable,"product_type=LUGGAGE;marketplace=ATVPDKIKX0DER;requirements=LISTING;property_group=safety_and_compliance;parentage=NONE example;schema_version_token=U8L4z4Ud95N16tZlR7rsmbQ==;classification=compliance_or_specialized_field",not_applicable,amazon:atom:luggage_ptd:pesticide_marking,amazon:luggage:compliance:pesticide_marking,DOMAIN_CAPABILITY,Compliance,regulated_product_source_fact,PTDListingProperty,ptd_defined_structured_property,ptd_schema_presence_not_live_listing_read,ptd_conditioned_write_not_unconditional,not_applicable,not_applicable,https://developer-docs.amazon.com/sp-api/lang-en_EN/docs/manage-product-listings-guide#U8L4z4Ud95N16tZlR7rsmbQ==,queue:amazon_compliance_portability,DEFERRED_REVIEW,"Amazon provider-local schema evidence; no final cross-platform equivalence or runtime capability asserted."
abf3e2e79bf474ae8e585b067a75286037af23937bb8be93f9972fee2027f8da,amazon-v1-f3cfa6310484175d,amazon,docs/data/amazon_listings_v1_public_ptd_luggage_inventory.csv,50,dd0ea529f60440d1b9b4b5d7e23b7066e1d1e753e550b988f1a46877866189b6,U8L4z4Ud95N16tZlR7rsmbQ==,"Selling Partner API PTD","LUGGAGE PTD",item_name,not_applicable,"product_type=LUGGAGE;marketplace=ATVPDKIKX0DER;requirements=LISTING;property_group=product_identity;parentage=NONE example;schema_version_token=U8L4z4Ud95N16tZlR7rsmbQ==;classification=product_identity_or_semantic",not_applicable,amazon:atom:luggage_ptd:item_name,amazon:luggage:item_name,REUSABLE_SEMANTIC,ProductData,item_name,PTDListingProperty,ptd_defined_structured_property,ptd_schema_presence_not_live_listing_read,ptd_conditioned_write_not_unconditional,not_applicable,not_applicable,https://developer-docs.amazon.com/sp-api/lang-en_EN/docs/manage-product-listings-guide#U8L4z4Ud95N16tZlR7rsmbQ==,not_applicable,PROVIDER_VERIFIED,"Amazon provider-local schema evidence; no final cross-platform equivalence or runtime capability asserted."
31bc62eb41d943bf2c76d8904ed46fb1062bea9ba13f2cde11ca6cddead7987c,amazon-v1-f3cfa6310484175d,amazon,docs/data/amazon_listings_v1_public_ptd_luggage_inventory.csv,51,f05b43a0375d872754a6dcaaf6e01b4f861f94aeb28037bec516c5f082c1ed6d,U8L4z4Ud95N16tZlR7rsmbQ==,"Selling Partner API PTD","LUGGAGE PTD",brand,not_applicable,"product_type=LUGGAGE;marketplace=ATVPDKIKX0DER;requirements=LISTING;property_group=product_identity;parentage=NONE example;schema_version_token=U8L4z4Ud95N16tZlR7rsmbQ==;classification=product_identity_or_semantic",not_applicable,amazon:atom:luggage_ptd:brand,amazon:luggage:brand,REUSABLE_SEMANTIC,ProductData,brand,PTDListingProperty,ptd_defined_structured_property,ptd_schema_presence_not_live_listing_read,ptd_conditioned_write_not_unconditional,not_applicable,not_applicable,https://developer-docs.amazon.com/sp-api/lang-en_EN/docs/manage-product-listings-guide#U8L4z4Ud95N16tZlR7rsmbQ==,not_applicable,PROVIDER_VERIFIED,"Amazon provider-local schema evidence; no final cross-platform equivalence or runtime capability asserted."
bd3b31af4ed80e240e11ff5ef834d2664b4d2f3503920789301825f38b4f1a01,amazon-v1-f3cfa6310484175d,amazon,docs/data/amazon_listings_v1_public_ptd_luggage_inventory.csv,52,ba40b81ac6f6d7078ee5e7a556c2c94fec4f5f112a35b20593f9072622221944,U8L4z4Ud95N16tZlR7rsmbQ==,"Selling Partner API PTD","LUGGAGE PTD",supplier_declared_has_product_identifier_exemption,not_applicable,"product_type=LUGGAGE;marketplace=ATVPDKIKX0DER;requirements=LISTING;property_group=product_identity;parentage=NONE example;schema_version_token=U8L4z4Ud95N16tZlR7rsmbQ==;classification=product_identity_or_semantic",not_applicable,amazon:atom:luggage_ptd:supplier_declared_has_product_identifier_exemption,amazon:luggage:supplier_declared_has_product_identifier_exemption,CHANNEL_SEMANTIC,ConnectorGovernance,amazon_identifier_exemption_governance,PTDListingProperty,ptd_defined_structured_property,ptd_schema_presence_not_live_listing_read,ptd_conditioned_write_not_unconditional,not_applicable,not_applicable,https://developer-docs.amazon.com/sp-api/lang-en_EN/docs/manage-product-listings-guide#U8L4z4Ud95N16tZlR7rsmbQ==,queue:amazon_identifier_exemption,DEFERRED_REVIEW,"Amazon provider-local schema evidence; no final cross-platform equivalence or runtime capability asserted."
470a3b7863eb0a9d7f6fa383372da9de2f182162a52f86c12394e16970f32644,amazon-v1-f3cfa6310484175d,amazon,docs/data/amazon_listings_v1_public_ptd_luggage_inventory.csv,53,4ab7978c95fcf49dfb48b7d23c79b7b9a96a4d3494c50d9b1b8e74f5556c5988,U8L4z4Ud95N16tZlR7rsmbQ==,"Selling Partner API PTD","LUGGAGE PTD",externally_assigned_product_identifier,not_applicable,"product_type=LUGGAGE;marketplace=ATVPDKIKX0DER;requirements=LISTING;property_group=product_identity;parentage=NONE example;schema_version_token=U8L4z4Ud95N16tZlR7rsmbQ==;classification=product_identity_or_semantic",not_applicable,amazon:atom:luggage_ptd:externally_assigned_product_identifier,amazon:luggage:externally_assigned_product_identifier,REUSABLE_SEMANTIC,ProductVariantData,commercial_identifier_gtin_family,PTDListingProperty,ptd_defined_structured_property,ptd_schema_presence_not_live_listing_read,ptd_conditioned_write_not_unconditional,not_applicable,not_applicable,https://developer-docs.amazon.com/sp-api/lang-en_EN/docs/manage-product-listings-guide#U8L4z4Ud95N16tZlR7rsmbQ==,not_applicable,PROVIDER_VERIFIED,"Amazon provider-local schema evidence; no final cross-platform equivalence or runtime capability asserted."
cbbb2a6e1d8650961ef7b2b27ad2c8ff8f99d5e92da3201c7fe9c1afdb1f76b4,amazon-v1-f3cfa6310484175d,amazon,docs/data/amazon_listings_v1_public_ptd_luggage_inventory.csv,54,73dbdb63bca8d206816453ad64e60160267b7f991409809232350b087ecb8149,U8L4z4Ud95N16tZlR7rsmbQ==,"Selling Partner API PTD","LUGGAGE PTD",merchant_suggested_asin,not_applicable,"product_type=LUGGAGE;marketplace=ATVPDKIKX0DER;requirements=LISTING;property_group=product_identity;parentage=NONE example;schema_version_token=U8L4z4Ud95N16tZlR7rsmbQ==;classification=product_identity_or_semantic",not_applicable,amazon:atom:luggage_ptd:merchant_suggested_asin,amazon:luggage:merchant_suggested_asin,CHANNEL_SEMANTIC,ConnectorIdentityReference,seller_suggested_asin_not_established_identity,PTDListingProperty,ptd_defined_structured_property,ptd_schema_presence_not_live_listing_read,ptd_conditioned_write_not_unconditional,not_applicable,not_applicable,https://developer-docs.amazon.com/sp-api/lang-en_EN/docs/manage-product-listings-guide#U8L4z4Ud95N16tZlR7rsmbQ==,queue:amazon_suggested_asin_identity,DEFERRED_REVIEW,"Amazon provider-local schema evidence; no final cross-platform equivalence or runtime capability asserted."
033119f8943a5108fb53417caf160ec2c6c247965ba07e188075b429a13cb7ab,amazon-v1-f3cfa6310484175d,amazon,docs/data/amazon_listings_v1_public_ptd_luggage_inventory.csv,55,f993e91702022356d6e68fa1a8733388f737591c22a62d27329b524bbf69379a,U8L4z4Ud95N16tZlR7rsmbQ==,"Selling Partner API PTD","LUGGAGE PTD",item_type_keyword,not_applicable,"product_type=LUGGAGE;marketplace=ATVPDKIKX0DER;requirements=LISTING;property_group=product_identity;parentage=NONE example;schema_version_token=U8L4z4Ud95N16tZlR7rsmbQ==;classification=product_identity_or_semantic",not_applicable,amazon:atom:luggage_ptd:item_type_keyword,amazon:luggage:amazon_taxonomy:item_type_keyword,CHANNEL_SEMANTIC,ConnectorTaxonomy,amazon_taxonomy_context,PTDListingProperty,ptd_defined_structured_property,ptd_schema_presence_not_live_listing_read,ptd_conditioned_write_not_unconditional,not_applicable,not_applicable,https://developer-docs.amazon.com/sp-api/lang-en_EN/docs/manage-product-listings-guide#U8L4z4Ud95N16tZlR7rsmbQ==,queue:amazon_taxonomy_category,DEFERRED_REVIEW,"Amazon provider-local schema evidence; no final cross-platform equivalence or runtime capability asserted."
5f60e862e7a21d3c191d4a8274c91bef708f929846c436d0b9211cb8f051adf4,amazon-v1-f3cfa6310484175d,amazon,docs/data/amazon_listings_v1_public_ptd_luggage_inventory.csv,56,fd06d7ee6d474844a6fc582e07eea7b13094f384952a505738e527af25c64274,U8L4z4Ud95N16tZlR7rsmbQ==,"Selling Partner API PTD","LUGGAGE PTD",item_type_name,not_applicable,"product_type=LUGGAGE;marketplace=ATVPDKIKX0DER;requirements=LISTING;property_group=product_identity;parentage=NONE example;schema_version_token=U8L4z4Ud95N16tZlR7rsmbQ==;classification=product_identity_or_semantic",not_applicable,amazon:atom:luggage_ptd:item_type_name,amazon:luggage:amazon_taxonomy:item_type_name,CHANNEL_SEMANTIC,ConnectorTaxonomy,amazon_taxonomy_context,PTDListingProperty,ptd_defined_structured_property,ptd_schema_presence_not_live_listing_read,ptd_conditioned_write_not_unconditional,not_applicable,not_applicable,https://developer-docs.amazon.com/sp-api/lang-en_EN/docs/manage-product-listings-guide#U8L4z4Ud95N16tZlR7rsmbQ==,queue:amazon_taxonomy_category,DEFERRED_REVIEW,"Amazon provider-local schema evidence; no final cross-platform equivalence or runtime capability asserted."
bd0509fdcb7c1201d7a2b6f7807839a7381e362a54a477537f3ba0e5e7de59fc,amazon-v1-f3cfa6310484175d,amazon,docs/data/amazon_listings_v1_public_ptd_luggage_inventory.csv,57,49e3926c014675e344a32f734c90c086acb4f89e287cb5800c79d6065854c790,U8L4z4Ud95N16tZlR7rsmbQ==,"Selling Partner API PTD","LUGGAGE PTD",model_number,not_applicable,"product_type=LUGGAGE;marketplace=ATVPDKIKX0DER;requirements=LISTING;property_group=product_identity;parentage=NONE example;schema_version_token=U8L4z4Ud95N16tZlR7rsmbQ==;classification=product_identity_or_semantic",not_applicable,amazon:atom:luggage_ptd:model_number,amazon:luggage:model_number,REUSABLE_SEMANTIC,ProductData,model_number,PTDListingProperty,ptd_defined_structured_property,ptd_schema_presence_not_live_listing_read,ptd_conditioned_write_not_unconditional,not_applicable,not_applicable,https://developer-docs.amazon.com/sp-api/lang-en_EN/docs/manage-product-listings-guide#U8L4z4Ud95N16tZlR7rsmbQ==,not_applicable,PROVIDER_VERIFIED,"Amazon provider-local schema evidence; no final cross-platform equivalence or runtime capability asserted."
a15c125fdcc9c2e591542e871f6bd86e0fbc0d23bc243214971958bfb8fc4d73,amazon-v1-f3cfa6310484175d,amazon,docs/data/amazon_listings_v1_public_ptd_luggage_inventory.csv,58,69d331d6fa4a94249ce17dd3dbaa731e7ed7972d2b0258548be3265d2941072f,U8L4z4Ud95N16tZlR7rsmbQ==,"Selling Partner API PTD","LUGGAGE PTD",manufacturer,not_applicable,"product_type=LUGGAGE;marketplace=ATVPDKIKX0DER;requirements=LISTING;property_group=product_identity;parentage=NONE example;schema_version_token=U8L4z4Ud95N16tZlR7rsmbQ==;classification=product_identity_or_semantic",not_applicable,amazon:atom:luggage_ptd:manufacturer,amazon:luggage:manufacturer,REUSABLE_SEMANTIC,ProductData,manufacturer,PTDListingProperty,ptd_defined_structured_property,ptd_schema_presence_not_live_listing_read,ptd_conditioned_write_not_unconditional,not_applicable,not_applicable,https://developer-docs.amazon.com/sp-api/lang-en_EN/docs/manage-product-listings-guide#U8L4z4Ud95N16tZlR7rsmbQ==,not_applicable,PROVIDER_VERIFIED,"Amazon provider-local schema evidence; no final cross-platform equivalence or runtime capability asserted."
d1a25003e2aee3e1cf89746dd227f9d44405a5e6117c9df78c1de11df09bc5a8,amazon-v1-f3cfa6310484175d,amazon,docs/data/amazon_listings_v1_public_ptd_luggage_inventory.csv,59,f1136d3426d3bcffc7ff21f32e7bc832b87e9debdbd5c0d152aefe0539dfc4a5,U8L4z4Ud95N16tZlR7rsmbQ==,"Selling Partner API PTD","LUGGAGE PTD",product_description,not_applicable,"product_type=LUGGAGE;marketplace=ATVPDKIKX0DER;requirements=LISTING;property_group=product_details;parentage=NONE example;schema_version_token=U8L4z4Ud95N16tZlR7rsmbQ==;classification=semantic_product_field",not_applicable,amazon:atom:luggage_ptd:product_description,amazon:luggage:product_description,REUSABLE_SEMANTIC,ProductData,ptd_scoped_product_description,PTDListingProperty,ptd_defined_structured_property,ptd_schema_presence_not_live_listing_read,ptd_conditioned_write_not_unconditional,not_applicable,not_applicable,https://developer-docs.amazon.com/sp-api/lang-en_EN/docs/manage-product-listings-guide#U8L4z4Ud95N16tZlR7rsmbQ==,not_applicable,PROVIDER_VERIFIED,"Amazon provider-local schema evidence; no final cross-platform equivalence or runtime capability asserted."
b3deff9d2d99ba2dfe95158a3f5881f045e8869fb01a1cda460828b037442acf,amazon-v1-f3cfa6310484175d,amazon,docs/data/amazon_listings_v1_public_ptd_luggage_inventory.csv,60,74d84e334a48f2ab518a5a5a7fd55051bb7e700a7c7120d8f8c0dcd7dfef9879,U8L4z4Ud95N16tZlR7rsmbQ==,"Selling Partner API PTD","LUGGAGE PTD",bullet_point,not_applicable,"product_type=LUGGAGE;marketplace=ATVPDKIKX0DER;requirements=LISTING;property_group=product_details;parentage=NONE example;schema_version_token=U8L4z4Ud95N16tZlR7rsmbQ==;classification=semantic_product_field",not_applicable,amazon:atom:luggage_ptd:bullet_point,amazon:luggage:highlight:bullet_point,REUSABLE_SEMANTIC,ProductData,product_highlight_evidence_distinct_representation,PTDListingProperty,ptd_defined_structured_property,ptd_schema_presence_not_live_listing_read,ptd_conditioned_write_not_unconditional,not_applicable,not_applicable,https://developer-docs.amazon.com/sp-api/lang-en_EN/docs/manage-product-listings-guide#U8L4z4Ud95N16tZlR7rsmbQ==,not_applicable,PROVIDER_VERIFIED,"Amazon provider-local schema evidence; no final cross-platform equivalence or runtime capability asserted."
5f391d058773e62af430156f4fdd327254ead07af578c8a35408adead926037c,amazon-v1-f3cfa6310484175d,amazon,docs/data/amazon_listings_v1_public_ptd_luggage_inventory.csv,61,3d6707c86f07c0af4fceda193572438d609b38c19377a4fc3f8352bae19d47ff,U8L4z4Ud95N16tZlR7rsmbQ==,"Selling Partner API PTD","LUGGAGE PTD",special_feature,not_applicable,"product_type=LUGGAGE;marketplace=ATVPDKIKX0DER;requirements=LISTING;property_group=product_details;parentage=NONE example;schema_version_token=U8L4z4Ud95N16tZlR7rsmbQ==;classification=semantic_product_field",not_applicable,amazon:atom:luggage_ptd:special_feature,amazon:luggage:highlight:special_feature,REUSABLE_SEMANTIC,ProductData,product_highlight_evidence_distinct_representation,PTDListingProperty,ptd_defined_structured_property,ptd_schema_presence_not_live_listing_read,ptd_conditioned_write_not_unconditional,not_applicable,not_applicable,https://developer-docs.amazon.com/sp-api/lang-en_EN/docs/manage-product-listings-guide#U8L4z4Ud95N16tZlR7rsmbQ==,queue:amazon_product_highlights,DEFERRED_REVIEW,"Amazon provider-local schema evidence; no final cross-platform equivalence or runtime capability asserted."
ec795d6fcadfca07071de8cc5b8de3ee3caa6cabd1ab457c2a5d9d8e82464a4f,amazon-v1-f3cfa6310484175d,amazon,docs/data/amazon_listings_v1_public_ptd_luggage_inventory.csv,62,589507b453d5b9f55e7d7f09c4d9d9f6f5273e5857ff934de190a7a1f4e15f0a,U8L4z4Ud95N16tZlR7rsmbQ==,"Selling Partner API PTD","LUGGAGE PTD",style,not_applicable,"product_type=LUGGAGE;marketplace=ATVPDKIKX0DER;requirements=LISTING;property_group=product_details;parentage=NONE example;schema_version_token=U8L4z4Ud95N16tZlR7rsmbQ==;classification=semantic_product_field",not_applicable,amazon:atom:luggage_ptd:style,amazon:luggage:style,REUSABLE_SEMANTIC,ProductData,ptd_scoped_style,PTDListingProperty,ptd_defined_structured_property,ptd_schema_presence_not_live_listing_read,ptd_conditioned_write_not_unconditional,not_applicable,not_applicable,https://developer-docs.amazon.com/sp-api/lang-en_EN/docs/manage-product-listings-guide#U8L4z4Ud95N16tZlR7rsmbQ==,not_applicable,PROVIDER_VERIFIED,"Amazon provider-local schema evidence; no final cross-platform equivalence or runtime capability asserted."
090e260d628b4ab2f4ad3b68670d97a636991d13f3101fe25368991e5c55ed1c,amazon-v1-f3cfa6310484175d,amazon,docs/data/amazon_listings_v1_public_ptd_luggage_inventory.csv,63,285ae6150b662ab55cc495c50e38de2f8dcb27a90503e6abe4ad0398e03b9ace,U8L4z4Ud95N16tZlR7rsmbQ==,"Selling Partner API PTD","LUGGAGE PTD",department,not_applicable,"product_type=LUGGAGE;marketplace=ATVPDKIKX0DER;requirements=LISTING;property_group=product_details;parentage=NONE example;schema_version_token=U8L4z4Ud95N16tZlR7rsmbQ==;classification=semantic_product_field",not_applicable,amazon:atom:luggage_ptd:department,amazon:luggage:department,CATEGORY_ATTRIBUTE,ProductTypeAttribute,luggage_ptd_scoped_attribute,PTDListingProperty,ptd_defined_structured_property,ptd_schema_presence_not_live_listing_read,ptd_conditioned_write_not_unconditional,not_applicable,not_applicable,https://developer-docs.amazon.com/sp-api/lang-en_EN/docs/manage-product-listings-guide#U8L4z4Ud95N16tZlR7rsmbQ==,not_applicable,PROVIDER_VERIFIED,"Amazon provider-local schema evidence; no final cross-platform equivalence or runtime capability asserted."
1c25c3834d3e1c0d2e40bf667488614eed3c7033fe8b5ed9a3bd261b969f1254,amazon-v1-f3cfa6310484175d,amazon,docs/data/amazon_listings_v1_public_ptd_luggage_inventory.csv,64,5b5bc7ad3c9ef043bfa6848607627d47fe2d3ca39ced3d407c6772a5531fac9b,U8L4z4Ud95N16tZlR7rsmbQ==,"Selling Partner API PTD","LUGGAGE PTD",target_gender,not_applicable,"product_type=LUGGAGE;marketplace=ATVPDKIKX0DER;requirements=LISTING;property_group=product_details;parentage=NONE example;schema_version_token=U8L4z4Ud95N16tZlR7rsmbQ==;classification=semantic_product_field",not_applicable,amazon:atom:luggage_ptd:target_gender,amazon:luggage:target_gender,REUSABLE_SEMANTIC,ProductData,ptd_scoped_target_gender,PTDListingProperty,ptd_defined_structured_property,ptd_schema_presence_not_live_listing_read,ptd_conditioned_write_not_unconditional,not_applicable,not_applicable,https://developer-docs.amazon.com/sp-api/lang-en_EN/docs/manage-product-listings-guide#U8L4z4Ud95N16tZlR7rsmbQ==,not_applicable,PROVIDER_VERIFIED,"Amazon provider-local schema evidence; no final cross-platform equivalence or runtime capability asserted."
46ccd27c5bdcbc6acca19408331f97be4ee87b8082d0331c09c9ad5ca0678589,amazon-v1-f3cfa6310484175d,amazon,docs/data/amazon_listings_v1_public_ptd_luggage_inventory.csv,65,ef4ee555f17f8ebed57c71642a0d08df60ab9fce470bd8461ad955a62951bb86,U8L4z4Ud95N16tZlR7rsmbQ==,"Selling Partner API PTD","LUGGAGE PTD",age_range_description,not_applicable,"product_type=LUGGAGE;marketplace=ATVPDKIKX0DER;requirements=LISTING;property_group=product_details;parentage=NONE example;schema_version_token=U8L4z4Ud95N16tZlR7rsmbQ==;classification=semantic_product_field",not_applicable,amazon:atom:luggage_ptd:age_range_description,amazon:luggage:age_range_description,REUSABLE_SEMANTIC,ProductData,ptd_scoped_age_range_description,PTDListingProperty,ptd_defined_structured_property,ptd_schema_presence_not_live_listing_read,ptd_conditioned_write_not_unconditional,not_applicable,not_applicable,https://developer-docs.amazon.com/sp-api/lang-en_EN/docs/manage-product-listings-guide#U8L4z4Ud95N16tZlR7rsmbQ==,not_applicable,PROVIDER_VERIFIED,"Amazon provider-local schema evidence; no final cross-platform equivalence or runtime capability asserted."
52de99f07a2d1e646c8d3117a005d465e55c8c246bf3c10092cb026763ab2b05,amazon-v1-f3cfa6310484175d,amazon,docs/data/amazon_listings_v1_public_ptd_luggage_inventory.csv,66,435630bedf3b92c9aaf97ee875c1aca670ad92d9b724628176570404fd84f64d,U8L4z4Ud95N16tZlR7rsmbQ==,"Selling Partner API PTD","LUGGAGE PTD",material,not_applicable,"product_type=LUGGAGE;marketplace=ATVPDKIKX0DER;requirements=LISTING;property_group=product_details;parentage=NONE example;schema_version_token=U8L4z4Ud95N16tZlR7rsmbQ==;classification=semantic_product_field",not_applicable,amazon:atom:luggage_ptd:material,amazon:luggage:material,REUSABLE_SEMANTIC,ProductData,ptd_scoped_material,PTDListingProperty,ptd_defined_structured_property,ptd_schema_presence_not_live_listing_read,ptd_conditioned_write_not_unconditional,not_applicable,not_applicable,https://developer-docs.amazon.com/sp-api/lang-en_EN/docs/manage-product-listings-guide#U8L4z4Ud95N16tZlR7rsmbQ==,not_applicable,PROVIDER_VERIFIED,"Amazon provider-local schema evidence; no final cross-platform equivalence or runtime capability asserted."
b5aacb181c0d731f1169d11290e5b4629e0a900b42bc4a36f17820913214f53d,amazon-v1-f3cfa6310484175d,amazon,docs/data/amazon_listings_v1_public_ptd_luggage_inventory.csv,67,8023ef2fbb684df00a729d976caab51cd0be84ba9f324c616a5bdc47d0f05bf8,U8L4z4Ud95N16tZlR7rsmbQ==,"Selling Partner API PTD","LUGGAGE PTD",outer,not_applicable,"product_type=LUGGAGE;marketplace=ATVPDKIKX0DER;requirements=LISTING;property_group=product_details;parentage=NONE example;schema_version_token=U8L4z4Ud95N16tZlR7rsmbQ==;classification=semantic_product_field",not_applicable,amazon:atom:luggage_ptd:outer,amazon:luggage:outer,CATEGORY_ATTRIBUTE,ProductTypeAttribute,luggage_ptd_scoped_attribute,PTDListingProperty,ptd_defined_structured_property,ptd_schema_presence_not_live_listing_read,ptd_conditioned_write_not_unconditional,not_applicable,not_applicable,https://developer-docs.amazon.com/sp-api/lang-en_EN/docs/manage-product-listings-guide#U8L4z4Ud95N16tZlR7rsmbQ==,not_applicable,PROVIDER_VERIFIED,"Amazon provider-local schema evidence; no final cross-platform equivalence or runtime capability asserted."
1f219dc2dcb5322c553d01cb47833fdb46b2f7aba7f26c0480d7c16943768979,amazon-v1-f3cfa6310484175d,amazon,docs/data/amazon_listings_v1_public_ptd_luggage_inventory.csv,68,d44606df9988670cf9583a5f9ead229058b9b341cf271402d582f7f5216f7ad8,U8L4z4Ud95N16tZlR7rsmbQ==,"Selling Partner API PTD","LUGGAGE PTD",fabric_type,not_applicable,"product_type=LUGGAGE;marketplace=ATVPDKIKX0DER;requirements=LISTING;property_group=product_details;parentage=NONE example;schema_version_token=U8L4z4Ud95N16tZlR7rsmbQ==;classification=semantic_product_field",not_applicable,amazon:atom:luggage_ptd:fabric_type,amazon:luggage:fabric_type,CATEGORY_ATTRIBUTE,ProductTypeAttribute,luggage_ptd_scoped_attribute,PTDListingProperty,ptd_defined_structured_property,ptd_schema_presence_not_live_listing_read,ptd_conditioned_write_not_unconditional,not_applicable,not_applicable,https://developer-docs.amazon.com/sp-api/lang-en_EN/docs/manage-product-listings-guide#U8L4z4Ud95N16tZlR7rsmbQ==,not_applicable,PROVIDER_VERIFIED,"Amazon provider-local schema evidence; no final cross-platform equivalence or runtime capability asserted."
5a92b3a2924068f44d5bae4e1c1a619382162685120925ea75be53d59375a391,amazon-v1-f3cfa6310484175d,amazon,docs/data/amazon_listings_v1_public_ptd_luggage_inventory.csv,69,91632692da929b511f062b62df37d28a2ccf253ad8afb926f46019afa66ad141,U8L4z4Ud95N16tZlR7rsmbQ==,"Selling Partner API PTD","LUGGAGE PTD",lining_description,not_applicable,"product_type=LUGGAGE;marketplace=ATVPDKIKX0DER;requirements=LISTING;property_group=product_details;parentage=NONE example;schema_version_token=U8L4z4Ud95N16tZlR7rsmbQ==;classification=semantic_product_field",not_applicable,amazon:atom:luggage_ptd:lining_description,amazon:luggage:lining_description,CATEGORY_ATTRIBUTE,ProductTypeAttribute,luggage_ptd_scoped_attribute,PTDListingProperty,ptd_defined_structured_property,ptd_schema_presence_not_live_listing_read,ptd_conditioned_write_not_unconditional,not_applicable,not_applicable,https://developer-docs.amazon.com/sp-api/lang-en_EN/docs/manage-product-listings-guide#U8L4z4Ud95N16tZlR7rsmbQ==,not_applicable,PROVIDER_VERIFIED,"Amazon provider-local schema evidence; no final cross-platform equivalence or runtime capability asserted."
7a601fd5090905a2ba12f5502a126e7977245a5b34a981f7f4c0c266f17339e5,amazon-v1-f3cfa6310484175d,amazon,docs/data/amazon_listings_v1_public_ptd_luggage_inventory.csv,70,f4833c3b978727ca499cda91a9c536b725c4d601c8d5ccf1627984e4fc24a564,U8L4z4Ud95N16tZlR7rsmbQ==,"Selling Partner API PTD","LUGGAGE PTD",number_of_items,not_applicable,"product_type=LUGGAGE;marketplace=ATVPDKIKX0DER;requirements=LISTING;property_group=product_details;parentage=NONE example;schema_version_token=U8L4z4Ud95N16tZlR7rsmbQ==;classification=semantic_product_field",not_applicable,amazon:atom:luggage_ptd:number_of_items,amazon:luggage:number_of_items,REUSABLE_SEMANTIC,ProductData,ptd_scoped_number_of_items,PTDListingProperty,ptd_defined_structured_property,ptd_schema_presence_not_live_listing_read,ptd_conditioned_write_not_unconditional,not_applicable,not_applicable,https://developer-docs.amazon.com/sp-api/lang-en_EN/docs/manage-product-listings-guide#U8L4z4Ud95N16tZlR7rsmbQ==,queue:amazon_package_quantity_semantics,DEFERRED_REVIEW,"Amazon provider-local schema evidence; no final cross-platform equivalence or runtime capability asserted."
88f9e1b85bd4c0cb2c290003738a7362a30f45920b1618f478eb22d70e8716b8,amazon-v1-f3cfa6310484175d,amazon,docs/data/amazon_listings_v1_public_ptd_luggage_inventory.csv,71,33862b0f8786bc843b0721ce68295c3ff67c8aecf5294167a5589dffcb614f4f,U8L4z4Ud95N16tZlR7rsmbQ==,"Selling Partner API PTD","LUGGAGE PTD",number_of_wheels,not_applicable,"product_type=LUGGAGE;marketplace=ATVPDKIKX0DER;requirements=LISTING;property_group=product_details;parentage=NONE example;schema_version_token=U8L4z4Ud95N16tZlR7rsmbQ==;classification=semantic_product_field",not_applicable,amazon:atom:luggage_ptd:number_of_wheels,amazon:luggage:number_of_wheels,CATEGORY_ATTRIBUTE,ProductTypeAttribute,luggage_ptd_scoped_attribute,PTDListingProperty,ptd_defined_structured_property,ptd_schema_presence_not_live_listing_read,ptd_conditioned_write_not_unconditional,not_applicable,not_applicable,https://developer-docs.amazon.com/sp-api/lang-en_EN/docs/manage-product-listings-guide#U8L4z4Ud95N16tZlR7rsmbQ==,not_applicable,PROVIDER_VERIFIED,"Amazon provider-local schema evidence; no final cross-platform equivalence or runtime capability asserted."
32560ed30a4fb0f78b41004f5955f820bebbb881723d211958e167c71704a555,amazon-v1-f3cfa6310484175d,amazon,docs/data/amazon_listings_v1_public_ptd_luggage_inventory.csv,72,07d1006cd90dd573c19834893ecd4cb4fa9fd31b4593470a170ed610e92e3595,U8L4z4Ud95N16tZlR7rsmbQ==,"Selling Partner API PTD","LUGGAGE PTD",wheel,not_applicable,"product_type=LUGGAGE;marketplace=ATVPDKIKX0DER;requirements=LISTING;property_group=product_details;parentage=NONE example;schema_version_token=U8L4z4Ud95N16tZlR7rsmbQ==;classification=semantic_product_field",not_applicable,amazon:atom:luggage_ptd:wheel,amazon:luggage:wheel,CATEGORY_ATTRIBUTE,ProductTypeAttribute,luggage_ptd_scoped_attribute,PTDListingProperty,ptd_defined_structured_property,ptd_schema_presence_not_live_listing_read,ptd_conditioned_write_not_unconditional,not_applicable,not_applicable,https://developer-docs.amazon.com/sp-api/lang-en_EN/docs/manage-product-listings-guide#U8L4z4Ud95N16tZlR7rsmbQ==,not_applicable,PROVIDER_VERIFIED,"Amazon provider-local schema evidence; no final cross-platform equivalence or runtime capability asserted."
91ec839db63ee60beae6bf3acea15862332ac76b5541e69a6c346bcff0165c21,amazon-v1-f3cfa6310484175d,amazon,docs/data/amazon_listings_v1_public_ptd_luggage_inventory.csv,73,d941d53d5b0650bf816fb8b3029fa059a669aab81c0e2d77cc928f33ab9e343f,U8L4z4Ud95N16tZlR7rsmbQ==,"Selling Partner API PTD","LUGGAGE PTD",model_name,not_applicable,"product_type=LUGGAGE;marketplace=ATVPDKIKX0DER;requirements=LISTING;property_group=product_details;parentage=NONE example;schema_version_token=U8L4z4Ud95N16tZlR7rsmbQ==;classification=semantic_product_field",not_applicable,amazon:atom:luggage_ptd:model_name,amazon:luggage:model_name,REUSABLE_SEMANTIC,ProductData,ptd_scoped_model_name,PTDListingProperty,ptd_defined_structured_property,ptd_schema_presence_not_live_listing_read,ptd_conditioned_write_not_unconditional,not_applicable,not_applicable,https://developer-docs.amazon.com/sp-api/lang-en_EN/docs/manage-product-listings-guide#U8L4z4Ud95N16tZlR7rsmbQ==,not_applicable,PROVIDER_VERIFIED,"Amazon provider-local schema evidence; no final cross-platform equivalence or runtime capability asserted."
da422a767478c1c1b17248d3a7c207db9aa15632a936fe3ae130a81be884cad5,amazon-v1-f3cfa6310484175d,amazon,docs/data/amazon_listings_v1_public_ptd_luggage_inventory.csv,74,63c400e2eea770fdb3815d0b80f9e204d2d4f5b27c513ec95b565ec7a60bf262,U8L4z4Ud95N16tZlR7rsmbQ==,"Selling Partner API PTD","LUGGAGE PTD",color,not_applicable,"product_type=LUGGAGE;marketplace=ATVPDKIKX0DER;requirements=LISTING;property_group=product_details;parentage=NONE example;schema_version_token=U8L4z4Ud95N16tZlR7rsmbQ==;classification=semantic_product_field",not_applicable,amazon:atom:luggage_ptd:color,amazon:luggage:color,REUSABLE_SEMANTIC,ProductData,ptd_scoped_color,PTDListingProperty,ptd_defined_structured_property,ptd_schema_presence_not_live_listing_read,ptd_conditioned_write_not_unconditional,not_applicable,not_applicable,https://developer-docs.amazon.com/sp-api/lang-en_EN/docs/manage-product-listings-guide#U8L4z4Ud95N16tZlR7rsmbQ==,not_applicable,PROVIDER_VERIFIED,"Amazon provider-local schema evidence; no final cross-platform equivalence or runtime capability asserted."
aaad73263b9a9d58ec8dc744e6b72fc913a1abe0cbf25105a2b2304f08c520c7,amazon-v1-f3cfa6310484175d,amazon,docs/data/amazon_listings_v1_public_ptd_luggage_inventory.csv,75,0271ebad6d02575e08b0b658b02b943319a8ba91f5c756bf05d6065cbe91f547,U8L4z4Ud95N16tZlR7rsmbQ==,"Selling Partner API PTD","LUGGAGE PTD",size,not_applicable,"product_type=LUGGAGE;marketplace=ATVPDKIKX0DER;requirements=LISTING;property_group=product_details;parentage=NONE example;schema_version_token=U8L4z4Ud95N16tZlR7rsmbQ==;classification=semantic_product_field",not_applicable,amazon:atom:luggage_ptd:size,amazon:luggage:size,REUSABLE_SEMANTIC,ProductData,ptd_scoped_size,PTDListingProperty,ptd_defined_structured_property,ptd_schema_presence_not_live_listing_read,ptd_conditioned_write_not_unconditional,not_applicable,not_applicable,https://developer-docs.amazon.com/sp-api/lang-en_EN/docs/manage-product-listings-guide#U8L4z4Ud95N16tZlR7rsmbQ==,not_applicable,PROVIDER_VERIFIED,"Amazon provider-local schema evidence; no final cross-platform equivalence or runtime capability asserted."
154b5aae2e33850080e493bea0d2c5a5b89abaa576b6c4948e2673bf7a77c745,amazon-v1-f3cfa6310484175d,amazon,docs/data/amazon_listings_v1_public_ptd_luggage_inventory.csv,76,4483b7eacefeae82dbe0e2c1761d182b4027f06fa980499e271491bf9443a90c,U8L4z4Ud95N16tZlR7rsmbQ==,"Selling Partner API PTD","LUGGAGE PTD",size_map,not_applicable,"product_type=LUGGAGE;marketplace=ATVPDKIKX0DER;requirements=LISTING;property_group=product_details;parentage=NONE example;schema_version_token=U8L4z4Ud95N16tZlR7rsmbQ==;classification=semantic_product_field",not_applicable,amazon:atom:luggage_ptd:size_map,amazon:luggage:size_map,CATEGORY_ATTRIBUTE,ProductTypeAttribute,luggage_ptd_scoped_attribute,PTDListingProperty,ptd_defined_structured_property,ptd_schema_presence_not_live_listing_read,ptd_conditioned_write_not_unconditional,not_applicable,not_applicable,https://developer-docs.amazon.com/sp-api/lang-en_EN/docs/manage-product-listings-guide#U8L4z4Ud95N16tZlR7rsmbQ==,not_applicable,PROVIDER_VERIFIED,"Amazon provider-local schema evidence; no final cross-platform equivalence or runtime capability asserted."
e00139504825b7bd3170ac4cbafd3d394ecc2b34aab82cf4121e5cbaddbe390f,amazon-v1-f3cfa6310484175d,amazon,docs/data/amazon_listings_v1_public_ptd_luggage_inventory.csv,77,618d721e33a6d4329031377b45b2b83c0cd6b7b5537015ab0634855e9b1b07d5,U8L4z4Ud95N16tZlR7rsmbQ==,"Selling Partner API PTD","LUGGAGE PTD",part_number,not_applicable,"product_type=LUGGAGE;marketplace=ATVPDKIKX0DER;requirements=LISTING;property_group=product_details;parentage=NONE example;schema_version_token=U8L4z4Ud95N16tZlR7rsmbQ==;classification=semantic_product_field",not_applicable,amazon:atom:luggage_ptd:part_number,amazon:luggage:part_number,REUSABLE_SEMANTIC,ProductData,ptd_scoped_part_number,PTDListingProperty,ptd_defined_structured_property,ptd_schema_presence_not_live_listing_read,ptd_conditioned_write_not_unconditional,not_applicable,not_applicable,https://developer-docs.amazon.com/sp-api/lang-en_EN/docs/manage-product-listings-guide#U8L4z4Ud95N16tZlR7rsmbQ==,not_applicable,PROVIDER_VERIFIED,"Amazon provider-local schema evidence; no final cross-platform equivalence or runtime capability asserted."
fc86335e9b23d01c068a665f38a4d9113eecd5566745434c8d967320a023d458,amazon-v1-f3cfa6310484175d,amazon,docs/data/amazon_listings_v1_public_ptd_luggage_inventory.csv,78,6e92ac1e4d12abea554a8fec7f803af6ad2e2e7b5b04cfc0c6e549c8579a4d31,U8L4z4Ud95N16tZlR7rsmbQ==,"Selling Partner API PTD","LUGGAGE PTD",compliance_media,not_applicable,"product_type=LUGGAGE;marketplace=ATVPDKIKX0DER;requirements=LISTING;property_group=product_details;parentage=NONE example;schema_version_token=U8L4z4Ud95N16tZlR7rsmbQ==;classification=semantic_product_field",not_applicable,amazon:atom:luggage_ptd:compliance_media,amazon:luggage:compliance_media,DOMAIN_CAPABILITY,ComplianceMedia,compliance_media_reference,PTDListingProperty,ptd_defined_structured_property,ptd_schema_presence_not_live_listing_read,ptd_conditioned_write_not_unconditional,not_applicable,not_applicable,https://developer-docs.amazon.com/sp-api/lang-en_EN/docs/manage-product-listings-guide#U8L4z4Ud95N16tZlR7rsmbQ==,queue:amazon_compliance_portability,DEFERRED_REVIEW,"Amazon provider-local schema evidence; no final cross-platform equivalence or runtime capability asserted."
