coverage_id,snapshot_id,platform,source_file,source_row_ordinal,source_row_sha256,source_schema_version,source_surface,source_object_family,external_key,structured_path,source_context_key,parent_coverage_id,semantic_atom_key,concept_key,disposition,owner_candidate,representation_candidate,entity_level,value_shape,read_semantics,write_semantics,applicability_key,alias_of_coverage_id,evidence_reference,decision_reference,review_status,review_note
94010d07c0234053727f22478ab95dd1d4b5c4e317285340b1136534f0076e91,bigcommerce-v1-ecb1456bfdfebdc6,bigcommerce,docs/data/bigcommerce_v3_product_capability_inventory.csv,1,25ffc46b62682694e8b230378f5cdd7ec565f44dc466bd7dae02fe62b75b8e43,3.1.0,"Admin Catalog OpenAPI",product,availability,not_applicable,required_in=none;schema_evidence=product_Base_POST|product_Put|product_Full,not_applicable,bigcommerce:atom:product:availability,bigcommerce:product:availability,DOMAIN_CAPABILITY,Availability,domain_value,Product,object_or_controlled,readable,writable,not_applicable,not_applicable,https://docs.bigcommerce.com/openapi/admin-catalog-products.json#product_Base_POST|product_Put|product_Full,not_applicable,PROVIDER_VERIFIED,"Provider-local classification from typed inventory evidence; no cross-platform equivalence asserted."
c95fa84b25d4e31e2467cd4af14d18120deb98522cfd9152a62b055964ea0b1a,bigcommerce-v1-ecb1456bfdfebdc6,bigcommerce,docs/data/bigcommerce_v3_product_capability_inventory.csv,2,7dfd27ed25a77bb808830b050f4dbeed38c2489e43e32294626eff8598dd4611,3.1.0,"Admin Catalog OpenAPI",product,availability_description,not_applicable,required_in=none;schema_evidence=product_Base_POST|product_Put|product_Full,not_applicable,bigcommerce:atom:product:availability_description,bigcommerce:product:availability_description,DOMAIN_CAPABILITY,Availability,domain_value,Product,string,readable,writable,not_applicable,not_applicable,https://docs.bigcommerce.com/openapi/admin-catalog-products.json#product_Base_POST|product_Put|product_Full,not_applicable,PROVIDER_VERIFIED,"Provider-local classification from typed inventory evidence; no cross-platform equivalence asserted."
513077e794c9024699a5bc1f379f56e09f42d6ac69fd6c9eb3e0a48c2fa5882c,bigcommerce-v1-ecb1456bfdfebdc6,bigcommerce,docs/data/bigcommerce_v3_product_capability_inventory.csv,3,6515497b9eff684e7870c3a245b0f8c058b109b1ee2667867bb8af77f4a0d7a4,3.1.0,"Admin Catalog OpenAPI",product,base_variant_id,not_applicable,required_in=none;schema_evidence=product_Full,not_applicable,bigcommerce:atom:product:base_variant_id,bigcommerce:product:base_variant_id,EXTERNAL_IDENTITY,Connector,external_record_identity,Product,integer,readable,specialized_or_read_only,not_applicable,not_applicable,https://docs.bigcommerce.com/openapi/admin-catalog-products.json#product_Full,not_applicable,PROVIDER_VERIFIED,"Provider-local classification from typed inventory evidence; no cross-platform equivalence asserted."
d0a2b8d4e8dc41934596d87232698ae9f5c5850cff995c1bc89e453b213f208f,bigcommerce-v1-ecb1456bfdfebdc6,bigcommerce,docs/data/bigcommerce_v3_product_capability_inventory.csv,4,85b9423274079bc2a8e3ea4f147706ebb7ed75d86b53b272190bc8573cd8bf2b,3.1.0,"Admin Catalog OpenAPI",product,bin_picking_number,not_applicable,required_in=none;schema_evidence=product_Base_POST|product_Put|product_Full,not_applicable,bigcommerce:atom:product:bin_picking_number,bigcommerce:bin_picking_number,REUSABLE_SEMANTIC,ProductData,provider_field,Product,string,readable,writable,not_applicable,not_applicable,https://docs.bigcommerce.com/openapi/admin-catalog-products.json#product_Base_POST|product_Put|product_Full,not_applicable,PROVIDER_VERIFIED,"Provider-local classification from typed inventory evidence; no cross-platform equivalence asserted."
99a01344cd2247bfab66b62f6db87331066fbcf8722c98645654b35ac4b59721,bigcommerce-v1-ecb1456bfdfebdc6,bigcommerce,docs/data/bigcommerce_v3_product_capability_inventory.csv,5,9c3e10f8943f554a059add860ed86f145ff825c28f697bf16e5364e3e245a6dd,3.1.0,"Admin Catalog OpenAPI",product,brand_id,not_applicable,required_in=none;schema_evidence=product_Base_POST|product_Put|product_Full,not_applicable,bigcommerce:atom:product:brand_id,bigcommerce:product:brand_id,CHANNEL_SEMANTIC,Connector,channel_context,Product,integer,readable,writable,not_applicable,not_applicable,https://docs.bigcommerce.com/openapi/admin-catalog-products.json#product_Base_POST|product_Put|product_Full,not_applicable,PROVIDER_VERIFIED,"Provider-local classification from typed inventory evidence; no cross-platform equivalence asserted."
55814fd33412e56e16004413748c5ee019d5b515be180f3841b04b92821ce7f5,bigcommerce-v1-ecb1456bfdfebdc6,bigcommerce,docs/data/bigcommerce_v3_product_capability_inventory.csv,6,02b406f2d197f585e9c735d9802ef722dbff21e298bf8fc92b25cd020c1718c7,3.1.0,"Admin Catalog OpenAPI",product,brand_name,not_applicable,required_in=none;schema_evidence=product_Base_POST|product_Put,not_applicable,bigcommerce:atom:product:brand_name,bigcommerce:product:brand_name,REUSABLE_SEMANTIC,ProductData,provider_field,Product,string,not_proven,writable,not_applicable,not_applicable,https://docs.bigcommerce.com/openapi/admin-catalog-products.json#product_Base_POST|product_Put,not_applicable,PROVIDER_VERIFIED,"Provider-local classification from typed inventory evidence; no cross-platform equivalence asserted."
bae430f5ba04445f292cea6ef59ff3bd13d865bda21eacedba1bd8502adf14b1,bigcommerce-v1-ecb1456bfdfebdc6,bigcommerce,docs/data/bigcommerce_v3_product_capability_inventory.csv,7,1889fb862a355c934da80b2399359cbdefe77f2e6d117ab620b57688d6db4a39,3.1.0,"Admin Catalog OpenAPI",product,bulk_pricing_rules,not_applicable,required_in=none;schema_evidence=product_Base_POST|product_Put|product_Full,not_applicable,bigcommerce:atom:product:bulk_pricing_rules,bigcommerce:product:bulk_pricing_rules,DOMAIN_CAPABILITY,Pricing,domain_value,Product,list,readable,writable,not_applicable,not_applicable,https://docs.bigcommerce.com/openapi/admin-catalog-products.json#product_Base_POST|product_Put|product_Full,not_applicable,PROVIDER_VERIFIED,"Provider-local classification from typed inventory evidence; no cross-platform equivalence asserted."
1396292e96e868fea23ccc1df41c23a381ec5264edf55ce4e972babba1d64741,bigcommerce-v1-ecb1456bfdfebdc6,bigcommerce,docs/data/bigcommerce_v3_product_capability_inventory.csv,8,61bb7f2c0ae63a022c64b16e3871238d4b35fa51ac0b9e9f0f306af0a4cce4b6,3.1.0,"Admin Catalog OpenAPI",product,calculated_price,not_applicable,required_in=none;schema_evidence=product_Full,not_applicable,bigcommerce:atom:product:calculated_price,bigcommerce:product:calculated_price,DERIVED_PROJECTION,Pricing,read_projection,Product,string,readable,specialized_or_read_only,not_applicable,not_applicable,https://docs.bigcommerce.com/openapi/admin-catalog-products.json#product_Full,not_applicable,PROVIDER_VERIFIED,"Provider-local classification from typed inventory evidence; no cross-platform equivalence asserted."
c2026abbda2f3a02b23feffa8028b1f1b2125c3e7bf29450ba33406dc0e83a0f,bigcommerce-v1-ecb1456bfdfebdc6,bigcommerce,docs/data/bigcommerce_v3_product_capability_inventory.csv,9,d8c2f2e46abbb42d7d9b6337a8e0d19f8dd2fda49f804cfa178086bafec36c1a,3.1.0,"Admin Catalog OpenAPI",product,categories,not_applicable,required_in=none;schema_evidence=product_Base_POST|product_Put|product_Full,not_applicable,bigcommerce:atom:product:categories,bigcommerce:product:categories,DOMAIN_CAPABILITY,Category,category_relation,Product,list,readable,writable,not_applicable,not_applicable,https://docs.bigcommerce.com/openapi/admin-catalog-products.json#product_Base_POST|product_Put|product_Full,not_applicable,PROVIDER_VERIFIED,"Provider-local classification from typed inventory evidence; no cross-platform equivalence asserted."
5c201e350998326f1e4d3a2975f358a89e931715f01943a5c155535e9105f635,bigcommerce-v1-ecb1456bfdfebdc6,bigcommerce,docs/data/bigcommerce_v3_product_capability_inventory.csv,10,2578a564b64a8a7f99f8f90161004c9f15dc3d86d88bb9331ade748f1593e037,3.1.0,"Admin Catalog OpenAPI",product,condition,not_applicable,required_in=none;schema_evidence=product_Base_POST|product_Put|product_Full,not_applicable,bigcommerce:atom:product:condition,bigcommerce:product:condition,REUSABLE_SEMANTIC,ProductData,provider_field,Product,object_or_controlled,readable,writable,not_applicable,not_applicable,https://docs.bigcommerce.com/openapi/admin-catalog-products.json#product_Base_POST|product_Put|product_Full,not_applicable,PROVIDER_VERIFIED,"Provider-local classification from typed inventory evidence; no cross-platform equivalence asserted."
ca18e4fd1ab881c06a268edca35a1755c55415879ea1b47df6e006befe63a91f,bigcommerce-v1-ecb1456bfdfebdc6,bigcommerce,docs/data/bigcommerce_v3_product_capability_inventory.csv,11,3e540681f6720ebb5c202ede9d2f96a33a4f867fe5c4a24f3102c34757f09fa8,3.1.0,"Admin Catalog OpenAPI",product,cost_price,not_applicable,required_in=none;schema_evidence=product_Base_POST|product_Put|product_Full,not_applicable,bigcommerce:atom:product:cost_price,bigcommerce:cost_price,DOMAIN_CAPABILITY,Pricing,domain_value,Product,string,readable,writable,not_applicable,not_applicable,https://docs.bigcommerce.com/openapi/admin-catalog-products.json#product_Base_POST|product_Put|product_Full,not_applicable,PROVIDER_VERIFIED,"Provider-local classification from typed inventory evidence; no cross-platform equivalence asserted."
03ba0814a9baed0d8d7ad2af7440cdda8c4fa417dd738f8cfbf5a9e941863c56,bigcommerce-v1-ecb1456bfdfebdc6,bigcommerce,docs/data/bigcommerce_v3_product_capability_inventory.csv,12,42530a0d62b0a2a94c0320e05b0c07423fc0a2afac812b946603d4072458deb2,3.1.0,"Admin Catalog OpenAPI",product,custom_fields,not_applicable,required_in=none;schema_evidence=product_Base_POST|product_Put|product_Full,not_applicable,bigcommerce:atom:product:custom_fields,bigcommerce:product:custom_fields,DOMAIN_CAPABILITY,DynamicField,external_custom_field_container,Product,list,readable,writable,not_applicable,not_applicable,https://docs.bigcommerce.com/openapi/admin-catalog-products.json#product_Base_POST|product_Put|product_Full,not_applicable,PROVIDER_VERIFIED,"Provider-local classification from typed inventory evidence; no cross-platform equivalence asserted."
df59ab72f3c4e3978baf63e37d1fcc9203e02e411c4fb2be260237d23485864c,bigcommerce-v1-ecb1456bfdfebdc6,bigcommerce,docs/data/bigcommerce_v3_product_capability_inventory.csv,13,5aed2b27967f7b0fa9592e3de41ae0f4a44c1185f0b248f19e91ea8d514b3f8e,3.1.0,"Admin Catalog OpenAPI",product,custom_url,not_applicable,required_in=none;schema_evidence=product_Base_POST|product_Put|product_Full,not_applicable,bigcommerce:atom:product:custom_url,bigcommerce:product:custom_url,REUSABLE_SEMANTIC,ProductData,relative_storefront_path_object,Product,object_or_controlled,readable,writable,not_applicable,not_applicable,https://docs.bigcommerce.com/openapi/admin-catalog-products.json#product_Base_POST|product_Put|product_Full,queue:bigcommerce_url_family,DEFERRED_REVIEW,"Provider-local classification from typed inventory evidence; no cross-platform equivalence asserted."
86e09752b92f8754577ccf6eed9df60f03420d5457dd895cdc54e9047474672f,bigcommerce-v1-ecb1456bfdfebdc6,bigcommerce,docs/data/bigcommerce_v3_product_capability_inventory.csv,14,cf312a72186d102d3662e0ec7e90212ddb3aec54ae21ccac383e76d1de39491f,3.1.0,"Admin Catalog OpenAPI",product,date_created,not_applicable,required_in=none;schema_evidence=product_Full,not_applicable,bigcommerce:atom:product:date_created,bigcommerce:product:date_created,DERIVED_PROJECTION,Connector,read_or_platform_projection,Product,string,readable,specialized_or_read_only,not_applicable,not_applicable,https://docs.bigcommerce.com/openapi/admin-catalog-products.json#product_Full,not_applicable,PROVIDER_VERIFIED,"Provider-local classification from typed inventory evidence; no cross-platform equivalence asserted."
482c0662a1efd02c372d51556cc3eee27903bbb101faa647a31c636625a5e950,bigcommerce-v1-ecb1456bfdfebdc6,bigcommerce,docs/data/bigcommerce_v3_product_capability_inventory.csv,15,6918be18d06bb7710269824a839a253b71513bb26306118b7b35a3699e7a867b,3.1.0,"Admin Catalog OpenAPI",product,date_last_imported,not_applicable,required_in=none;schema_evidence=product_Base_POST|product_Put|product_Full,not_applicable,bigcommerce:atom:product:date_last_imported,bigcommerce:product:date_last_imported,DERIVED_PROJECTION,Connector,read_or_platform_projection,Product,string,readable,writable,not_applicable,not_applicable,https://docs.bigcommerce.com/openapi/admin-catalog-products.json#product_Base_POST|product_Put|product_Full,not_applicable,PROVIDER_VERIFIED,"Provider-local classification from typed inventory evidence; no cross-platform equivalence asserted."
b8c566ce29fd0979871b970ea75a1fef45c043607bef6c3a7d388e726908a60f,bigcommerce-v1-ecb1456bfdfebdc6,bigcommerce,docs/data/bigcommerce_v3_product_capability_inventory.csv,16,c7f0ced6ce21a9617d37ae6ccc3da09c2f8fa2c8488ba375b7f6e6502daa1ca6,3.1.0,"Admin Catalog OpenAPI",product,date_modified,not_applicable,required_in=none;schema_evidence=product_Full,not_applicable,bigcommerce:atom:product:date_modified,bigcommerce:product:date_modified,DERIVED_PROJECTION,Connector,read_or_platform_projection,Product,string,readable,specialized_or_read_only,not_applicable,not_applicable,https://docs.bigcommerce.com/openapi/admin-catalog-products.json#product_Full,not_applicable,PROVIDER_VERIFIED,"Provider-local classification from typed inventory evidence; no cross-platform equivalence asserted."
e766beb3b234ead93893433f91cf6d0a9d56799efb431491dc286548bbef5f57,bigcommerce-v1-ecb1456bfdfebdc6,bigcommerce,docs/data/bigcommerce_v3_product_capability_inventory.csv,17,1371e11c1d00eb665653f43bc10aa9e5aba29d64cfeed73d13640a38b48a1964,3.1.0,"Admin Catalog OpenAPI",product,depth,not_applicable,required_in=none;schema_evidence=product_Base_POST|product_Put|product_Full,not_applicable,bigcommerce:atom:product:depth,bigcommerce:depth,REUSABLE_SEMANTIC,ProductData,provider_field,Product,string,readable,writable,not_applicable,not_applicable,https://docs.bigcommerce.com/openapi/admin-catalog-products.json#product_Base_POST|product_Put|product_Full,not_applicable,PROVIDER_VERIFIED,"Provider-local classification from typed inventory evidence; no cross-platform equivalence asserted."
5616fba1d091f87df0d0e833ac960ddc62bbeb4881815afb573b2026b992246f,bigcommerce-v1-ecb1456bfdfebdc6,bigcommerce,docs/data/bigcommerce_v3_product_capability_inventory.csv,18,c0ef722140ff38232df3b7777d257a15ea407bb2b882c64998f3bd8e6f7a15a9,3.1.0,"Admin Catalog OpenAPI",product,description,not_applicable,required_in=none;schema_evidence=product_Base_POST|product_Put|product_Full,not_applicable,bigcommerce:atom:product:description,bigcommerce:product:description,REUSABLE_SEMANTIC,ProductData,provider_field,Product,string,readable,writable,not_applicable,not_applicable,https://docs.bigcommerce.com/openapi/admin-catalog-products.json#product_Base_POST|product_Put|product_Full,not_applicable,PROVIDER_VERIFIED,"Provider-local classification from typed inventory evidence; no cross-platform equivalence asserted."
19a182fc917af6a9d630452bae1d8378c8843f11d3eddf0ffd8c7f0feb14088e,bigcommerce-v1-ecb1456bfdfebdc6,bigcommerce,docs/data/bigcommerce_v3_product_capability_inventory.csv,19,9163710c5b9c529f081e2d47e212a3d94f863be8bf37d2cded579c451896621f,3.1.0,"Admin Catalog OpenAPI",product,fixed_cost_shipping_price,not_applicable,required_in=none;schema_evidence=product_Base_POST|product_Put|product_Full,not_applicable,bigcommerce:atom:product:fixed_cost_shipping_price,bigcommerce:fixed_cost_shipping_price,DOMAIN_CAPABILITY,Pricing,domain_value,Product,string,readable,writable,not_applicable,not_applicable,https://docs.bigcommerce.com/openapi/admin-catalog-products.json#product_Base_POST|product_Put|product_Full,not_applicable,PROVIDER_VERIFIED,"Provider-local classification from typed inventory evidence; no cross-platform equivalence asserted."
9cc29358625a6f7f571314330e8486954f71923bd04c9ab47bf90f859bc31ba1,bigcommerce-v1-ecb1456bfdfebdc6,bigcommerce,docs/data/bigcommerce_v3_product_capability_inventory.csv,20,14840cc978d042b921722fe93df2efce03f76008d38d5e50226c8950e1a92923,3.1.0,"Admin Catalog OpenAPI",product,gift_wrapping_options_list,not_applicable,required_in=none;schema_evidence=product_Base_POST|product_Put|product_Full,not_applicable,bigcommerce:atom:product:gift_wrapping_options_list,bigcommerce:product:gift_wrapping_options_list,CHANNEL_SEMANTIC,Connector,channel_context,Product,list,readable,writable,not_applicable,not_applicable,https://docs.bigcommerce.com/openapi/admin-catalog-products.json#product_Base_POST|product_Put|product_Full,not_applicable,PROVIDER_VERIFIED,"Provider-local classification from typed inventory evidence; no cross-platform equivalence asserted."
e050c0c84ff4438691de3ad84aa6f230ff790dc29415f0bd07c651c11c0d9b8e,bigcommerce-v1-ecb1456bfdfebdc6,bigcommerce,docs/data/bigcommerce_v3_product_capability_inventory.csv,21,65f05785818f6e4b07f3a6ea1ed0efe37927c4c590ddee3c7aa3afd81d5e4ffd,3.1.0,"Admin Catalog OpenAPI",product,gift_wrapping_options_type,not_applicable,required_in=none;schema_evidence=product_Base_POST|product_Put|product_Full,not_applicable,bigcommerce:atom:product:gift_wrapping_options_type,bigcommerce:product:gift_wrapping_options_type,CHANNEL_SEMANTIC,Connector,channel_context,Product,object_or_controlled,readable,writable,not_applicable,not_applicable,https://docs.bigcommerce.com/openapi/admin-catalog-products.json#product_Base_POST|product_Put|product_Full,not_applicable,PROVIDER_VERIFIED,"Provider-local classification from typed inventory evidence; no cross-platform equivalence asserted."
3761dbb680c17081dc7b3461f22d4fcb7ce189c0e1d7bd7ac9f46b2e85a08f0d,bigcommerce-v1-ecb1456bfdfebdc6,bigcommerce,docs/data/bigcommerce_v3_product_capability_inventory.csv,22,5a3fc96d9e457aaadaa72e5d261083a76de0398dd71f44377e7f296396346ee0,3.1.0,"Admin Catalog OpenAPI",product,gtin,not_applicable,required_in=none;schema_evidence=product_Base_POST|product_Put|product_Full,not_applicable,bigcommerce:atom:product:gtin,bigcommerce:gtin,REUSABLE_SEMANTIC,ProductData,provider_field,Product,string,readable,writable,not_applicable,not_applicable,https://docs.bigcommerce.com/openapi/admin-catalog-products.json#product_Base_POST|product_Put|product_Full,not_applicable,PROVIDER_VERIFIED,"Provider-local classification from typed inventory evidence; no cross-platform equivalence asserted."
d22e03c020e0dc64380ac2ccdc853cdad668d1b4036cdf1f7873897321293ae9,bigcommerce-v1-ecb1456bfdfebdc6,bigcommerce,docs/data/bigcommerce_v3_product_capability_inventory.csv,23,53922d015719dde6d7de2dcbba762ac51b3305eb9625622368f9ce36bb2475cc,3.1.0,"Admin Catalog OpenAPI",product,height,not_applicable,required_in=none;schema_evidence=product_Base_POST|product_Put|product_Full,not_applicable,bigcommerce:atom:product:height,bigcommerce:height,REUSABLE_SEMANTIC,ProductData,provider_field,Product,string,readable,writable,not_applicable,not_applicable,https://docs.bigcommerce.com/openapi/admin-catalog-products.json#product_Base_POST|product_Put|product_Full,not_applicable,PROVIDER_VERIFIED,"Provider-local classification from typed inventory evidence; no cross-platform equivalence asserted."
c0a6fbedf14331799530ebbd8bbcfabd44dce6039b083ccff216ba98aa5d9a58,bigcommerce-v1-ecb1456bfdfebdc6,bigcommerce,docs/data/bigcommerce_v3_product_capability_inventory.csv,24,cbfc759d3f583c834e619ef2ee35095038cb151ee83ab9336f53a518049fd7cb,3.1.0,"Admin Catalog OpenAPI",product,id,not_applicable,required_in=none;schema_evidence=product_Full,not_applicable,bigcommerce:atom:product:id,bigcommerce:product:id,EXTERNAL_IDENTITY,Connector,external_record_identity,Product,integer,readable,specialized_or_read_only,not_applicable,not_applicable,https://docs.bigcommerce.com/openapi/admin-catalog-products.json#product_Full,not_applicable,PROVIDER_VERIFIED,"Provider-local classification from typed inventory evidence; no cross-platform equivalence asserted."
5547f90dee4cee697c58b677247a1a0af9cbe2c8310d0bd4038ad305ac5a9b95,bigcommerce-v1-ecb1456bfdfebdc6,bigcommerce,docs/data/bigcommerce_v3_product_capability_inventory.csv,25,621d4c22a2f8d969d15108756f54484fc6cf3e9215554065bb51b8cac82cf46c,3.1.0,"Admin Catalog OpenAPI",product,images,not_applicable,required_in=none;schema_evidence=product_Base_POST|product_Put|product_Full,not_applicable,bigcommerce:atom:product:images,bigcommerce:product:images,DOMAIN_CAPABILITY,Media,domain_value,Product,list,readable,writable,not_applicable,not_applicable,https://docs.bigcommerce.com/openapi/admin-catalog-products.json#product_Base_POST|product_Put|product_Full,not_applicable,PROVIDER_VERIFIED,"Provider-local classification from typed inventory evidence; no cross-platform equivalence asserted."
4274ab6e19212c9929b756c727e774d09e322b2f0ea91946ebc85ee75f5b18b4,bigcommerce-v1-ecb1456bfdfebdc6,bigcommerce,docs/data/bigcommerce_v3_product_capability_inventory.csv,26,fc4e1d7bfcd895fee1baa9715faddd7013490b895557b9312200b19d9e31e58d,3.1.0,"Admin Catalog OpenAPI",product,inventory_level,not_applicable,required_in=none;schema_evidence=product_Base_POST|product_Put|product_Full,not_applicable,bigcommerce:atom:product:inventory_level,bigcommerce:inventory_level,DOMAIN_CAPABILITY,Availability,domain_value,Product,integer,readable,writable,not_applicable,not_applicable,https://docs.bigcommerce.com/openapi/admin-catalog-products.json#product_Base_POST|product_Put|product_Full,queue:bigcommerce_product_variant_binding,DEFERRED_REVIEW,"Provider-local classification from typed inventory evidence; no cross-platform equivalence asserted."
c9d4ee76ee1bd003b59fc579052c49f5e581e563d55122e728740a6cfb816b0b,bigcommerce-v1-ecb1456bfdfebdc6,bigcommerce,docs/data/bigcommerce_v3_product_capability_inventory.csv,27,bd10c13d3215b3c17a6571ae123f6464a2d6cae58e4472bd11a26c1ab7a508ff,3.1.0,"Admin Catalog OpenAPI",product,inventory_tracking,not_applicable,required_in=none;schema_evidence=product_Base_POST|product_Put|product_Full,not_applicable,bigcommerce:atom:product:inventory_tracking,bigcommerce:product:inventory_tracking,DOMAIN_CAPABILITY,Availability,domain_value,Product,object_or_controlled,readable,writable,not_applicable,not_applicable,https://docs.bigcommerce.com/openapi/admin-catalog-products.json#product_Base_POST|product_Put|product_Full,not_applicable,PROVIDER_VERIFIED,"Provider-local classification from typed inventory evidence; no cross-platform equivalence asserted."
71ce3589566ee65cfa8903b73f8fc2302dfdc669da6dc3a4d3764e12b4cb927a,bigcommerce-v1-ecb1456bfdfebdc6,bigcommerce,docs/data/bigcommerce_v3_product_capability_inventory.csv,28,0c38592e8f662968071376cee4488bf31baf15d59d8227f3dde9b56188dd6e6e,3.1.0,"Admin Catalog OpenAPI",product,inventory_warning_level,not_applicable,required_in=none;schema_evidence=product_Base_POST|product_Put|product_Full,not_applicable,bigcommerce:atom:product:inventory_warning_level,bigcommerce:inventory_warning_level,DOMAIN_CAPABILITY,Availability,domain_value,Product,integer,readable,writable,not_applicable,not_applicable,https://docs.bigcommerce.com/openapi/admin-catalog-products.json#product_Base_POST|product_Put|product_Full,not_applicable,PROVIDER_VERIFIED,"Provider-local classification from typed inventory evidence; no cross-platform equivalence asserted."
fef283dc9bf800d4e45d9edc9730eabc12c574b60f78e8866c3708e891c45df1,bigcommerce-v1-ecb1456bfdfebdc6,bigcommerce,docs/data/bigcommerce_v3_product_capability_inventory.csv,29,60c454ec23fae260f78b95a411a8d388e16323d0e2378ac246a45d213ffe87c9,3.1.0,"Admin Catalog OpenAPI",product,is_condition_shown,not_applicable,required_in=none;schema_evidence=product_Base_POST|product_Put|product_Full,not_applicable,bigcommerce:atom:product:is_condition_shown,bigcommerce:product:is_condition_shown,CHANNEL_SEMANTIC,Connector,channel_context,Product,boolean,readable,writable,not_applicable,not_applicable,https://docs.bigcommerce.com/openapi/admin-catalog-products.json#product_Base_POST|product_Put|product_Full,not_applicable,PROVIDER_VERIFIED,"Provider-local classification from typed inventory evidence; no cross-platform equivalence asserted."
53659a58ca07f997c6a633a3df442e8a7e7891ee7daba6fffc843858e8dd6450,bigcommerce-v1-ecb1456bfdfebdc6,bigcommerce,docs/data/bigcommerce_v3_product_capability_inventory.csv,30,757b1753d7c4beee4c578edebaf7412bd8addd0af1d84763acd586420419bf85,3.1.0,"Admin Catalog OpenAPI",product,is_featured,not_applicable,required_in=none;schema_evidence=product_Base_POST|product_Put|product_Full,not_applicable,bigcommerce:atom:product:is_featured,bigcommerce:product:is_featured,CHANNEL_SEMANTIC,Connector,channel_context,Product,boolean,readable,writable,not_applicable,not_applicable,https://docs.bigcommerce.com/openapi/admin-catalog-products.json#product_Base_POST|product_Put|product_Full,not_applicable,PROVIDER_VERIFIED,"Provider-local classification from typed inventory evidence; no cross-platform equivalence asserted."
7a54d7a788bd1e6bcbe954bb83dcc8027e6922b32e4a99de9a77bd2247cd5073,bigcommerce-v1-ecb1456bfdfebdc6,bigcommerce,docs/data/bigcommerce_v3_product_capability_inventory.csv,31,3ce10374150426c9ca90478b4e3b0259d926fdaf104cf37ce88383a188fd1e94,3.1.0,"Admin Catalog OpenAPI",product,is_free_shipping,not_applicable,required_in=none;schema_evidence=product_Base_POST|product_Put|product_Full,not_applicable,bigcommerce:atom:product:is_free_shipping,bigcommerce:is_free_shipping,REUSABLE_SEMANTIC,ProductData,provider_field,Product,boolean,readable,writable,not_applicable,not_applicable,https://docs.bigcommerce.com/openapi/admin-catalog-products.json#product_Base_POST|product_Put|product_Full,not_applicable,PROVIDER_VERIFIED,"Provider-local classification from typed inventory evidence; no cross-platform equivalence asserted."
c1eb8e1855f0769cb91bb776a69507daaa5181a5e0ceaddfc0037ad3e69500b2,bigcommerce-v1-ecb1456bfdfebdc6,bigcommerce,docs/data/bigcommerce_v3_product_capability_inventory.csv,32,6f2a72a1fe75344eba4ac6fa6b6e6006f8ee13a42c595314607a75dfab1eca08,3.1.0,"Admin Catalog OpenAPI",product,is_preorder_only,not_applicable,required_in=none;schema_evidence=product_Base_POST|product_Put|product_Full,not_applicable,bigcommerce:atom:product:is_preorder_only,bigcommerce:product:is_preorder_only,REUSABLE_SEMANTIC,ProductData,provider_field,Product,boolean,readable,writable,not_applicable,not_applicable,https://docs.bigcommerce.com/openapi/admin-catalog-products.json#product_Base_POST|product_Put|product_Full,not_applicable,PROVIDER_VERIFIED,"Provider-local classification from typed inventory evidence; no cross-platform equivalence asserted."
fb63fbd2af0e33f53a4186926745fc3e97b4065049c5905226378d143883c6a0,bigcommerce-v1-ecb1456bfdfebdc6,bigcommerce,docs/data/bigcommerce_v3_product_capability_inventory.csv,33,ba491c3d7fba4b591c4354f5ef5609437161861d3fe4e2b1247caeede19368cc,3.1.0,"Admin Catalog OpenAPI",product,is_price_hidden,not_applicable,required_in=none;schema_evidence=product_Base_POST|product_Put|product_Full,not_applicable,bigcommerce:atom:product:is_price_hidden,bigcommerce:product:is_price_hidden,CHANNEL_SEMANTIC,Connector,channel_context,Product,boolean,readable,writable,not_applicable,not_applicable,https://docs.bigcommerce.com/openapi/admin-catalog-products.json#product_Base_POST|product_Put|product_Full,not_applicable,PROVIDER_VERIFIED,"Provider-local classification from typed inventory evidence; no cross-platform equivalence asserted."
5e9b16932da042ba0c9f6ba11051755f02dd39ffa85bbe0e8fd646ddc55a5b0f,bigcommerce-v1-ecb1456bfdfebdc6,bigcommerce,docs/data/bigcommerce_v3_product_capability_inventory.csv,34,93e38706b2e5670981bec80fcd1b186620cace90d93bded6fd986b71cc07936a,3.1.0,"Admin Catalog OpenAPI",product,is_visible,not_applicable,required_in=none;schema_evidence=product_Base_POST|product_Put|product_Full,not_applicable,bigcommerce:atom:product:is_visible,bigcommerce:product:is_visible,CHANNEL_SEMANTIC,Connector,channel_context,Product,boolean,readable,writable,not_applicable,not_applicable,https://docs.bigcommerce.com/openapi/admin-catalog-products.json#product_Base_POST|product_Put|product_Full,not_applicable,PROVIDER_VERIFIED,"Provider-local classification from typed inventory evidence; no cross-platform equivalence asserted."
825bcb2a2af3b9ea3b4a0addacfdbca0fb30a385e16577a35adf13bba1b8f327,bigcommerce-v1-ecb1456bfdfebdc6,bigcommerce,docs/data/bigcommerce_v3_product_capability_inventory.csv,35,b0b49dea330aab436e4723f9cccb31491a3233a50d8b7efb0d307333f731f5e8,3.1.0,"Admin Catalog OpenAPI",product,layout_file,not_applicable,required_in=none;schema_evidence=product_Base_POST|product_Put|product_Full,not_applicable,bigcommerce:atom:product:layout_file,bigcommerce:product:layout_file,CHANNEL_SEMANTIC,Connector,channel_context,Product,string,readable,writable,not_applicable,not_applicable,https://docs.bigcommerce.com/openapi/admin-catalog-products.json#product_Base_POST|product_Put|product_Full,not_applicable,PROVIDER_VERIFIED,"Provider-local classification from typed inventory evidence; no cross-platform equivalence asserted."
beed3ee8b110b4e31c79de2852238f1af7e2a0870af362b6343eea8cba769eab,bigcommerce-v1-ecb1456bfdfebdc6,bigcommerce,docs/data/bigcommerce_v3_product_capability_inventory.csv,36,726c92aca36a10155756550adbcfdfbbe80c338dfebe28be0498188e1a6e39e4,3.1.0,"Admin Catalog OpenAPI",product,map_price,not_applicable,required_in=none;schema_evidence=product_Base_POST|product_Put|product_Full,not_applicable,bigcommerce:atom:product:map_price,bigcommerce:product:map_price,DOMAIN_CAPABILITY,Pricing,domain_value,Product,decimal,readable,writable,not_applicable,not_applicable,https://docs.bigcommerce.com/openapi/admin-catalog-products.json#product_Base_POST|product_Put|product_Full,queue:bigcommerce_map_persistence,DEFERRED_REVIEW,"Provider-local classification from typed inventory evidence; no cross-platform equivalence asserted. Pricing purpose is preserved; MAP, reference retail, base, and sale prices are not merged."
c1a09c244b4592d8404b2a491f496f453b94d36b3eb441eb8c155b1e388c7a68,bigcommerce-v1-ecb1456bfdfebdc6,bigcommerce,docs/data/bigcommerce_v3_product_capability_inventory.csv,37,9de6c8bd1c1ad6c173af6f94f6a451e58aae4fb471705a0dff8d354a91fee082,3.1.0,"Admin Catalog OpenAPI",product,meta_description,not_applicable,required_in=none;schema_evidence=product_Base_POST|product_Put|product_Full,not_applicable,bigcommerce:atom:product:meta_description,bigcommerce:product:meta_description,REUSABLE_SEMANTIC,ProductData,provider_field,Product,string,readable,writable,not_applicable,not_applicable,https://docs.bigcommerce.com/openapi/admin-catalog-products.json#product_Base_POST|product_Put|product_Full,not_applicable,PROVIDER_VERIFIED,"Provider-local classification from typed inventory evidence; no cross-platform equivalence asserted."
cf0e881c846d9a599e99adb6d50ac1b7370d29ed357cad83ea5e11246790f72b,bigcommerce-v1-ecb1456bfdfebdc6,bigcommerce,docs/data/bigcommerce_v3_product_capability_inventory.csv,38,96f99d0bc328551169353edeac29c0c926f4f3c2d76581aef95f6aa9e6511643,3.1.0,"Admin Catalog OpenAPI",product,meta_keywords,not_applicable,required_in=none;schema_evidence=product_Base_POST|product_Put|product_Full,not_applicable,bigcommerce:atom:product:meta_keywords,bigcommerce:product:meta_keywords,REUSABLE_SEMANTIC,ProductData,provider_field,Product,list,readable,writable,not_applicable,not_applicable,https://docs.bigcommerce.com/openapi/admin-catalog-products.json#product_Base_POST|product_Put|product_Full,not_applicable,PROVIDER_VERIFIED,"Provider-local classification from typed inventory evidence; no cross-platform equivalence asserted."
de9dff2f0db17e75fa39accfed47a791f678324b43c9951dfd67c0a1dc9c7d3d,bigcommerce-v1-ecb1456bfdfebdc6,bigcommerce,docs/data/bigcommerce_v3_product_capability_inventory.csv,39,3d3c34bad9745341b17e50391e964d3f0ed115d87b0aa87f83f15c841980382a,3.1.0,"Admin Catalog OpenAPI",product,modifiers,not_applicable,required_in=none;schema_evidence=product_Full,not_applicable,bigcommerce:atom:product:modifiers,bigcommerce:product:modifiers,DOMAIN_CAPABILITY,OrderCustomization,order_time_customization,Product,list,readable,specialized_or_read_only,not_applicable,not_applicable,https://docs.bigcommerce.com/openapi/admin-catalog-products.json#product_Full,not_applicable,PROVIDER_VERIFIED,"Provider-local classification from typed inventory evidence; no cross-platform equivalence asserted."
9ba699d437c2471197a03c981126f9aaa8f90ec51ca248b4ca6ba86bb49ed7bd,bigcommerce-v1-ecb1456bfdfebdc6,bigcommerce,docs/data/bigcommerce_v3_product_capability_inventory.csv,40,5172b7c4f55ebb9625e7b8806c87fcd4913e3171d25aedb7826cea4070e52138,3.1.0,"Admin Catalog OpenAPI",product,mpn,not_applicable,required_in=none;schema_evidence=product_Base_POST|product_Put|product_Full,not_applicable,bigcommerce:atom:product:mpn,bigcommerce:mpn,REUSABLE_SEMANTIC,ProductData,provider_field,Product,string,readable,writable,not_applicable,not_applicable,https://docs.bigcommerce.com/openapi/admin-catalog-products.json#product_Base_POST|product_Put|product_Full,not_applicable,PROVIDER_VERIFIED,"Provider-local classification from typed inventory evidence; no cross-platform equivalence asserted."
50463424fd66a1df1523c492523412963f842302c62ca9fd95788bb6dfcd6ac1,bigcommerce-v1-ecb1456bfdfebdc6,bigcommerce,docs/data/bigcommerce_v3_product_capability_inventory.csv,41,6a95d6686c7a1b2763be50bcf313a7ec765b87467e359048ff35660044d85bfd,3.1.0,"Admin Catalog OpenAPI",product,name,not_applicable,required_in=product_Base_POST;schema_evidence=product_Base_POST|product_Put|product_Full,not_applicable,bigcommerce:atom:product:name,bigcommerce:product:name,REUSABLE_SEMANTIC,ProductData,provider_field,Product,string,readable,writable,not_applicable,not_applicable,https://docs.bigcommerce.com/openapi/admin-catalog-products.json#product_Base_POST|product_Put|product_Full,not_applicable,PROVIDER_VERIFIED,"Provider-local classification from typed inventory evidence; no cross-platform equivalence asserted."
777547556d242e9c0ecab27ffc28d4e37ed977594d37a08863fa41e793dc0687,bigcommerce-v1-ecb1456bfdfebdc6,bigcommerce,docs/data/bigcommerce_v3_product_capability_inventory.csv,42,ca1a3bdda5bebaf12b2b2ea0e73389e4515b90bf6a42f31c47ac05683fc1b9cf,3.1.0,"Admin Catalog OpenAPI",product,open_graph_description,not_applicable,required_in=none;schema_evidence=product_Base_POST|product_Put|product_Full,not_applicable,bigcommerce:atom:product:open_graph_description,bigcommerce:product:open_graph_description,CHANNEL_SEMANTIC,Connector,channel_context,Product,string,readable,writable,not_applicable,not_applicable,https://docs.bigcommerce.com/openapi/admin-catalog-products.json#product_Base_POST|product_Put|product_Full,not_applicable,PROVIDER_VERIFIED,"Provider-local classification from typed inventory evidence; no cross-platform equivalence asserted."
f8b4af0062346c0171bea24eff321627a10afd719b51df3ee33477d48420e2d3,bigcommerce-v1-ecb1456bfdfebdc6,bigcommerce,docs/data/bigcommerce_v3_product_capability_inventory.csv,43,cbdcaef37306d13364e13d85f70bb2628ec31554cf03406724b8268b4a0e2027,3.1.0,"Admin Catalog OpenAPI",product,open_graph_title,not_applicable,required_in=none;schema_evidence=product_Base_POST|product_Put|product_Full,not_applicable,bigcommerce:atom:product:open_graph_title,bigcommerce:product:open_graph_title,CHANNEL_SEMANTIC,Connector,channel_context,Product,string,readable,writable,not_applicable,not_applicable,https://docs.bigcommerce.com/openapi/admin-catalog-products.json#product_Base_POST|product_Put|product_Full,not_applicable,PROVIDER_VERIFIED,"Provider-local classification from typed inventory evidence; no cross-platform equivalence asserted."
11ad44046b930b8f325bf46c775b8096b57d6a73211b6017bdc905b1dd6efdf8,bigcommerce-v1-ecb1456bfdfebdc6,bigcommerce,docs/data/bigcommerce_v3_product_capability_inventory.csv,44,2beb9241cf158d328ae55a617f0f81f1e5362d0caa809c35b26491d764bda3dd,3.1.0,"Admin Catalog OpenAPI",product,open_graph_type,not_applicable,required_in=none;schema_evidence=product_Base_POST|product_Put|product_Full,not_applicable,bigcommerce:atom:product:open_graph_type,bigcommerce:product:open_graph_type,CHANNEL_SEMANTIC,Connector,channel_context,Product,object_or_controlled,readable,writable,not_applicable,not_applicable,https://docs.bigcommerce.com/openapi/admin-catalog-products.json#product_Base_POST|product_Put|product_Full,not_applicable,PROVIDER_VERIFIED,"Provider-local classification from typed inventory evidence; no cross-platform equivalence asserted."
7aaff26e04eb8d2099b95f2b58dada3b946aa539753b3753e5e29407a7336731,bigcommerce-v1-ecb1456bfdfebdc6,bigcommerce,docs/data/bigcommerce_v3_product_capability_inventory.csv,45,242e5492ff2297a0b3c0a54cfcdd9c24534b8660c169b118ce6e2a823a952535,3.1.0,"Admin Catalog OpenAPI",product,open_graph_use_image,not_applicable,required_in=none;schema_evidence=product_Base_POST|product_Put|product_Full,not_applicable,bigcommerce:atom:product:open_graph_use_image,bigcommerce:product:open_graph_use_image,CHANNEL_SEMANTIC,Connector,channel_context,Product,boolean,readable,writable,not_applicable,not_applicable,https://docs.bigcommerce.com/openapi/admin-catalog-products.json#product_Base_POST|product_Put|product_Full,not_applicable,PROVIDER_VERIFIED,"Provider-local classification from typed inventory evidence; no cross-platform equivalence asserted."
cf4bf1972fc510815d7d26590aecd86c43d025b0ddd24fe6e8d59293db4c3fb6,bigcommerce-v1-ecb1456bfdfebdc6,bigcommerce,docs/data/bigcommerce_v3_product_capability_inventory.csv,46,e9c3fa863f12fa4e7f75d8a3b653d4e9de2b3646f77cdc553ad938f43468feca,3.1.0,"Admin Catalog OpenAPI",product,open_graph_use_meta_description,not_applicable,required_in=none;schema_evidence=product_Base_POST|product_Put|product_Full,not_applicable,bigcommerce:atom:product:open_graph_use_meta_description,bigcommerce:product:open_graph_use_meta_description,CHANNEL_SEMANTIC,Connector,channel_context,Product,boolean,readable,writable,not_applicable,not_applicable,https://docs.bigcommerce.com/openapi/admin-catalog-products.json#product_Base_POST|product_Put|product_Full,not_applicable,PROVIDER_VERIFIED,"Provider-local classification from typed inventory evidence; no cross-platform equivalence asserted."
360cbe126a5fc68aa0a774697fe0e3f721ef1296f5c8dc7519b96a9955246e01,bigcommerce-v1-ecb1456bfdfebdc6,bigcommerce,docs/data/bigcommerce_v3_product_capability_inventory.csv,47,84e578356cd950ef45f51e3d4e1cc77851ba1d07df5a5080f4b22a23a8f96368,3.1.0,"Admin Catalog OpenAPI",product,open_graph_use_product_name,not_applicable,required_in=none;schema_evidence=product_Base_POST|product_Put|product_Full,not_applicable,bigcommerce:atom:product:open_graph_use_product_name,bigcommerce:product:open_graph_use_product_name,CHANNEL_SEMANTIC,Connector,channel_context,Product,boolean,readable,writable,not_applicable,not_applicable,https://docs.bigcommerce.com/openapi/admin-catalog-products.json#product_Base_POST|product_Put|product_Full,not_applicable,PROVIDER_VERIFIED,"Provider-local classification from typed inventory evidence; no cross-platform equivalence asserted."
ef9e78bbbc636cd6c7f22fac767e2c93a6b606b3a5cd43cc768ea88abe16eb1e,bigcommerce-v1-ecb1456bfdfebdc6,bigcommerce,docs/data/bigcommerce_v3_product_capability_inventory.csv,48,6e7585434b82b8265258428421004ea1f491f92c401b3566aa04234b5cf098d0,3.1.0,"Admin Catalog OpenAPI",product,option_set_display,not_applicable,required_in=none;schema_evidence=product_Full,not_applicable,bigcommerce:atom:product:option_set_display,bigcommerce:product:option_set_display,CHANNEL_SEMANTIC,Connector,channel_context,Product,string,readable,specialized_or_read_only,not_applicable,not_applicable,https://docs.bigcommerce.com/openapi/admin-catalog-products.json#product_Full,not_applicable,PROVIDER_VERIFIED,"Provider-local classification from typed inventory evidence; no cross-platform equivalence asserted."
494632598bd7bee3c2e8c69ec78cc33df4420f6847a295a024699258a905ca49,bigcommerce-v1-ecb1456bfdfebdc6,bigcommerce,docs/data/bigcommerce_v3_product_capability_inventory.csv,49,e14faf7b8acd543b1b93709ecfb37d8e32161fc8e73c3613f66d16ab839106d2,3.1.0,"Admin Catalog OpenAPI",product,option_set_id,not_applicable,required_in=none;schema_evidence=product_Full,not_applicable,bigcommerce:atom:product:option_set_id,bigcommerce:product:option_set_id,CHANNEL_SEMANTIC,Connector,channel_context,Product,integer,readable,specialized_or_read_only,not_applicable,not_applicable,https://docs.bigcommerce.com/openapi/admin-catalog-products.json#product_Full,not_applicable,PROVIDER_VERIFIED,"Provider-local classification from typed inventory evidence; no cross-platform equivalence asserted."
3f1fff3031146d24860173cb20d7f79b7b93c0cbf3ee1ef936b09533607c2436,bigcommerce-v1-ecb1456bfdfebdc6,bigcommerce,docs/data/bigcommerce_v3_product_capability_inventory.csv,50,20545729973b6dbbb38e17db04884649649e87dac89dfc4552500d719656ac17,3.1.0,"Admin Catalog OpenAPI",product,options,not_applicable,required_in=none;schema_evidence=product_Full,not_applicable,bigcommerce:atom:product:options,bigcommerce:product:options,DOMAIN_CAPABILITY,VariantComposition,variant_composition,Product,list,readable,specialized_or_read_only,not_applicable,not_applicable,https://docs.bigcommerce.com/openapi/admin-catalog-products.json#product_Full,not_applicable,PROVIDER_VERIFIED,"Provider-local classification from typed inventory evidence; no cross-platform equivalence asserted."
19e03af11adb7cb562c28dc7b0b33ce9f81149c035366e46d4cc8c83646b5f48,bigcommerce-v1-ecb1456bfdfebdc6,bigcommerce,docs/data/bigcommerce_v3_product_capability_inventory.csv,51,11282e1e37fedddabf36a717af03dbd8d3d47f26b987834a1ca6855013e11e8f,3.1.0,"Admin Catalog OpenAPI",product,order_quantity_maximum,not_applicable,required_in=none;schema_evidence=product_Base_POST|product_Put|product_Full,not_applicable,bigcommerce:atom:product:order_quantity_maximum,bigcommerce:product:order_quantity_maximum,REUSABLE_SEMANTIC,ProductData,provider_field,Product,integer,readable,writable,not_applicable,not_applicable,https://docs.bigcommerce.com/openapi/admin-catalog-products.json#product_Base_POST|product_Put|product_Full,queue:bigcommerce_order_constraints,DEFERRED_REVIEW,"Provider-local classification from typed inventory evidence; no cross-platform equivalence asserted."
35f3debc2921fc8298194295b4e2a808ca927c201d181dc712015455e300ceae,bigcommerce-v1-ecb1456bfdfebdc6,bigcommerce,docs/data/bigcommerce_v3_product_capability_inventory.csv,52,edd7a92560c2a68197d3888a3822afa1c77e776329d40a4cb96077cda29d2f77,3.1.0,"Admin Catalog OpenAPI",product,order_quantity_minimum,not_applicable,required_in=none;schema_evidence=product_Base_POST|product_Put|product_Full,not_applicable,bigcommerce:atom:product:order_quantity_minimum,bigcommerce:product:order_quantity_minimum,REUSABLE_SEMANTIC,ProductData,provider_field,Product,integer,readable,writable,not_applicable,not_applicable,https://docs.bigcommerce.com/openapi/admin-catalog-products.json#product_Base_POST|product_Put|product_Full,queue:bigcommerce_order_constraints,DEFERRED_REVIEW,"Provider-local classification from typed inventory evidence; no cross-platform equivalence asserted."
67121d1831bf86689a6db4e5baf98d81d5004ef5b8f3d0a1201c2f83977e1437,bigcommerce-v1-ecb1456bfdfebdc6,bigcommerce,docs/data/bigcommerce_v3_product_capability_inventory.csv,53,83c0bdb7d43982f1f1ea0fa2c7c6b4848b7b840059537df36b026c306587f220,3.1.0,"Admin Catalog OpenAPI",product,page_title,not_applicable,required_in=none;schema_evidence=product_Base_POST|product_Put|product_Full,not_applicable,bigcommerce:atom:product:page_title,bigcommerce:product:page_title,REUSABLE_SEMANTIC,ProductData,provider_field,Product,string,readable,writable,not_applicable,not_applicable,https://docs.bigcommerce.com/openapi/admin-catalog-products.json#product_Base_POST|product_Put|product_Full,not_applicable,PROVIDER_VERIFIED,"Provider-local classification from typed inventory evidence; no cross-platform equivalence asserted."
a977fc5f199aff94b1ca939b8a128ca56d71b23c381ea7454268f7d3a8e96199,bigcommerce-v1-ecb1456bfdfebdc6,bigcommerce,docs/data/bigcommerce_v3_product_capability_inventory.csv,54,81d65ab260731b90faf7be6f6e3ec625f978457a5e88736dc67cd18001e0bdb7,3.1.0,"Admin Catalog OpenAPI",product,preorder_message,not_applicable,required_in=none;schema_evidence=product_Base_POST|product_Put|product_Full,not_applicable,bigcommerce:atom:product:preorder_message,bigcommerce:product:preorder_message,REUSABLE_SEMANTIC,ProductData,provider_field,Product,string,readable,writable,not_applicable,not_applicable,https://docs.bigcommerce.com/openapi/admin-catalog-products.json#product_Base_POST|product_Put|product_Full,not_applicable,PROVIDER_VERIFIED,"Provider-local classification from typed inventory evidence; no cross-platform equivalence asserted."
d65dcb6c4ab2d54523430d966ca26af0ee8d4af54221b31818f38b57eb4a45ba,bigcommerce-v1-ecb1456bfdfebdc6,bigcommerce,docs/data/bigcommerce_v3_product_capability_inventory.csv,55,2162f48fac2f46430ebc208ceda04abf7621c5e59971f3e4577a331d69b80c27,3.1.0,"Admin Catalog OpenAPI",product,preorder_release_date,not_applicable,required_in=none;schema_evidence=product_Base_POST|product_Put|product_Full,not_applicable,bigcommerce:atom:product:preorder_release_date,bigcommerce:product:preorder_release_date,REUSABLE_SEMANTIC,ProductData,provider_field,Product,string,readable,writable,not_applicable,not_applicable,https://docs.bigcommerce.com/openapi/admin-catalog-products.json#product_Base_POST|product_Put|product_Full,not_applicable,PROVIDER_VERIFIED,"Provider-local classification from typed inventory evidence; no cross-platform equivalence asserted."
e133678d91de397d8b58ecd9bb68d1f94a90608cc191ef9281fbff771d934f3b,bigcommerce-v1-ecb1456bfdfebdc6,bigcommerce,docs/data/bigcommerce_v3_product_capability_inventory.csv,56,1b93b2aa2f0ead646b054f40fd720221ae34300c43047461f491e4d9b21684ad,3.1.0,"Admin Catalog OpenAPI",product,price,not_applicable,required_in=product_Base_POST;schema_evidence=product_Base_POST|product_Put|product_Full,not_applicable,bigcommerce:atom:product:price,bigcommerce:price,DOMAIN_CAPABILITY,Pricing,domain_value,Product,string,readable,writable,not_applicable,not_applicable,https://docs.bigcommerce.com/openapi/admin-catalog-products.json#product_Base_POST|product_Put|product_Full,queue:bigcommerce_product_variant_binding,DEFERRED_REVIEW,"Provider-local classification from typed inventory evidence; no cross-platform equivalence asserted. Pricing purpose is preserved; MAP, reference retail, base, and sale prices are not merged."
0bc91b07460c23b8d2d2a3be7261582c8c3e6c0c2047a8f4feb1ad217685d823,bigcommerce-v1-ecb1456bfdfebdc6,bigcommerce,docs/data/bigcommerce_v3_product_capability_inventory.csv,57,5c778fd88911120cd682609c9527ea44298dc42647635906b5949dc5b8a93761,3.1.0,"Admin Catalog OpenAPI",product,price_hidden_label,not_applicable,required_in=none;schema_evidence=product_Base_POST|product_Put|product_Full,not_applicable,bigcommerce:atom:product:price_hidden_label,bigcommerce:product:price_hidden_label,CHANNEL_SEMANTIC,Connector,channel_context,Product,string,readable,writable,not_applicable,not_applicable,https://docs.bigcommerce.com/openapi/admin-catalog-products.json#product_Base_POST|product_Put|product_Full,not_applicable,PROVIDER_VERIFIED,"Provider-local classification from typed inventory evidence; no cross-platform equivalence asserted."
e927082728dd21900c3b3050edaba89bc9450d79b3c88afaf6cf48ad63cdc504,bigcommerce-v1-ecb1456bfdfebdc6,bigcommerce,docs/data/bigcommerce_v3_product_capability_inventory.csv,58,44604f3eb65be972b6c8b9b63135892397fa0c828fd722cc1ea425d446aa284b,3.1.0,"Admin Catalog OpenAPI",product,primary_image,not_applicable,required_in=none;schema_evidence=product_Full,not_applicable,bigcommerce:atom:product:primary_image,bigcommerce:product:primary_image,DOMAIN_CAPABILITY,Media,domain_value,Product,object_or_controlled,readable,specialized_or_read_only,not_applicable,not_applicable,https://docs.bigcommerce.com/openapi/admin-catalog-products.json#product_Full,not_applicable,PROVIDER_VERIFIED,"Provider-local classification from typed inventory evidence; no cross-platform equivalence asserted."
7ada56593164a17eafb8884c8298d21bfa4b6e4d3604b7c1e74bc0f206f5ee6b,bigcommerce-v1-ecb1456bfdfebdc6,bigcommerce,docs/data/bigcommerce_v3_product_capability_inventory.csv,59,6d86bf3719f64da28eeae74123610621aa5b48853bbc97dd0299aab37a412053,3.1.0,"Admin Catalog OpenAPI",product,product_tax_code,not_applicable,required_in=none;schema_evidence=product_Base_POST|product_Put|product_Full,not_applicable,bigcommerce:atom:product:product_tax_code,bigcommerce:product:product_tax_code,CHANNEL_SEMANTIC,Connector,third_party_tax_code_passthrough,Product,string,readable,writable,not_applicable,not_applicable,https://docs.bigcommerce.com/openapi/admin-catalog-products.json#product_Base_POST|product_Put|product_Full,queue:bigcommerce_tax_owner,DEFERRED_REVIEW,"Provider-local classification from typed inventory evidence; no cross-platform equivalence asserted."
ab7d5a9114af07828e09e59fee74bc08c5fdddfbba5bfd9f71bb7097043ff99b,bigcommerce-v1-ecb1456bfdfebdc6,bigcommerce,docs/data/bigcommerce_v3_product_capability_inventory.csv,60,871a3f753bb96a0100e691b191a92588bd23b38836fe82c4d503bcd229a2b6a5,3.1.0,"Admin Catalog OpenAPI",product,related_products,not_applicable,required_in=none;schema_evidence=product_Base_POST|product_Put|product_Full,not_applicable,bigcommerce:atom:product:related_products,bigcommerce:product:related_products,DOMAIN_CAPABILITY,ProductAssociation,product_relationship,Product,list,readable,writable,not_applicable,not_applicable,https://docs.bigcommerce.com/openapi/admin-catalog-products.json#product_Base_POST|product_Put|product_Full,not_applicable,PROVIDER_VERIFIED,"Provider-local classification from typed inventory evidence; no cross-platform equivalence asserted."
947142869fa033eef7a1e17fc6e005f9f9d0feb9430ef0b35e5c6a2c92ebb95a,bigcommerce-v1-ecb1456bfdfebdc6,bigcommerce,docs/data/bigcommerce_v3_product_capability_inventory.csv,61,e703a4d95e757cd69b2a169da7b6902363013c3f4264a8a456e82a82bb99e9d3,3.1.0,"Admin Catalog OpenAPI",product,retail_price,not_applicable,required_in=none;schema_evidence=product_Base_POST|product_Put|product_Full,not_applicable,bigcommerce:atom:product:retail_price,bigcommerce:retail_price,DOMAIN_CAPABILITY,Pricing,domain_value,Product,string,readable,writable,not_applicable,not_applicable,https://docs.bigcommerce.com/openapi/admin-catalog-products.json#product_Base_POST|product_Put|product_Full,not_applicable,PROVIDER_VERIFIED,"Provider-local classification from typed inventory evidence; no cross-platform equivalence asserted. Pricing purpose is preserved; MAP, reference retail, base, and sale prices are not merged."
18c313aae2e94b809b4277a7a09e4e47cdff445f708f0f0adc6f21bf29e2608c,bigcommerce-v1-ecb1456bfdfebdc6,bigcommerce,docs/data/bigcommerce_v3_product_capability_inventory.csv,62,03b4713382542633aa771178334d79fc5aa4745ef70bc974dcdbe9f5a47e2010,3.1.0,"Admin Catalog OpenAPI",product,reviews_count,not_applicable,required_in=none;schema_evidence=product_Base_POST|product_Put|product_Full,not_applicable,bigcommerce:atom:product:reviews_count,bigcommerce:product:reviews_count,DERIVED_PROJECTION,Connector,read_or_platform_projection,Product,integer,readable,writable,not_applicable,not_applicable,https://docs.bigcommerce.com/openapi/admin-catalog-products.json#product_Base_POST|product_Put|product_Full,not_applicable,PROVIDER_VERIFIED,"Provider-local classification from typed inventory evidence; no cross-platform equivalence asserted."
97152e6f137ae6d19011924f1ab2280c12b6364c217857db39e973ac75f79334,bigcommerce-v1-ecb1456bfdfebdc6,bigcommerce,docs/data/bigcommerce_v3_product_capability_inventory.csv,63,526edaa6e8d137d579275999d225d47776bf78c94660dbbbeab99a77747b6b32,3.1.0,"Admin Catalog OpenAPI",product,reviews_rating_sum,not_applicable,required_in=none;schema_evidence=product_Base_POST|product_Put|product_Full,not_applicable,bigcommerce:atom:product:reviews_rating_sum,bigcommerce:product:reviews_rating_sum,DERIVED_PROJECTION,Connector,read_or_platform_projection,Product,integer,readable,writable,not_applicable,not_applicable,https://docs.bigcommerce.com/openapi/admin-catalog-products.json#product_Base_POST|product_Put|product_Full,not_applicable,PROVIDER_VERIFIED,"Provider-local classification from typed inventory evidence; no cross-platform equivalence asserted."
931e5ee07e15c435d76b6c03b653dcf410a1edef48bc8db77c427200579e5611,bigcommerce-v1-ecb1456bfdfebdc6,bigcommerce,docs/data/bigcommerce_v3_product_capability_inventory.csv,64,2607db1a66469713c03af565db638f5309dd172c2ead7cce42e358f9efb56696,3.1.0,"Admin Catalog OpenAPI",product,sale_price,not_applicable,required_in=none;schema_evidence=product_Base_POST|product_Put|product_Full,not_applicable,bigcommerce:atom:product:sale_price,bigcommerce:sale_price,DOMAIN_CAPABILITY,Pricing,domain_value,Product,string,readable,writable,not_applicable,not_applicable,https://docs.bigcommerce.com/openapi/admin-catalog-products.json#product_Base_POST|product_Put|product_Full,not_applicable,PROVIDER_VERIFIED,"Provider-local classification from typed inventory evidence; no cross-platform equivalence asserted. Pricing purpose is preserved; MAP, reference retail, base, and sale prices are not merged."
2012dad470abc6a3feac9bbcd28bafbbd5cba46e110df5fb9d2c4b08f9f36f75,bigcommerce-v1-ecb1456bfdfebdc6,bigcommerce,docs/data/bigcommerce_v3_product_capability_inventory.csv,65,dcc33ec48a042916df61744084eb32db5f5f08e9ca6da86271c70641645cafee,3.1.0,"Admin Catalog OpenAPI",product,search_keywords,not_applicable,required_in=none;schema_evidence=product_Base_POST|product_Put|product_Full,not_applicable,bigcommerce:atom:product:search_keywords,bigcommerce:product:search_keywords,REUSABLE_SEMANTIC,ProductData,provider_field,Product,string,readable,writable,not_applicable,not_applicable,https://docs.bigcommerce.com/openapi/admin-catalog-products.json#product_Base_POST|product_Put|product_Full,not_applicable,PROVIDER_VERIFIED,"Provider-local classification from typed inventory evidence; no cross-platform equivalence asserted."
0ec3f1e32a63714140f79137c964523ba38585f9b8329fffd6c9d5b8678310f6,bigcommerce-v1-ecb1456bfdfebdc6,bigcommerce,docs/data/bigcommerce_v3_product_capability_inventory.csv,66,739466c00407f0c23bc8f9f174b4b638111f472ee00097b55acb368fe16e8ac1,3.1.0,"Admin Catalog OpenAPI",product,sku,not_applicable,required_in=none;schema_evidence=product_Base_POST|product_Put|product_Full,not_applicable,bigcommerce:atom:product:sku,bigcommerce:sku,REUSABLE_SEMANTIC,ProductData,provider_field,Product,string,readable,writable,not_applicable,not_applicable,https://docs.bigcommerce.com/openapi/admin-catalog-products.json#product_Base_POST|product_Put|product_Full,queue:bigcommerce_product_variant_binding,DEFERRED_REVIEW,"Provider-local classification from typed inventory evidence; no cross-platform equivalence asserted."
56cfc327d1a6b7ee2ad7f2af00841c81b5fb45d5764f849e988af8174e1996d6,bigcommerce-v1-ecb1456bfdfebdc6,bigcommerce,docs/data/bigcommerce_v3_product_capability_inventory.csv,67,07c7d882438bab3023ef9dd4082d8aa896e1e42fc7aabc556ea9b5f68547a7ad,3.1.0,"Admin Catalog OpenAPI",product,sort_order,not_applicable,required_in=none;schema_evidence=product_Base_POST|product_Put|product_Full,not_applicable,bigcommerce:atom:product:sort_order,bigcommerce:product:sort_order,CHANNEL_SEMANTIC,Connector,channel_context,Product,integer,readable,writable,not_applicable,not_applicable,https://docs.bigcommerce.com/openapi/admin-catalog-products.json#product_Base_POST|product_Put|product_Full,not_applicable,PROVIDER_VERIFIED,"Provider-local classification from typed inventory evidence; no cross-platform equivalence asserted."
30fed9065d1a42390adb36f22aa0c96a548996527c96f15f6497149df0907e3c,bigcommerce-v1-ecb1456bfdfebdc6,bigcommerce,docs/data/bigcommerce_v3_product_capability_inventory.csv,68,bbcb8c0a3d67004dfc554eaf65ee227dd77dd5b1be0dd3184dba0113cf8a6cb6,3.1.0,"Admin Catalog OpenAPI",product,tax_class_id,not_applicable,required_in=none;schema_evidence=product_Base_POST|product_Put|product_Full,not_applicable,bigcommerce:atom:product:tax_class_id,bigcommerce:product:tax_class_id,CHANNEL_SEMANTIC,Connector,account_tax_class_reference,Product,decimal,readable,writable,not_applicable,not_applicable,https://docs.bigcommerce.com/openapi/admin-catalog-products.json#product_Base_POST|product_Put|product_Full,queue:bigcommerce_tax_owner,DEFERRED_REVIEW,"Provider-local classification from typed inventory evidence; no cross-platform equivalence asserted."
f04c62f7ed9206a2d8e435d8e63065173b0c664bc7034d63c1f18ac9f9d1bc40,bigcommerce-v1-ecb1456bfdfebdc6,bigcommerce,docs/data/bigcommerce_v3_product_capability_inventory.csv,69,2060e45d33f0f656685a4dccb910628d0c85d7e665007214e00b8157218e94a4,3.1.0,"Admin Catalog OpenAPI",product,total_sold,not_applicable,required_in=none;schema_evidence=product_Base_POST|product_Put|product_Full,not_applicable,bigcommerce:atom:product:total_sold,bigcommerce:product:total_sold,DERIVED_PROJECTION,Connector,read_or_platform_projection,Product,integer,readable,writable,not_applicable,not_applicable,https://docs.bigcommerce.com/openapi/admin-catalog-products.json#product_Base_POST|product_Put|product_Full,not_applicable,PROVIDER_VERIFIED,"Provider-local classification from typed inventory evidence; no cross-platform equivalence asserted."
69be361b4da1c5df4aba8c1caf88d6f774b27650ff960a57a832dcb56b47c734,bigcommerce-v1-ecb1456bfdfebdc6,bigcommerce,docs/data/bigcommerce_v3_product_capability_inventory.csv,70,d4d953ee187075037ddca2067cd3687761a53918c9bb6ce1a39768d973c7c9ce,3.1.0,"Admin Catalog OpenAPI",product,type,not_applicable,required_in=product_Base_POST;schema_evidence=product_Base_POST|product_Put|product_Full,not_applicable,bigcommerce:atom:product:type,bigcommerce:product:type,CHANNEL_SEMANTIC,Connector,channel_context,Product,object_or_controlled,readable,writable,not_applicable,not_applicable,https://docs.bigcommerce.com/openapi/admin-catalog-products.json#product_Base_POST|product_Put|product_Full,not_applicable,PROVIDER_VERIFIED,"Provider-local classification from typed inventory evidence; no cross-platform equivalence asserted."
460dc2f22170596da3f8f667c04936ca404e0874b0fb4f54d8ecc8e72956ef1a,bigcommerce-v1-ecb1456bfdfebdc6,bigcommerce,docs/data/bigcommerce_v3_product_capability_inventory.csv,71,70d933e8388f8752dae065b73adb49fc7e240459e369c9f3817fb78313cb3998,3.1.0,"Admin Catalog OpenAPI",product,upc,not_applicable,required_in=none;schema_evidence=product_Base_POST|product_Put|product_Full,not_applicable,bigcommerce:atom:product:upc,bigcommerce:upc,REUSABLE_SEMANTIC,ProductData,provider_field,Product,string,readable,writable,not_applicable,not_applicable,https://docs.bigcommerce.com/openapi/admin-catalog-products.json#product_Base_POST|product_Put|product_Full,not_applicable,PROVIDER_VERIFIED,"Provider-local classification from typed inventory evidence; no cross-platform equivalence asserted."
cdd9d5799b5c77b15af20689349d873de8658d8533a49ff78f272b9b4b736f3e,bigcommerce-v1-ecb1456bfdfebdc6,bigcommerce,docs/data/bigcommerce_v3_product_capability_inventory.csv,72,5ab0cbaf6581a9c6b10e6ac8cd9f10ea5e8ffedd09859e1ea37b4498a4495c64,3.1.0,"Admin Catalog OpenAPI",product,variants,not_applicable,required_in=none;schema_evidence=product_Base_POST,not_applicable,bigcommerce:atom:product:variants,bigcommerce:product:variants,DOMAIN_CAPABILITY,VariantComposition,variant_composition,Product,list,not_proven,writable,not_applicable,not_applicable,https://docs.bigcommerce.com/openapi/admin-catalog-products.json#product_Base_POST,not_applicable,PROVIDER_VERIFIED,"Provider-local classification from typed inventory evidence; no cross-platform equivalence asserted."
f67960e654f0411f1508e2974e92914eef7f4de3f1e6ff4179943f90d9ddf70b,bigcommerce-v1-ecb1456bfdfebdc6,bigcommerce,docs/data/bigcommerce_v3_product_capability_inventory.csv,73,3194961156cb271452738cf9107e2d6d1122f1f7b1297a345762ae6974e71c8b,3.1.0,"Admin Catalog OpenAPI",product,videos,not_applicable,required_in=none;schema_evidence=product_Base_POST|product_Put|product_Full,not_applicable,bigcommerce:atom:product:videos,bigcommerce:product:videos,DOMAIN_CAPABILITY,Media,domain_value,Product,list,readable,writable,not_applicable,not_applicable,https://docs.bigcommerce.com/openapi/admin-catalog-products.json#product_Base_POST|product_Put|product_Full,not_applicable,PROVIDER_VERIFIED,"Provider-local classification from typed inventory evidence; no cross-platform equivalence asserted."
5ae6f16a1ccb4aba6ee3d25abaea5d376edea42f6c3b6655f6c5e5e789334844,bigcommerce-v1-ecb1456bfdfebdc6,bigcommerce,docs/data/bigcommerce_v3_product_capability_inventory.csv,74,053e9ddbdad6b0e58514b71ee7cd2dc2801a933597c36aed326792b38a235d9c,3.1.0,"Admin Catalog OpenAPI",product,view_count,not_applicable,required_in=none;schema_evidence=product_Base_POST|product_Put|product_Full,not_applicable,bigcommerce:atom:product:view_count,bigcommerce:product:view_count,DERIVED_PROJECTION,Connector,read_or_platform_projection,Product,integer,readable,writable,not_applicable,not_applicable,https://docs.bigcommerce.com/openapi/admin-catalog-products.json#product_Base_POST|product_Put|product_Full,not_applicable,PROVIDER_VERIFIED,"Provider-local classification from typed inventory evidence; no cross-platform equivalence asserted."
b3942fa3faee2d469b23ce25bb7176571d84728356a567fb55a070ae6c16eeb7,bigcommerce-v1-ecb1456bfdfebdc6,bigcommerce,docs/data/bigcommerce_v3_product_capability_inventory.csv,75,d3153fc6a8f6d21a8c94a1519f2bd67f08225f35dbba973f26ac225da761bf6a,3.1.0,"Admin Catalog OpenAPI",product,warranty,not_applicable,required_in=none;schema_evidence=product_Base_POST|product_Put|product_Full,not_applicable,bigcommerce:atom:product:warranty,bigcommerce:product:warranty,REUSABLE_SEMANTIC,ProductData,provider_field,Product,string,readable,writable,not_applicable,not_applicable,https://docs.bigcommerce.com/openapi/admin-catalog-products.json#product_Base_POST|product_Put|product_Full,not_applicable,PROVIDER_VERIFIED,"Provider-local classification from typed inventory evidence; no cross-platform equivalence asserted."
be256b0fab0605437bf7a10b652bfeb7601d9e8a605aca429f4d53c3cc70abbe,bigcommerce-v1-ecb1456bfdfebdc6,bigcommerce,docs/data/bigcommerce_v3_product_capability_inventory.csv,76,64b291bc71d0e9d56f23be13b906e5b26a3febf98397cbd66557c3a840b27f41,3.1.0,"Admin Catalog OpenAPI",product,weight,not_applicable,required_in=product_Base_POST;schema_evidence=product_Base_POST|product_Put|product_Full,not_applicable,bigcommerce:atom:product:weight,bigcommerce:weight,REUSABLE_SEMANTIC,ProductData,provider_field,Product,string,readable,writable,not_applicable,not_applicable,https://docs.bigcommerce.com/openapi/admin-catalog-products.json#product_Base_POST|product_Put|product_Full,queue:bigcommerce_product_variant_binding|queue:bigcommerce_weight_semantics,DEFERRED_REVIEW,"Provider-local classification from typed inventory evidence; no cross-platform equivalence asserted."
d811c49dacb9fabcaae7a5ef2cb90563686d9f817c8eb61b830d8a4ecca9bde7,bigcommerce-v1-ecb1456bfdfebdc6,bigcommerce,docs/data/bigcommerce_v3_product_capability_inventory.csv,77,4cc550b45b960241780cf0da7800c1741264cdb6b2736e3b7d4a3a9ff7e4fd23,3.1.0,"Admin Catalog OpenAPI",product,width,not_applicable,required_in=none;schema_evidence=product_Base_POST|product_Put|product_Full,not_applicable,bigcommerce:atom:product:width,bigcommerce:width,REUSABLE_SEMANTIC,ProductData,provider_field,Product,string,readable,writable,not_applicable,not_applicable,https://docs.bigcommerce.com/openapi/admin-catalog-products.json#product_Base_POST|product_Put|product_Full,not_applicable,PROVIDER_VERIFIED,"Provider-local classification from typed inventory evidence; no cross-platform equivalence asserted."
ec2e809a7058ae662d496ed67977f719f11499671d8799e48a893d4e181c206e,bigcommerce-v1-ecb1456bfdfebdc6,bigcommerce,docs/data/bigcommerce_v3_product_capability_inventory.csv,78,f77ff5b9c7467ae16db5557ff6e0f38526e50e94aedf494062e86fc553bdbe91,3.1.0,"Admin Catalog OpenAPI",product_variant,bin_picking_number,not_applicable,required_in=none;schema_evidence=productVariant_Post|productVariant_Put|productVariant_Full,not_applicable,bigcommerce:atom:product_variant:bin_picking_number,bigcommerce:bin_picking_number,REUSABLE_SEMANTIC,ProductData,provider_field,ProductVariant,string,readable,writable,not_applicable,not_applicable,https://docs.bigcommerce.com/openapi/admin-catalog-product-variants.json#productVariant_Post|productVariant_Put|productVariant_Full,not_applicable,PROVIDER_VERIFIED,"Product and Variant values coexist; no Product fallback or precedence relation is inferred without explicit provider evidence."
a0b21a2f88127725ee6669178685ab71117bc55b08fa6a7bf4f6dfcbff7cdf56,bigcommerce-v1-ecb1456bfdfebdc6,bigcommerce,docs/data/bigcommerce_v3_product_capability_inventory.csv,79,b5aa9c4e531b6e6a4ba3bf519846a25eb7906647c61b2c1627b11b555fd93611,3.1.0,"Admin Catalog OpenAPI",product_variant,calculated_price,not_applicable,required_in=none;schema_evidence=productVariant_Full,not_applicable,bigcommerce:atom:product_variant:calculated_price,bigcommerce:product_variant:calculated_price,DERIVED_PROJECTION,Pricing,read_projection,ProductVariant,decimal,readable,specialized_or_read_only,not_applicable,not_applicable,https://docs.bigcommerce.com/openapi/admin-catalog-product-variants.json#productVariant_Full,not_applicable,PROVIDER_VERIFIED,"Provider-local classification from typed inventory evidence; no cross-platform equivalence asserted."
2256d16f3e52be045adefe4becef75d183adf3fad1895c93c7d07b9371c8aed9,bigcommerce-v1-ecb1456bfdfebdc6,bigcommerce,docs/data/bigcommerce_v3_product_capability_inventory.csv,80,41cd2d3601fe45a6dd346cf7fdcc5b8bd7ff069283770ba7c08339ed8ffed111,3.1.0,"Admin Catalog OpenAPI",product_variant,calculated_weight,not_applicable,required_in=none;schema_evidence=productVariant_Full,not_applicable,bigcommerce:atom:product_variant:calculated_weight,bigcommerce:product_variant:calculated_weight,DERIVED_PROJECTION,Connector,read_or_platform_projection,ProductVariant,decimal,readable,specialized_or_read_only,not_applicable,not_applicable,https://docs.bigcommerce.com/openapi/admin-catalog-product-variants.json#productVariant_Full,not_applicable,PROVIDER_VERIFIED,"Provider-local classification from typed inventory evidence; no cross-platform equivalence asserted."
4e0eb7b8004c093d947c4d4e1d7041d58441225a1e66c22d9d6a1b0c2611b955,bigcommerce-v1-ecb1456bfdfebdc6,bigcommerce,docs/data/bigcommerce_v3_product_capability_inventory.csv,81,2a71a81da1350dbe6576c5c373134dc617d2b8d86ee8f7a5bb0395563521c257,3.1.0,"Admin Catalog OpenAPI",product_variant,cost_price,not_applicable,required_in=none;schema_evidence=productVariant_Post|productVariant_Put|productVariant_Full,not_applicable,bigcommerce:atom:product_variant:cost_price,bigcommerce:cost_price,DOMAIN_CAPABILITY,Pricing,domain_value,ProductVariant,decimal,readable,writable,not_applicable,not_applicable,https://docs.bigcommerce.com/openapi/admin-catalog-product-variants.json#productVariant_Post|productVariant_Put|productVariant_Full,not_applicable,PROVIDER_VERIFIED,"Product and Variant values coexist; provider explicitly states this Variant value is not affected by Price Lists and no Product fallback is inferred."
1eea523c6556b5514f8496a4ed25e15c8879c52ec6c57c682e7d9d7d154869d0,bigcommerce-v1-ecb1456bfdfebdc6,bigcommerce,docs/data/bigcommerce_v3_product_capability_inventory.csv,82,55613be17a03c248571afbe3108caf22ac7645c7e5cac88934a80b3afaf7330c,3.1.0,"Admin Catalog OpenAPI",product_variant,depth,not_applicable,required_in=none;schema_evidence=productVariant_Post|productVariant_Put|productVariant_Full,not_applicable,bigcommerce:atom:product_variant:depth,bigcommerce:depth,REUSABLE_SEMANTIC,ProductData,provider_field,ProductVariant,decimal,readable,writable,not_applicable,not_applicable,https://docs.bigcommerce.com/openapi/admin-catalog-product-variants.json#productVariant_Post|productVariant_Put|productVariant_Full,not_applicable,PROVIDER_VERIFIED,"Same provider semantic as Product field; Variant value is nullable with documented Product fallback."
683665d83326ad52bfeb640ef94d43448b3f9ae3fdd4ac83162a15dac84fb634,bigcommerce-v1-ecb1456bfdfebdc6,bigcommerce,docs/data/bigcommerce_v3_product_capability_inventory.csv,83,daee120bdf26c10ef70b7906ed073638f42a117879279d1556fab413f1cc3e50,3.1.0,"Admin Catalog OpenAPI",product_variant,fixed_cost_shipping_price,not_applicable,required_in=none;schema_evidence=productVariant_Post|productVariant_Put|productVariant_Full,not_applicable,bigcommerce:atom:product_variant:fixed_cost_shipping_price,bigcommerce:fixed_cost_shipping_price,DOMAIN_CAPABILITY,Pricing,domain_value,ProductVariant,decimal,readable,writable,not_applicable,not_applicable,https://docs.bigcommerce.com/openapi/admin-catalog-product-variants.json#productVariant_Post|productVariant_Put|productVariant_Full,not_applicable,PROVIDER_VERIFIED,"Product and Variant values coexist; no Product fallback or precedence relation is inferred without explicit provider evidence."
6f603d32316914c40b6ca1b4b8c3298969c87a1585a91c765e666fb3651b76c1,bigcommerce-v1-ecb1456bfdfebdc6,bigcommerce,docs/data/bigcommerce_v3_product_capability_inventory.csv,84,5886fd126ef5a2a1b569ac662797144a2d5056114f076716adce400ad536d3cd,3.1.0,"Admin Catalog OpenAPI",product_variant,gtin,not_applicable,required_in=none;schema_evidence=productVariant_Post|productVariant_Put|productVariant_Full,not_applicable,bigcommerce:atom:product_variant:gtin,bigcommerce:gtin,REUSABLE_SEMANTIC,ProductData,provider_field,ProductVariant,string,readable,writable,not_applicable,not_applicable,https://docs.bigcommerce.com/openapi/admin-catalog-product-variants.json#productVariant_Post|productVariant_Put|productVariant_Full,not_applicable,PROVIDER_VERIFIED,"Product and Variant values coexist; no Product fallback or precedence relation is inferred without explicit provider evidence."
08c737b066d57d99c6bd4943db346bb54416d6718056db1a7fc28c85356ff3e5,bigcommerce-v1-ecb1456bfdfebdc6,bigcommerce,docs/data/bigcommerce_v3_product_capability_inventory.csv,85,c2643da87927e41cb25a955f8012c8fa49f1be8d8fd75f82e00ee21fdddb0ac3,3.1.0,"Admin Catalog OpenAPI",product_variant,height,not_applicable,required_in=none;schema_evidence=productVariant_Post|productVariant_Put|productVariant_Full,not_applicable,bigcommerce:atom:product_variant:height,bigcommerce:height,REUSABLE_SEMANTIC,ProductData,provider_field,ProductVariant,decimal,readable,writable,not_applicable,not_applicable,https://docs.bigcommerce.com/openapi/admin-catalog-product-variants.json#productVariant_Post|productVariant_Put|productVariant_Full,not_applicable,PROVIDER_VERIFIED,"Same provider semantic as Product field; Variant value is nullable with documented Product fallback."
02b8d74348cad2e46ee81449ca2db78c0bc3bb1f1e145dba981bfd26e8413669,bigcommerce-v1-ecb1456bfdfebdc6,bigcommerce,docs/data/bigcommerce_v3_product_capability_inventory.csv,86,7275873bf2b12582ff97960a6910dd813f2bd21fe17dd8840cb6e137ae597393,3.1.0,"Admin Catalog OpenAPI",product_variant,id,not_applicable,required_in=none;schema_evidence=productVariant_Full,not_applicable,bigcommerce:atom:product_variant:id,bigcommerce:product_variant:id,EXTERNAL_IDENTITY,Connector,external_record_identity,ProductVariant,integer,readable,specialized_or_read_only,not_applicable,not_applicable,https://docs.bigcommerce.com/openapi/admin-catalog-product-variants.json#productVariant_Full,not_applicable,PROVIDER_VERIFIED,"Provider-local classification from typed inventory evidence; no cross-platform equivalence asserted."
f49101adc7e5afff094d6d0dcb5182118dcc6f78f18f27d5b473e7b8ef3a6a5e,bigcommerce-v1-ecb1456bfdfebdc6,bigcommerce,docs/data/bigcommerce_v3_product_capability_inventory.csv,87,1f021217dae717370adb07b2514fcaabce59095cb9a053f5242f1203627e2c0c,3.1.0,"Admin Catalog OpenAPI",product_variant,image_url,not_applicable,required_in=none;schema_evidence=productVariant_Post|productVariant_Put|productVariant_Full,not_applicable,bigcommerce:atom:product_variant:image_url,bigcommerce:product_variant:image_url,DOMAIN_CAPABILITY,Media,domain_value,ProductVariant,string,readable,writable,not_applicable,not_applicable,https://docs.bigcommerce.com/openapi/admin-catalog-product-variants.json#productVariant_Post|productVariant_Put|productVariant_Full,not_applicable,PROVIDER_VERIFIED,"Provider-local classification from typed inventory evidence; no cross-platform equivalence asserted."
ec8c6105f4fa50bf34a9ba371d3b091561f2d344155e600901208ec28d6ed57b,bigcommerce-v1-ecb1456bfdfebdc6,bigcommerce,docs/data/bigcommerce_v3_product_capability_inventory.csv,88,e301e81c13e6a3054df43cf34615fe51c28f41fdcc0dc00fae0bff1bd508cc60,3.1.0,"Admin Catalog OpenAPI",product_variant,inventory_level,not_applicable,required_in=none;schema_evidence=productVariant_Post|productVariant_Put|productVariant_Full,not_applicable,bigcommerce:atom:product_variant:inventory_level,bigcommerce:inventory_level,DOMAIN_CAPABILITY,Availability,domain_value,ProductVariant,integer,readable,writable,not_applicable,not_applicable,https://docs.bigcommerce.com/openapi/admin-catalog-product-variants.json#productVariant_Post|productVariant_Put|productVariant_Full,queue:bigcommerce_product_variant_binding,DEFERRED_REVIEW,"Product and Variant values coexist; no Product fallback or precedence relation is inferred without explicit provider evidence."
f9731e59280fef287621b3d2310a62d674a130e6f4a883f72c7ea9c8f7cfacfb,bigcommerce-v1-ecb1456bfdfebdc6,bigcommerce,docs/data/bigcommerce_v3_product_capability_inventory.csv,89,7b43256edbcbba5dac7dfb3f367ce944f44a70c31c88df366b4d336304cbc94d,3.1.0,"Admin Catalog OpenAPI",product_variant,inventory_warning_level,not_applicable,required_in=none;schema_evidence=productVariant_Post|productVariant_Put|productVariant_Full,not_applicable,bigcommerce:atom:product_variant:inventory_warning_level,bigcommerce:inventory_warning_level,DOMAIN_CAPABILITY,Availability,domain_value,ProductVariant,integer,readable,writable,not_applicable,not_applicable,https://docs.bigcommerce.com/openapi/admin-catalog-product-variants.json#productVariant_Post|productVariant_Put|productVariant_Full,not_applicable,PROVIDER_VERIFIED,"Product and Variant values coexist; no Product fallback or precedence relation is inferred without explicit provider evidence."
44135d630514b5c6ca3ca6124a2fe3958eb8386591dc737535b8cdd11e649fcb,bigcommerce-v1-ecb1456bfdfebdc6,bigcommerce,docs/data/bigcommerce_v3_product_capability_inventory.csv,90,a9c6ebf4e89cb098f3bec0943fd93bf585f3a31623929487e445b95955775d12,3.1.0,"Admin Catalog OpenAPI",product_variant,is_free_shipping,not_applicable,required_in=none;schema_evidence=productVariant_Post|productVariant_Put|productVariant_Full,not_applicable,bigcommerce:atom:product_variant:is_free_shipping,bigcommerce:is_free_shipping,REUSABLE_SEMANTIC,ProductData,provider_field,ProductVariant,boolean,readable,writable,not_applicable,not_applicable,https://docs.bigcommerce.com/openapi/admin-catalog-product-variants.json#productVariant_Post|productVariant_Put|productVariant_Full,not_applicable,PROVIDER_VERIFIED,"Product and Variant values coexist; no Product fallback or precedence relation is inferred without explicit provider evidence."
2c2c97f5a0c1a95156a25d44fd7e86bee84727b0c6c58c4c9e442d4c66e1ba69,bigcommerce-v1-ecb1456bfdfebdc6,bigcommerce,docs/data/bigcommerce_v3_product_capability_inventory.csv,91,94770c7b79c37bfe86448ca567aed33b87fe4f3e06d57da158679e79f8a3f8ee,3.1.0,"Admin Catalog OpenAPI",product_variant,mpn,not_applicable,required_in=none;schema_evidence=productVariant_Post|productVariant_Put|productVariant_Full,not_applicable,bigcommerce:atom:product_variant:mpn,bigcommerce:mpn,REUSABLE_SEMANTIC,ProductData,provider_field,ProductVariant,string,readable,writable,not_applicable,not_applicable,https://docs.bigcommerce.com/openapi/admin-catalog-product-variants.json#productVariant_Post|productVariant_Put|productVariant_Full,not_applicable,PROVIDER_VERIFIED,"Product and Variant values coexist; no Product fallback or precedence relation is inferred without explicit provider evidence."
9b5827940d0290b03fadbcde517d3e5589fd39b4a007d6dfe6ca632ce0787f9a,bigcommerce-v1-ecb1456bfdfebdc6,bigcommerce,docs/data/bigcommerce_v3_product_capability_inventory.csv,92,c8a4bc8b418ed23732d3f2e8f0c6a0032ed666040516e945023071960ed96777,3.1.0,"Admin Catalog OpenAPI",product_variant,option_values,not_applicable,required_in=none;schema_evidence=productVariant_Post|productVariant_Full,not_applicable,bigcommerce:atom:product_variant:option_values,bigcommerce:product_variant:option_values,DOMAIN_CAPABILITY,VariantComposition,variant_composition,ProductVariant,list,readable,writable,not_applicable,not_applicable,https://docs.bigcommerce.com/openapi/admin-catalog-product-variants.json#productVariant_Post|productVariant_Full,queue:bigcommerce_customization,DEFERRED_REVIEW,"Provider-local classification from typed inventory evidence; no cross-platform equivalence asserted."
234f3544bc597b5fb493f2c10359c85b16dbd226f941746c5f6770bfac059545,bigcommerce-v1-ecb1456bfdfebdc6,bigcommerce,docs/data/bigcommerce_v3_product_capability_inventory.csv,93,4e11442d8f2ac4028af394d53741e3bfdbe242d5e0c0cb58dd90f3f68247459d,3.1.0,"Admin Catalog OpenAPI",product_variant,price,not_applicable,required_in=none;schema_evidence=productVariant_Post|productVariant_Put|productVariant_Full,not_applicable,bigcommerce:atom:product_variant:price,bigcommerce:price,DOMAIN_CAPABILITY,Pricing,domain_value,ProductVariant,decimal,readable,writable,not_applicable,not_applicable,https://docs.bigcommerce.com/openapi/admin-catalog-product-variants.json#productVariant_Post|productVariant_Put|productVariant_Full,queue:bigcommerce_product_variant_binding,DEFERRED_REVIEW,"Same provider semantic as Product field; Variant value is nullable with documented Product fallback and Price List precedence. Pricing purpose is preserved; MAP, reference retail, base, and sale prices are not merged."
c28eed7cc96de2a83bf6f2234e9fc26befcbe1c74e9a98b5178f49442369b748,bigcommerce-v1-ecb1456bfdfebdc6,bigcommerce,docs/data/bigcommerce_v3_product_capability_inventory.csv,94,400f4255bcef4dd0c480029120ff3b41825b8431a4aa9d3bcdeb7fd4421646df,3.1.0,"Admin Catalog OpenAPI",product_variant,product_id,not_applicable,required_in=none;schema_evidence=productVariant_Post|productVariant_Put|productVariant_Full,not_applicable,bigcommerce:atom:product_variant:product_id,bigcommerce:product_variant:product_id,EXTERNAL_IDENTITY,Connector,external_record_identity,ProductVariant,integer,readable,writable,not_applicable,not_applicable,https://docs.bigcommerce.com/openapi/admin-catalog-product-variants.json#productVariant_Post|productVariant_Put|productVariant_Full,not_applicable,PROVIDER_VERIFIED,"Provider-local classification from typed inventory evidence; no cross-platform equivalence asserted."
4db3dc9dbba18f9fcd0bb6c844ec07a64af38d8de06abafa8b63dd22a4a94549,bigcommerce-v1-ecb1456bfdfebdc6,bigcommerce,docs/data/bigcommerce_v3_product_capability_inventory.csv,95,e57891b98131b4ce9171f4e3f05dd8697a02bc4d174f4c3c6cdb25a6985ae837,3.1.0,"Admin Catalog OpenAPI",product_variant,purchasing_disabled,not_applicable,required_in=none;schema_evidence=productVariant_Post|productVariant_Put|productVariant_Full,not_applicable,bigcommerce:atom:product_variant:purchasing_disabled,bigcommerce:product_variant:purchasing_disabled,DOMAIN_CAPABILITY,Availability,domain_value,ProductVariant,boolean,readable,writable,not_applicable,not_applicable,https://docs.bigcommerce.com/openapi/admin-catalog-product-variants.json#productVariant_Post|productVariant_Put|productVariant_Full,not_applicable,PROVIDER_VERIFIED,"Provider-local classification from typed inventory evidence; no cross-platform equivalence asserted."
7dff695ccca99e036b205a26bee1aa23ab3b6bc722df5d8480f8e5e1197ad186,bigcommerce-v1-ecb1456bfdfebdc6,bigcommerce,docs/data/bigcommerce_v3_product_capability_inventory.csv,96,b6fdfc83fef29c44435b21d530349a64a104bd984bb5c81907f553bba4bd8d11,3.1.0,"Admin Catalog OpenAPI",product_variant,purchasing_disabled_message,not_applicable,required_in=none;schema_evidence=productVariant_Post|productVariant_Put|productVariant_Full,not_applicable,bigcommerce:atom:product_variant:purchasing_disabled_message,bigcommerce:product_variant:purchasing_disabled_message,DOMAIN_CAPABILITY,Availability,domain_value,ProductVariant,string,readable,writable,not_applicable,not_applicable,https://docs.bigcommerce.com/openapi/admin-catalog-product-variants.json#productVariant_Post|productVariant_Put|productVariant_Full,not_applicable,PROVIDER_VERIFIED,"Provider-local classification from typed inventory evidence; no cross-platform equivalence asserted."
2080f43b0da16600582568195d0dc3456e4a5dbeb4105eb066c71213909d3fbe,bigcommerce-v1-ecb1456bfdfebdc6,bigcommerce,docs/data/bigcommerce_v3_product_capability_inventory.csv,97,500c00bd7d3baf88a7d9c4aae805940e9bc9acebd4620c77b094c69927919719,3.1.0,"Admin Catalog OpenAPI",product_variant,retail_price,not_applicable,required_in=none;schema_evidence=productVariant_Post|productVariant_Put|productVariant_Full,not_applicable,bigcommerce:atom:product_variant:retail_price,bigcommerce:retail_price,DOMAIN_CAPABILITY,Pricing,domain_value,ProductVariant,decimal,readable,writable,not_applicable,not_applicable,https://docs.bigcommerce.com/openapi/admin-catalog-product-variants.json#productVariant_Post|productVariant_Put|productVariant_Full,not_applicable,PROVIDER_VERIFIED,"Same provider semantic as Product field; Variant value is nullable with documented Product fallback and Price List precedence. Pricing purpose is preserved; MAP, reference retail, base, and sale prices are not merged."
abb4014eed75b57fa6a784e26bfa0c3ed187b0915a3dce4a942c7cad400426a6,bigcommerce-v1-ecb1456bfdfebdc6,bigcommerce,docs/data/bigcommerce_v3_product_capability_inventory.csv,98,04e4f52f59abfd8830ae8a6cdcb664a06c7fff0bc5a52af3e170f8e361c0d26d,3.1.0,"Admin Catalog OpenAPI",product_variant,sale_price,not_applicable,required_in=none;schema_evidence=productVariant_Post|productVariant_Put|productVariant_Full,not_applicable,bigcommerce:atom:product_variant:sale_price,bigcommerce:sale_price,DOMAIN_CAPABILITY,Pricing,domain_value,ProductVariant,decimal,readable,writable,not_applicable,not_applicable,https://docs.bigcommerce.com/openapi/admin-catalog-product-variants.json#productVariant_Post|productVariant_Put|productVariant_Full,not_applicable,PROVIDER_VERIFIED,"Same provider semantic as Product field; Variant value is nullable with documented Product fallback and Price List precedence. Pricing purpose is preserved; MAP, reference retail, base, and sale prices are not merged."
52e59d4d24512b5b2d65422b7163128d30f97a5de2171fbf63d1cec9e54f361f,bigcommerce-v1-ecb1456bfdfebdc6,bigcommerce,docs/data/bigcommerce_v3_product_capability_inventory.csv,99,82424ac2fc964e83b54bfedd4f495ccaa3f470a172f40277681ebc36f2abeeb0,3.1.0,"Admin Catalog OpenAPI",product_variant,sku,not_applicable,required_in=none;schema_evidence=productVariant_Post|productVariant_Put|productVariant_Full,not_applicable,bigcommerce:atom:product_variant:sku,bigcommerce:sku,REUSABLE_SEMANTIC,ProductData,provider_field,ProductVariant,string,readable,writable,not_applicable,not_applicable,https://docs.bigcommerce.com/openapi/admin-catalog-product-variants.json#productVariant_Post|productVariant_Put|productVariant_Full,queue:bigcommerce_product_variant_binding,DEFERRED_REVIEW,"Product and Variant values coexist; no Product fallback or precedence relation is inferred without explicit provider evidence."
a0356bc6c709bcd20e24d090c9f90eace7c26b7ad4d4aed6376f7ecc9e1fba5c,bigcommerce-v1-ecb1456bfdfebdc6,bigcommerce,docs/data/bigcommerce_v3_product_capability_inventory.csv,100,728e3d7d6d877701ba4ec0b8703cfa7fb191f664a38e6870a802b04484b74e70,3.1.0,"Admin Catalog OpenAPI",product_variant,sku_id,not_applicable,required_in=none;schema_evidence=productVariant_Full,not_applicable,bigcommerce:atom:product_variant:sku_id,bigcommerce:product_variant:sku_id,EXTERNAL_IDENTITY,Connector,external_record_identity,ProductVariant,integer,readable,specialized_or_read_only,not_applicable,not_applicable,https://docs.bigcommerce.com/openapi/admin-catalog-product-variants.json#productVariant_Full,not_applicable,PROVIDER_VERIFIED,"Provider-local classification from typed inventory evidence; no cross-platform equivalence asserted."
da49c353ecaf7b99ceb737b55699248c0479ef892fc48e09c446407a8dd0b77f,bigcommerce-v1-ecb1456bfdfebdc6,bigcommerce,docs/data/bigcommerce_v3_product_capability_inventory.csv,101,5613c6b373f7d63adf476bab8aa79832421938bec6b29d8560b7629b66da53a4,3.1.0,"Admin Catalog OpenAPI",product_variant,upc,not_applicable,required_in=none;schema_evidence=productVariant_Post|productVariant_Put|productVariant_Full,not_applicable,bigcommerce:atom:product_variant:upc,bigcommerce:upc,REUSABLE_SEMANTIC,ProductData,provider_field,ProductVariant,string,readable,writable,not_applicable,not_applicable,https://docs.bigcommerce.com/openapi/admin-catalog-product-variants.json#productVariant_Post|productVariant_Put|productVariant_Full,not_applicable,PROVIDER_VERIFIED,"Product and Variant values coexist; no Product fallback or precedence relation is inferred without explicit provider evidence."
990d14baee995c1b2ac7426929a36fb3dacfc21e3101d09da122d796dd5de256,bigcommerce-v1-ecb1456bfdfebdc6,bigcommerce,docs/data/bigcommerce_v3_product_capability_inventory.csv,102,fa871269e0d54fcb2019dbd1eb1a86865c5e3579908b2779d076e641fc872734,3.1.0,"Admin Catalog OpenAPI",product_variant,weight,not_applicable,required_in=none;schema_evidence=productVariant_Post|productVariant_Put|productVariant_Full,not_applicable,bigcommerce:atom:product_variant:weight,bigcommerce:weight,REUSABLE_SEMANTIC,ProductData,provider_field,ProductVariant,decimal,readable,writable,not_applicable,not_applicable,https://docs.bigcommerce.com/openapi/admin-catalog-product-variants.json#productVariant_Post|productVariant_Put|productVariant_Full,queue:bigcommerce_product_variant_binding|queue:bigcommerce_weight_semantics,DEFERRED_REVIEW,"Same provider semantic as Product field; Variant value is nullable with documented Product fallback."
a22e7f066022969e2c99f27ab35ab1a065210c6ac07f021086ef0a7fe7d777af,bigcommerce-v1-ecb1456bfdfebdc6,bigcommerce,docs/data/bigcommerce_v3_product_capability_inventory.csv,103,79d2645775f57909cf823349fe35b1cd5c0178ac70997a0f9105436150cc8eb9,3.1.0,"Admin Catalog OpenAPI",product_variant,width,not_applicable,required_in=none;schema_evidence=productVariant_Post|productVariant_Put|productVariant_Full,not_applicable,bigcommerce:atom:product_variant:width,bigcommerce:width,REUSABLE_SEMANTIC,ProductData,provider_field,ProductVariant,decimal,readable,writable,not_applicable,not_applicable,https://docs.bigcommerce.com/openapi/admin-catalog-product-variants.json#productVariant_Post|productVariant_Put|productVariant_Full,not_applicable,PROVIDER_VERIFIED,"Same provider semantic as Product field; Variant value is nullable with documented Product fallback."
8ce1dcda1b38353005b4c460488cc21a1e6bfb3df5f4670a822a7de1f6370b98,bigcommerce-v1-ecb1456bfdfebdc6,bigcommerce,docs/data/bigcommerce_v3_product_capability_inventory.csv,104,797d4475b547fc77a0958e61005e8a0340ed90a593cd423ff623b4d9bad835c7,3.1.0,"Admin Catalog OpenAPI",product_option,config,not_applicable,required_in=none;schema_evidence=productOption_Full,not_applicable,bigcommerce:atom:product_option:config,bigcommerce:product_option:config,DOMAIN_CAPABILITY,VariantComposition,provider_schema_field,ProductOption,object_or_controlled,readable,specialized_or_read_only,not_applicable,not_applicable,https://docs.bigcommerce.com/openapi/admin-catalog-product-variant-options.json#productOption_Full,not_applicable,PROVIDER_VERIFIED,"Variant option schema; intentionally distinct from order-time modifier/customization."
8105375c6789479356078bceb391c4a44373bc27e06257bcef50ecf2a707d3d5,bigcommerce-v1-ecb1456bfdfebdc6,bigcommerce,docs/data/bigcommerce_v3_product_capability_inventory.csv,105,f3ad942c358a0431e305a6eaa702526347c3e8f433d1bf6299c9b373047f91e3,3.1.0,"Admin Catalog OpenAPI",product_option,display_name,not_applicable,required_in=none;schema_evidence=productOption_Full,not_applicable,bigcommerce:atom:product_option:display_name,bigcommerce:product_option:display_name,DOMAIN_CAPABILITY,VariantComposition,provider_schema_field,ProductOption,string,readable,specialized_or_read_only,not_applicable,not_applicable,https://docs.bigcommerce.com/openapi/admin-catalog-product-variant-options.json#productOption_Full,not_applicable,PROVIDER_VERIFIED,"Variant option schema; intentionally distinct from order-time modifier/customization."
dc93dc89497fff54bc8d151cda591adf152ab1b63c178428c33f00621193f222,bigcommerce-v1-ecb1456bfdfebdc6,bigcommerce,docs/data/bigcommerce_v3_product_capability_inventory.csv,106,be7d861a214fe96bb8532ce4bab955809d8de88910a68ef3566fbda09ea53458,3.1.0,"Admin Catalog OpenAPI",product_option,id,not_applicable,required_in=none;schema_evidence=productOption_Full,not_applicable,bigcommerce:atom:product_option:id,bigcommerce:product_option:id,EXTERNAL_IDENTITY,VariantComposition,provider_schema_field,ProductOption,integer,readable,specialized_or_read_only,not_applicable,not_applicable,https://docs.bigcommerce.com/openapi/admin-catalog-product-variant-options.json#productOption_Full,not_applicable,PROVIDER_VERIFIED,"Variant option schema; intentionally distinct from order-time modifier/customization."
b30588d2bdeb9420d8839c35de6af39461554b257d12f8d3fd68b7f9ddcd89a4,bigcommerce-v1-ecb1456bfdfebdc6,bigcommerce,docs/data/bigcommerce_v3_product_capability_inventory.csv,107,c3ce846341d04274491379eadd187ff99471bae70affb68bb26cba93a0260394,3.1.0,"Admin Catalog OpenAPI",product_option,name,not_applicable,required_in=none;schema_evidence=productOption_Full,not_applicable,bigcommerce:atom:product_option:name,bigcommerce:product_option:name,DOMAIN_CAPABILITY,VariantComposition,provider_schema_field,ProductOption,string,readable,specialized_or_read_only,not_applicable,not_applicable,https://docs.bigcommerce.com/openapi/admin-catalog-product-variant-options.json#productOption_Full,not_applicable,PROVIDER_VERIFIED,"Variant option schema; intentionally distinct from order-time modifier/customization."
d1b5da25212d161f8e496ea742b2cb98cfc70c8ef90c7b24d406fab866866086,bigcommerce-v1-ecb1456bfdfebdc6,bigcommerce,docs/data/bigcommerce_v3_product_capability_inventory.csv,108,8dae5d67b51c175e1a695b017ef6689ea68c3b5b202fb7607b40bee745f640b0,3.1.0,"Admin Catalog OpenAPI",product_option,option_values,not_applicable,required_in=none;schema_evidence=productOption_Full,not_applicable,bigcommerce:atom:product_option:option_values,bigcommerce:product_option:option_values,DOMAIN_CAPABILITY,VariantComposition,variant_composition,ProductOption,list,readable,specialized_or_read_only,not_applicable,not_applicable,https://docs.bigcommerce.com/openapi/admin-catalog-product-variant-options.json#productOption_Full,queue:bigcommerce_customization,DEFERRED_REVIEW,"Variant option schema; intentionally distinct from order-time modifier/customization."
399358e43db905c3472e4f277466947c555bc4d38f32174c29d0f957f73e7486,bigcommerce-v1-ecb1456bfdfebdc6,bigcommerce,docs/data/bigcommerce_v3_product_capability_inventory.csv,109,22f6f9b5a710c4740fa6d6ca74778c48c81ba93713063960fceec657e0760c6d,3.1.0,"Admin Catalog OpenAPI",product_option,product_id,not_applicable,required_in=none;schema_evidence=productOption_Full,not_applicable,bigcommerce:atom:product_option:product_id,bigcommerce:product_option:product_id,EXTERNAL_IDENTITY,VariantComposition,provider_schema_field,ProductOption,integer,readable,specialized_or_read_only,not_applicable,not_applicable,https://docs.bigcommerce.com/openapi/admin-catalog-product-variant-options.json#productOption_Full,not_applicable,PROVIDER_VERIFIED,"Variant option schema; intentionally distinct from order-time modifier/customization."
823e95244a5a28246e3a52eb2d49f207516649e0155c30f1a61a1ad22db5aaf8,bigcommerce-v1-ecb1456bfdfebdc6,bigcommerce,docs/data/bigcommerce_v3_product_capability_inventory.csv,110,8e1b518e1117e4244eb9dd1959677c4ffd854537717de922f82e1fa13f1daadb,3.1.0,"Admin Catalog OpenAPI",product_option,sort_order,not_applicable,required_in=none;schema_evidence=productOption_Full,not_applicable,bigcommerce:atom:product_option:sort_order,bigcommerce:product_option:sort_order,CHANNEL_SEMANTIC,VariantComposition,provider_schema_field,ProductOption,integer,readable,specialized_or_read_only,not_applicable,not_applicable,https://docs.bigcommerce.com/openapi/admin-catalog-product-variant-options.json#productOption_Full,not_applicable,PROVIDER_VERIFIED,"Variant option schema; intentionally distinct from order-time modifier/customization."
69eb8b373747be1909aa1a922ad8ab150de183cd8a1349015b147576d4b0fea2,bigcommerce-v1-ecb1456bfdfebdc6,bigcommerce,docs/data/bigcommerce_v3_product_capability_inventory.csv,111,2ce9617449adf386f5e99e302f6a5fbe001a871112ad19cdc5d1a35c9c481fd1,3.1.0,"Admin Catalog OpenAPI",product_option,type,not_applicable,required_in=none;schema_evidence=productOption_Full,not_applicable,bigcommerce:atom:product_option:type,bigcommerce:product_option:type,CHANNEL_SEMANTIC,VariantComposition,provider_schema_field,ProductOption,object_or_controlled,readable,specialized_or_read_only,not_applicable,not_applicable,https://docs.bigcommerce.com/openapi/admin-catalog-product-variant-options.json#productOption_Full,not_applicable,PROVIDER_VERIFIED,"Variant option schema; intentionally distinct from order-time modifier/customization."
964e3bc57700be83cca981bb2872df950936c6e35cc212c66dc4e60cb68b4f73,bigcommerce-v1-ecb1456bfdfebdc6,bigcommerce,docs/data/bigcommerce_v3_product_capability_inventory.csv,112,148c944b8edad25370ef412a386568423d379df58910f0ba246aac152cd373d5,3.1.0,"Admin Catalog OpenAPI",product_modifier,config,not_applicable,required_in=none;schema_evidence=productModifier_Post|productModifier_Full,not_applicable,bigcommerce:atom:product_modifier:config,bigcommerce:product_modifier:config,DOMAIN_CAPABILITY,OrderCustomization,provider_schema_field,OrderModifier,object_or_controlled,readable,writable,not_applicable,not_applicable,https://docs.bigcommerce.com/openapi/admin-catalog-product-modifiers.json#productModifier_Post|productModifier_Full,not_applicable,PROVIDER_VERIFIED,"Order-time customization capability; intentionally distinct from variant dimension/product option."
106b07b3afab33363448e46b4e0cf1d0bf202c1d6123e2d4bbc823d6e3d0d5ec,bigcommerce-v1-ecb1456bfdfebdc6,bigcommerce,docs/data/bigcommerce_v3_product_capability_inventory.csv,113,30b8962bc36308ca4e1e8dc85a486369d2d5e6346a644e814013a5e1351c4bc9,3.1.0,"Admin Catalog OpenAPI",product_modifier,display_name,not_applicable,required_in=productModifier_Post;schema_evidence=productModifier_Post|productModifier_Full,not_applicable,bigcommerce:atom:product_modifier:display_name,bigcommerce:product_modifier:display_name,DOMAIN_CAPABILITY,OrderCustomization,provider_schema_field,OrderModifier,string,readable,writable,not_applicable,not_applicable,https://docs.bigcommerce.com/openapi/admin-catalog-product-modifiers.json#productModifier_Post|productModifier_Full,not_applicable,PROVIDER_VERIFIED,"Order-time customization capability; intentionally distinct from variant dimension/product option."
427a5ec22fc9ce58a7146b3dac9db63f6b6a9a515cf03f5dd3b19460dda19d4f,bigcommerce-v1-ecb1456bfdfebdc6,bigcommerce,docs/data/bigcommerce_v3_product_capability_inventory.csv,114,2791c000cc422f9c65c0991c2f12147efdd90e4c1a0c395ed0a2fe7aa8bd2c83,3.1.0,"Admin Catalog OpenAPI",product_modifier,id,not_applicable,required_in=none;schema_evidence=productModifier_Full,not_applicable,bigcommerce:atom:product_modifier:id,bigcommerce:product_modifier:id,EXTERNAL_IDENTITY,OrderCustomization,provider_schema_field,OrderModifier,integer,readable,specialized_or_read_only,not_applicable,not_applicable,https://docs.bigcommerce.com/openapi/admin-catalog-product-modifiers.json#productModifier_Full,not_applicable,PROVIDER_VERIFIED,"Order-time customization capability; intentionally distinct from variant dimension/product option."
6ce731dbd7bb8866e3cfdb2b22a8bd60814002d32b9d557a911ea1cdd4cd4bd0,bigcommerce-v1-ecb1456bfdfebdc6,bigcommerce,docs/data/bigcommerce_v3_product_capability_inventory.csv,115,c7dc6850d4e35b70eab5f920bf5cf3b797a14768bd362e7f6c3329670a964626,3.1.0,"Admin Catalog OpenAPI",product_modifier,name,not_applicable,required_in=none;schema_evidence=productModifier_Full,not_applicable,bigcommerce:atom:product_modifier:name,bigcommerce:product_modifier:name,DOMAIN_CAPABILITY,OrderCustomization,provider_schema_field,OrderModifier,string,readable,specialized_or_read_only,not_applicable,not_applicable,https://docs.bigcommerce.com/openapi/admin-catalog-product-modifiers.json#productModifier_Full,not_applicable,PROVIDER_VERIFIED,"Order-time customization capability; intentionally distinct from variant dimension/product option."
de8512e0e7d0aeaecad25b27584aa16e7df3fdc7d20402582e516658a4bb4f67,bigcommerce-v1-ecb1456bfdfebdc6,bigcommerce,docs/data/bigcommerce_v3_product_capability_inventory.csv,116,911ca0058104ed06b4857f54c1dba315d8faac59a0db73090c9941a2d4f3169b,3.1.0,"Admin Catalog OpenAPI",product_modifier,option_values,not_applicable,required_in=none;schema_evidence=productModifier_Post|productModifier_Full,not_applicable,bigcommerce:atom:product_modifier:option_values,bigcommerce:product_modifier:option_values,DOMAIN_CAPABILITY,OrderCustomization,order_time_customization,OrderModifier,list,readable,writable,not_applicable,not_applicable,https://docs.bigcommerce.com/openapi/admin-catalog-product-modifiers.json#productModifier_Post|productModifier_Full,queue:bigcommerce_customization,DEFERRED_REVIEW,"Order-time customization capability; intentionally distinct from variant dimension/product option."
98f3cab25e670992a60598beec2ea90bbd9729657d249339433fa09134216c14,bigcommerce-v1-ecb1456bfdfebdc6,bigcommerce,docs/data/bigcommerce_v3_product_capability_inventory.csv,117,efba5d0a0ac2d0aa461e09798c4e51b3133213bc22a98162ebd86e9ddc1f1c95,3.1.0,"Admin Catalog OpenAPI",product_modifier,product_id,not_applicable,required_in=none;schema_evidence=productModifier_Full,not_applicable,bigcommerce:atom:product_modifier:product_id,bigcommerce:product_modifier:product_id,EXTERNAL_IDENTITY,OrderCustomization,provider_schema_field,OrderModifier,integer,readable,specialized_or_read_only,not_applicable,not_applicable,https://docs.bigcommerce.com/openapi/admin-catalog-product-modifiers.json#productModifier_Full,not_applicable,PROVIDER_VERIFIED,"Order-time customization capability; intentionally distinct from variant dimension/product option."
3ee50e0c7568d0da7305091daee5aa9d57d782d0bc707105befd8f001208844a,bigcommerce-v1-ecb1456bfdfebdc6,bigcommerce,docs/data/bigcommerce_v3_product_capability_inventory.csv,118,92038754f12b734ba293033d76dc04c36bc3a9ad61f4bec96606816d9580ecbb,3.1.0,"Admin Catalog OpenAPI",product_modifier,required,not_applicable,required_in=productModifier_Post|productModifier_Full;schema_evidence=productModifier_Post|productModifier_Full,not_applicable,bigcommerce:atom:product_modifier:required,bigcommerce:product_modifier:required,DOMAIN_CAPABILITY,OrderCustomization,provider_schema_field,OrderModifier,boolean,readable,writable,not_applicable,not_applicable,https://docs.bigcommerce.com/openapi/admin-catalog-product-modifiers.json#productModifier_Post|productModifier_Full,not_applicable,PROVIDER_VERIFIED,"Order-time customization capability; intentionally distinct from variant dimension/product option."
f741cfdde95a2846b3fa2a0009c6fa5b275080589cf12acb9aa6b98fe1bd05a4,bigcommerce-v1-ecb1456bfdfebdc6,bigcommerce,docs/data/bigcommerce_v3_product_capability_inventory.csv,119,5ac8cbb0152418b519ba003dd12b9d61af541069b1a26d03019b00d34737b718,3.1.0,"Admin Catalog OpenAPI",product_modifier,sort_order,not_applicable,required_in=none;schema_evidence=productModifier_Post|productModifier_Full,not_applicable,bigcommerce:atom:product_modifier:sort_order,bigcommerce:product_modifier:sort_order,CHANNEL_SEMANTIC,OrderCustomization,provider_schema_field,OrderModifier,integer,readable,writable,not_applicable,not_applicable,https://docs.bigcommerce.com/openapi/admin-catalog-product-modifiers.json#productModifier_Post|productModifier_Full,not_applicable,PROVIDER_VERIFIED,"Order-time customization capability; intentionally distinct from variant dimension/product option."
4c01c6d190a581f13518a2f4176fe6a7c07b0ac9fc1b104860eee35d2885ec3e,bigcommerce-v1-ecb1456bfdfebdc6,bigcommerce,docs/data/bigcommerce_v3_product_capability_inventory.csv,120,c2b1a76a2dbbd6a4860a0a9a54c8e2c4b163b3557744594dd28abc72a2a72c95,3.1.0,"Admin Catalog OpenAPI",product_modifier,type,not_applicable,required_in=productModifier_Post|productModifier_Full;schema_evidence=productModifier_Post|productModifier_Full,not_applicable,bigcommerce:atom:product_modifier:type,bigcommerce:product_modifier:type,CHANNEL_SEMANTIC,OrderCustomization,provider_schema_field,OrderModifier,object_or_controlled,readable,writable,not_applicable,not_applicable,https://docs.bigcommerce.com/openapi/admin-catalog-product-modifiers.json#productModifier_Post|productModifier_Full,not_applicable,PROVIDER_VERIFIED,"Order-time customization capability; intentionally distinct from variant dimension/product option."
2d76d29e7d64f3b1ac2745462a0c9f3d3859c9dc80e4abd17195abfc92d7c9c5,bigcommerce-v1-ecb1456bfdfebdc6,bigcommerce,docs/data/bigcommerce_v3_product_capability_inventory.csv,121,36bd10ddfb75ba1c2ecd50f1ed898b83cb48d3042df1a19576914a6f8028ee5a,3.1.0,"Admin Catalog OpenAPI",price_list,/stores/{store_hash}/v3/pricelists,not_applicable,"required_in=not_applicable;schema_evidence=DELETE,GET,POST",not_applicable,bigcommerce:atom:price_list:stores_store_hash_v3_pricelists,bigcommerce:price_list:stores_store_hash_v3_pricelists,DOMAIN_CAPABILITY,Pricing,capability_endpoint,PriceList,capability,readable,writable,not_applicable,not_applicable,"https://docs.bigcommerce.com/openapi/admin-management-price-lists.json#DELETE,GET,POST",not_applicable,PROVIDER_VERIFIED,"Provider-local classification from typed inventory evidence; no cross-platform equivalence asserted."
a3f6b9b0d9d0722ebeef001489e61ba7871f0a0a0aa3c71d3d026ca44ecfb5f2,bigcommerce-v1-ecb1456bfdfebdc6,bigcommerce,docs/data/bigcommerce_v3_product_capability_inventory.csv,122,a4960d127a1fb8b98301276a7e3ff606ecf0441869bab0c2c667b167c9962540,3.1.0,"Admin Catalog OpenAPI",price_list,/stores/{store_hash}/v3/pricelists/assignments,not_applicable,"required_in=not_applicable;schema_evidence=DELETE,GET,POST",not_applicable,bigcommerce:atom:price_list:stores_store_hash_v3_pricelists_assignments,bigcommerce:price_list:stores_store_hash_v3_pricelists_assignments,DOMAIN_CAPABILITY,Pricing,capability_endpoint,PriceList,capability,readable,writable,not_applicable,not_applicable,"https://docs.bigcommerce.com/openapi/admin-management-price-lists.json#DELETE,GET,POST",not_applicable,PROVIDER_VERIFIED,"Provider-local classification from typed inventory evidence; no cross-platform equivalence asserted."
9ce9ee7968ba60b6c64131eec1ecb65b831db6b8855d600f2a3b2914a9a5c914,bigcommerce-v1-ecb1456bfdfebdc6,bigcommerce,docs/data/bigcommerce_v3_product_capability_inventory.csv,123,e46336f83bf2f12dde8dd99d652e0c65847bcc03e215aaa006e2b1ed4add0b4c,3.1.0,"Admin Catalog OpenAPI",price_list,/stores/{store_hash}/v3/pricelists/records,not_applicable,"required_in=not_applicable;schema_evidence=POST,PUT",not_applicable,bigcommerce:atom:price_list:stores_store_hash_v3_pricelists_records,bigcommerce:price_list:stores_store_hash_v3_pricelists_records,DOMAIN_CAPABILITY,Pricing,capability_endpoint,PriceList,capability,unsupported,writable,not_applicable,not_applicable,"https://docs.bigcommerce.com/openapi/admin-management-price-lists.json#POST,PUT",not_applicable,PROVIDER_VERIFIED,"Provider-local classification from typed inventory evidence; no cross-platform equivalence asserted."
f7cb74d9b3cbf19a4b0ac5a5f8d4767a4739ca130ecaac7e6cdf709119e36938,bigcommerce-v1-ecb1456bfdfebdc6,bigcommerce,docs/data/bigcommerce_v3_product_capability_inventory.csv,124,19f18b321184869412800574aa3e251e6de4d3731c3f8dd36b7c712ee4033fd9,3.1.0,"Admin Catalog OpenAPI",price_list,/stores/{store_hash}/v3/pricelists/{price_list_id},not_applicable,"required_in=not_applicable;schema_evidence=DELETE,GET,PUT",not_applicable,bigcommerce:atom:price_list:stores_store_hash_v3_pricelists_price_list_id,bigcommerce:price_list:stores_store_hash_v3_pricelists_price_list_id,DOMAIN_CAPABILITY,Pricing,capability_endpoint,PriceList,capability,readable,writable,not_applicable,not_applicable,"https://docs.bigcommerce.com/openapi/admin-management-price-lists.json#DELETE,GET,PUT",not_applicable,PROVIDER_VERIFIED,"Provider-local classification from typed inventory evidence; no cross-platform equivalence asserted."
7a566d398e3b0dee470da65cf900b85b5296c926be76be1319114375091514b2,bigcommerce-v1-ecb1456bfdfebdc6,bigcommerce,docs/data/bigcommerce_v3_product_capability_inventory.csv,125,773a506443d150f4b24f1e2fe85138673898a5d64c1a906472bf9c2b2f089a2b,3.1.0,"Admin Catalog OpenAPI",price_list,/stores/{store_hash}/v3/pricelists/{price_list_id}/assignments,not_applicable,required_in=not_applicable;schema_evidence=PUT,not_applicable,bigcommerce:atom:price_list:stores_store_hash_v3_pricelists_price_list_id_assignments,bigcommerce:price_list:stores_store_hash_v3_pricelists_price_list_id_assignments,DOMAIN_CAPABILITY,Pricing,capability_endpoint,PriceList,capability,unsupported,writable,not_applicable,not_applicable,https://docs.bigcommerce.com/openapi/admin-management-price-lists.json#PUT,not_applicable,PROVIDER_VERIFIED,"Provider-local classification from typed inventory evidence; no cross-platform equivalence asserted."
98107ef2f2f28072df0e6abf4ad0da1561e813893259f7eeed397201eee3a27f,bigcommerce-v1-ecb1456bfdfebdc6,bigcommerce,docs/data/bigcommerce_v3_product_capability_inventory.csv,126,75e0caf2822733fece2079525a836ff43333f548d0c895594a25338860acdf3f,3.1.0,"Admin Catalog OpenAPI",price_list,/stores/{store_hash}/v3/pricelists/{price_list_id}/records,not_applicable,"required_in=not_applicable;schema_evidence=DELETE,GET,POST,PUT",not_applicable,bigcommerce:atom:price_list:stores_store_hash_v3_pricelists_price_list_id_records,bigcommerce:price_list:stores_store_hash_v3_pricelists_price_list_id_records,DOMAIN_CAPABILITY,Pricing,capability_endpoint,PriceList,capability,readable,writable,not_applicable,not_applicable,"https://docs.bigcommerce.com/openapi/admin-management-price-lists.json#DELETE,GET,POST,PUT",not_applicable,PROVIDER_VERIFIED,"Provider-local classification from typed inventory evidence; no cross-platform equivalence asserted."
5263745dcd2e29446c65c8c233269be3d26c0d3cad2211f55dab0d326c063cf9,bigcommerce-v1-ecb1456bfdfebdc6,bigcommerce,docs/data/bigcommerce_v3_product_capability_inventory.csv,127,97cc7efbc16e919aea4c0ccd3c849403bf232cd1ec80a728c5c98f7aa5273f8a,3.1.0,"Admin Catalog OpenAPI",price_list,/stores/{store_hash}/v3/pricelists/{price_list_id}/records/{variant_id},not_applicable,required_in=not_applicable;schema_evidence=GET,not_applicable,bigcommerce:atom:price_list:stores_store_hash_v3_pricelists_price_list_id_records_variant_id,bigcommerce:price_list:stores_store_hash_v3_pricelists_price_list_id_records_variant_id,DOMAIN_CAPABILITY,Pricing,capability_endpoint,PriceList,capability,readable,unsupported,not_applicable,not_applicable,https://docs.bigcommerce.com/openapi/admin-management-price-lists.json#GET,not_applicable,PROVIDER_VERIFIED,"Provider-local classification from typed inventory evidence; no cross-platform equivalence asserted."
547c094f684bfe1c7031c58c27c49557d8feac97a90b7477b6e9d9960f253b44,bigcommerce-v1-ecb1456bfdfebdc6,bigcommerce,docs/data/bigcommerce_v3_product_capability_inventory.csv,128,68a1743cbb6d7f39eb42f55705d2b2178c2a788e102ae9d8c0b4f5afe60e322f,3.1.0,"Admin Catalog OpenAPI",price_list,/stores/{store_hash}/v3/pricelists/{price_list_id}/records/{variant_id}/{currency_code},not_applicable,"required_in=not_applicable;schema_evidence=DELETE,GET,PUT",not_applicable,bigcommerce:atom:price_list:stores_store_hash_v3_pricelists_price_list_id_records_variant_id_currency_code,bigcommerce:price_list:stores_store_hash_v3_pricelists_price_list_id_records_variant_id_currency_code,DOMAIN_CAPABILITY,Pricing,capability_endpoint,PriceList,capability,readable,writable,not_applicable,not_applicable,"https://docs.bigcommerce.com/openapi/admin-management-price-lists.json#DELETE,GET,PUT",not_applicable,PROVIDER_VERIFIED,"Provider-local classification from typed inventory evidence; no cross-platform equivalence asserted."
eee166b327ec9740a0ca06531ec3e5f2cbddd2a919ea2123f29a0c99a1b6b670,bigcommerce-v1-ecb1456bfdfebdc6,bigcommerce,docs/data/bigcommerce_v3_product_capability_inventory.csv,129,fdad7705ed5af149f7b0f02bec37f129673abce5a43c2cdc6e1cfbb8b23b8c6c,3.1.0,"Admin Catalog OpenAPI",inventory,/stores/{store_hash}/v3/inventory/adjustments/absolute,not_applicable,required_in=not_applicable;schema_evidence=PUT,not_applicable,bigcommerce:atom:inventory:stores_store_hash_v3_inventory_adjustments_absolute,bigcommerce:inventory:stores_store_hash_v3_inventory_adjustments_absolute,DOMAIN_CAPABILITY,Inventory,capability_endpoint,Inventory,capability,unsupported,writable,not_applicable,not_applicable,https://docs.bigcommerce.com/openapi/admin-management-inventory.json#PUT,not_applicable,PROVIDER_VERIFIED,"Provider-local classification from typed inventory evidence; no cross-platform equivalence asserted."
39189fbb97a6ab7db2c752ef28ff4f05775e27712e903fc7990e91a009146664,bigcommerce-v1-ecb1456bfdfebdc6,bigcommerce,docs/data/bigcommerce_v3_product_capability_inventory.csv,130,dcab0aca2d3e4d828f134e3234f6980afa69b4fc1b828ffd5284bdf1e9e0352f,3.1.0,"Admin Catalog OpenAPI",inventory,/stores/{store_hash}/v3/inventory/adjustments/relative,not_applicable,required_in=not_applicable;schema_evidence=POST,not_applicable,bigcommerce:atom:inventory:stores_store_hash_v3_inventory_adjustments_relative,bigcommerce:inventory:stores_store_hash_v3_inventory_adjustments_relative,DOMAIN_CAPABILITY,Inventory,capability_endpoint,Inventory,capability,unsupported,writable,not_applicable,not_applicable,https://docs.bigcommerce.com/openapi/admin-management-inventory.json#POST,not_applicable,PROVIDER_VERIFIED,"Provider-local classification from typed inventory evidence; no cross-platform equivalence asserted."
d014f21f9cf243ca485a8d89b711804b6291c4580b2ba7f98f49e547a3cd1d92,bigcommerce-v1-ecb1456bfdfebdc6,bigcommerce,docs/data/bigcommerce_v3_product_capability_inventory.csv,131,e430915f0c19486556f301d2598756dfad3b131f596fb4b459b40d8c5125a7f4,3.1.0,"Admin Catalog OpenAPI",inventory,/stores/{store_hash}/v3/inventory/items,not_applicable,required_in=not_applicable;schema_evidence=GET,not_applicable,bigcommerce:atom:inventory:stores_store_hash_v3_inventory_items,bigcommerce:inventory:stores_store_hash_v3_inventory_items,DOMAIN_CAPABILITY,Inventory,capability_endpoint,Inventory,capability,readable,unsupported,not_applicable,not_applicable,https://docs.bigcommerce.com/openapi/admin-management-inventory.json#GET,not_applicable,PROVIDER_VERIFIED,"Provider-local classification from typed inventory evidence; no cross-platform equivalence asserted."
3d18dce120ba115f27deda191d8dd966eaa79e2610f283202a529efa0618f2ee,bigcommerce-v1-ecb1456bfdfebdc6,bigcommerce,docs/data/bigcommerce_v3_product_capability_inventory.csv,132,71c82fddeab4b7c79de88713c427244db5d55298598718396dbd0faca0eed5d3,3.1.0,"Admin Catalog OpenAPI",inventory,/stores/{store_hash}/v3/inventory/locations,not_applicable,"required_in=not_applicable;schema_evidence=DELETE,GET,POST,PUT",not_applicable,bigcommerce:atom:inventory:stores_store_hash_v3_inventory_locations,bigcommerce:inventory:stores_store_hash_v3_inventory_locations,DOMAIN_CAPABILITY,Inventory,capability_endpoint,Inventory,capability,readable,writable,not_applicable,not_applicable,"https://docs.bigcommerce.com/openapi/admin-management-inventory.json#DELETE,GET,POST,PUT",not_applicable,PROVIDER_VERIFIED,"Provider-local classification from typed inventory evidence; no cross-platform equivalence asserted."
ed28dd86a3ad408d8c819e5866ecf7c31bc9af553d5cb74323c1dbd3ae0bd1a1,bigcommerce-v1-ecb1456bfdfebdc6,bigcommerce,docs/data/bigcommerce_v3_product_capability_inventory.csv,133,8d56156cd3ac1b7b7b7f9e31513106864e724aac9e589ea60b63b58dabe191a8,3.1.0,"Admin Catalog OpenAPI",inventory,/stores/{store_hash}/v3/inventory/locations/metafields,not_applicable,"required_in=not_applicable;schema_evidence=DELETE,GET,POST,PUT",not_applicable,bigcommerce:atom:inventory:stores_store_hash_v3_inventory_locations_metafields,bigcommerce:inventory:stores_store_hash_v3_inventory_locations_metafields,DOMAIN_CAPABILITY,Inventory,capability_endpoint,Inventory,capability,readable,writable,not_applicable,not_applicable,"https://docs.bigcommerce.com/openapi/admin-management-inventory.json#DELETE,GET,POST,PUT",not_applicable,PROVIDER_VERIFIED,"Provider-local classification from typed inventory evidence; no cross-platform equivalence asserted."
34596fe6bfa7b5c1c98ffeb8096e9b0248e382760818750b52e6d3a76ff75c9c,bigcommerce-v1-ecb1456bfdfebdc6,bigcommerce,docs/data/bigcommerce_v3_product_capability_inventory.csv,134,38c56e39a1a54d6d72c30ab52047df8eb0a0ed059fb852883f78e3e80c4b1adf,3.1.0,"Admin Catalog OpenAPI",inventory,/stores/{store_hash}/v3/inventory/locations/{location_id}/items,not_applicable,"required_in=not_applicable;schema_evidence=GET,PUT",not_applicable,bigcommerce:atom:inventory:stores_store_hash_v3_inventory_locations_location_id_items,bigcommerce:inventory:stores_store_hash_v3_inventory_locations_location_id_items,DOMAIN_CAPABILITY,Inventory,capability_endpoint,Inventory,capability,readable,writable,not_applicable,not_applicable,"https://docs.bigcommerce.com/openapi/admin-management-inventory.json#GET,PUT",not_applicable,PROVIDER_VERIFIED,"Provider-local classification from typed inventory evidence; no cross-platform equivalence asserted."
4aed53fcb5f6493c8411b8f4ecdd0da70d5a23247bb95a32bb9b02572c6cc834,bigcommerce-v1-ecb1456bfdfebdc6,bigcommerce,docs/data/bigcommerce_v3_product_capability_inventory.csv,135,a0e338fe41d33ab572fb355096cf63a6056336ef6aa20d19038510d14fd934b9,3.1.0,"Admin Catalog OpenAPI",inventory,/stores/{store_hash}/v3/inventory/locations/{location_id}/metafields,not_applicable,"required_in=not_applicable;schema_evidence=GET,POST",not_applicable,bigcommerce:atom:inventory:stores_store_hash_v3_inventory_locations_location_id_metafields,bigcommerce:inventory:stores_store_hash_v3_inventory_locations_location_id_metafields,DOMAIN_CAPABILITY,Inventory,capability_endpoint,Inventory,capability,readable,writable,not_applicable,not_applicable,"https://docs.bigcommerce.com/openapi/admin-management-inventory.json#GET,POST",not_applicable,PROVIDER_VERIFIED,"Provider-local classification from typed inventory evidence; no cross-platform equivalence asserted."
0231447d275e0a58d0fee26507ba2e95bebc831a8d6d4c1e4c2b2f43e4e56b60,bigcommerce-v1-ecb1456bfdfebdc6,bigcommerce,docs/data/bigcommerce_v3_product_capability_inventory.csv,136,b3c138a0fc890ccff2ebdc119c9ec56149b9899c19533434a644545bb38111e0,3.1.0,"Admin Catalog OpenAPI",inventory,/stores/{store_hash}/v3/inventory/locations/{location_id}/metafields/{metafield_id},not_applicable,"required_in=not_applicable;schema_evidence=DELETE,GET,PUT",not_applicable,bigcommerce:atom:inventory:stores_store_hash_v3_inventory_locations_location_id_metafields_metafield_id,bigcommerce:inventory:stores_store_hash_v3_inventory_locations_location_id_metafields_metafield_id,DOMAIN_CAPABILITY,Inventory,capability_endpoint,Inventory,capability,readable,writable,not_applicable,not_applicable,"https://docs.bigcommerce.com/openapi/admin-management-inventory.json#DELETE,GET,PUT",not_applicable,PROVIDER_VERIFIED,"Provider-local classification from typed inventory evidence; no cross-platform equivalence asserted."
