coverage_id,snapshot_id,platform,source_file,source_row_ordinal,source_row_sha256,source_schema_version,source_surface,source_object_family,external_key,structured_path,source_context_key,parent_coverage_id,semantic_atom_key,concept_key,disposition,owner_candidate,representation_candidate,entity_level,value_shape,read_semantics,write_semantics,applicability_key,alias_of_coverage_id,evidence_reference,decision_reference,review_status,review_note
7cb0f27c99c9dc85d8750a2e19a974d715dcc88dd9f849d009d64d4875373f69,google-merchant-v1-ad575f7aaa799d99,google_merchant,docs/data/google_merchant_products_v1_attribute_inventory.csv,1,6f26c57376790b189cfdf4591e615f9e6f266ce1c1dc617ff22731822a6f1cf0,"Merchant Products v1","Merchant API products_v1 ProductAttributes",ProductAttributes,additionalImageLinks,not_applicable,layer=processed_product_output;input_binding=ProductInput.productAttributes;write_condition=Product_Data_Specification;classification=media_domain;vertical=not_applicable,not_applicable,google_merchant:atom:attribute:additionalimagelinks,google_merchant:attribute:additionalimagelinks,DOMAIN_CAPABILITY,Media,publication_media_binding,ProcessedProductAttribute,list,processed_publication_output,conditional_write_by_data_spec,not_applicable,not_applicable,https://merchantapi.googleapis.com/$discovery/rest?version=products_v1#products_v1,not_applicable,PROVIDER_VERIFIED,"Google-local publication semantic; no cross-platform equivalence asserted."
cb2fb839837a0461da33cf13a0940f44836aadae13f0787e96efc963bd492a49,google-merchant-v1-ad575f7aaa799d99,google_merchant,docs/data/google_merchant_products_v1_attribute_inventory.csv,2,66fd9e951753f5803fb4876ef9c1dbf02cfb864f1d2b6b04ab1d997d2ce47bc6,"Merchant Products v1","Merchant API products_v1 ProductAttributes",ProductAttributes,adsGrouping,not_applicable,layer=processed_product_output;input_binding=ProductInput.productAttributes;write_condition=Product_Data_Specification;classification=channel_context;vertical=not_applicable,not_applicable,google_merchant:atom:attribute:adsgrouping,google_merchant:attribute:adsgrouping,CHANNEL_SEMANTIC,Connector,publication_channel_control,ProcessedProductAttribute,string,processed_publication_output,conditional_write_by_data_spec,not_applicable,not_applicable,https://merchantapi.googleapis.com/$discovery/rest?version=products_v1#products_v1,not_applicable,PROVIDER_VERIFIED,"Google-local publication semantic; no cross-platform equivalence asserted."
dda94bc90a5905a1c5eb51af195e593ef8d064897b0466b1bd743db2fe6de422,google-merchant-v1-ad575f7aaa799d99,google_merchant,docs/data/google_merchant_products_v1_attribute_inventory.csv,3,d7adc8dba6249846b352831730a122863d919bcc13e62a58460711115833df6e,"Merchant Products v1","Merchant API products_v1 ProductAttributes",ProductAttributes,adsLabels,not_applicable,layer=processed_product_output;input_binding=ProductInput.productAttributes;write_condition=Product_Data_Specification;classification=channel_context;vertical=not_applicable,not_applicable,google_merchant:atom:attribute:adslabels,google_merchant:attribute:adslabels,CHANNEL_SEMANTIC,Connector,publication_channel_control,ProcessedProductAttribute,list,processed_publication_output,conditional_write_by_data_spec,not_applicable,not_applicable,https://merchantapi.googleapis.com/$discovery/rest?version=products_v1#products_v1,not_applicable,PROVIDER_VERIFIED,"Google-local publication semantic; no cross-platform equivalence asserted."
fcb59a9261efe86a5063d8ba95910b3c6b20a230157bcc05454cc1a5a3d0b32e,google-merchant-v1-ad575f7aaa799d99,google_merchant,docs/data/google_merchant_products_v1_attribute_inventory.csv,4,6818ca42a240815b680a100e5c0ec56975a8e5a4fe935165009fbf0a762af255,"Merchant Products v1","Merchant API products_v1 ProductAttributes",ProductAttributes,adsRedirect,not_applicable,layer=processed_product_output;input_binding=ProductInput.productAttributes;write_condition=Product_Data_Specification;classification=channel_context;vertical=not_applicable,not_applicable,google_merchant:atom:attribute:adsredirect,google_merchant:attribute:adsredirect,CHANNEL_SEMANTIC,Connector,publication_channel_control,ProcessedProductAttribute,string,processed_publication_output,conditional_write_by_data_spec,not_applicable,not_applicable,https://merchantapi.googleapis.com/$discovery/rest?version=products_v1#products_v1,not_applicable,PROVIDER_VERIFIED,"Google-local publication semantic; no cross-platform equivalence asserted."
3b45ef4d654d992e2553761a892cce9a5773b4bd52cd2dbf253ee45091d3c1c3,google-merchant-v1-ad575f7aaa799d99,google_merchant,docs/data/google_merchant_products_v1_attribute_inventory.csv,5,521ba84c20d3d376832375a9187105dfae1e1d9674c73f9c188c1752c99b5668,"Merchant Products v1","Merchant API products_v1 ProductAttributes",ProductAttributes,adult,not_applicable,layer=processed_product_output;input_binding=ProductInput.productAttributes;write_condition=Product_Data_Specification;classification=semantic_product_field;vertical=not_applicable,not_applicable,google_merchant:atom:attribute:adult,google_merchant:attribute:adult,DOMAIN_CAPABILITY,Compliance,publication_compliance_evidence,ProcessedProductAttribute,boolean,processed_publication_output,conditional_write_by_data_spec,not_applicable,not_applicable,https://merchantapi.googleapis.com/$discovery/rest?version=products_v1#products_v1,queue:google_compliance,DEFERRED_REVIEW,"Google-local publication semantic; no cross-platform equivalence asserted."
608033cda8e7fcd9e33f7a7743d245048a189bb8048371447dda12cc48232037,google-merchant-v1-ad575f7aaa799d99,google_merchant,docs/data/google_merchant_products_v1_attribute_inventory.csv,6,f8a5df53002a8b2fd950c2997eda462c71148356d5185444c3e242d465b0ca07,"Merchant Products v1","Merchant API products_v1 ProductAttributes",ProductAttributes,ageGroup,not_applicable,layer=processed_product_output;input_binding=ProductInput.productAttributes;write_condition=Product_Data_Specification;classification=semantic_product_field;vertical=not_applicable,not_applicable,google_merchant:atom:attribute:agegroup,google_merchant:attribute:agegroup,REUSABLE_SEMANTIC,ProductData,processed_output_with_conditional_input_binding,ProcessedProductAttribute,string,processed_publication_output,conditional_write_by_data_spec,not_applicable,not_applicable,https://merchantapi.googleapis.com/$discovery/rest?version=products_v1#products_v1,not_applicable,PROVIDER_VERIFIED,"Google-local publication semantic; no cross-platform equivalence asserted."
5b799ebff45584b6772fe7f791b9956c64dafa403a47ea40e0cd828e6f813d58,google-merchant-v1-ad575f7aaa799d99,google_merchant,docs/data/google_merchant_products_v1_attribute_inventory.csv,7,f098b8c80894c48220f87ce6973f4821b12f30c53b7b54e383ac13f213ea5a8e,"Merchant Products v1","Merchant API products_v1 ProductAttributes",ProductAttributes,amenityFeature,not_applicable,layer=processed_product_output;input_binding=ProductInput.productAttributes;write_condition=Product_Data_Specification;classification=specialized_vertical_field:property;vertical=property,not_applicable,google_merchant:atom:attribute:amenityfeature,google_merchant:attribute:amenityfeature,CATEGORY_ATTRIBUTE,PropertyVertical,vertical_scoped_publication_attribute,ProcessedProductAttribute,list,processed_publication_output,conditional_write_by_data_spec,not_applicable,not_applicable,https://merchantapi.googleapis.com/$discovery/rest?version=products_v1#products_v1,queue:google_vertical_applicability,DEFERRED_REVIEW,"Google-local publication semantic; no cross-platform equivalence asserted."
a8fc8cf6ecfe474fc6057b9a9062d47b49ae0e0bc87a4386adc1a4cc9fdd6139,google-merchant-v1-ad575f7aaa799d99,google_merchant,docs/data/google_merchant_products_v1_attribute_inventory.csv,8,c9e641949b963e9e083e8af3b75be17bc620158d0b6e501bfc83ce98f6edde8f,"Merchant Products v1","Merchant API products_v1 ProductAttributes",ProductAttributes,autoPricingMinPrice,not_applicable,layer=processed_product_output;input_binding=ProductInput.productAttributes;write_condition=Product_Data_Specification;classification=pricing_or_commercial_domain;vertical=not_applicable,not_applicable,google_merchant:atom:attribute:autopricingminprice,google_merchant:attribute:autopricingminprice,DOMAIN_CAPABILITY,Pricing,publication_commercial_binding,ProcessedProductAttribute,structured,processed_publication_output,conditional_write_by_data_spec,not_applicable,not_applicable,https://merchantapi.googleapis.com/$discovery/rest?version=products_v1#products_v1,not_applicable,PROVIDER_VERIFIED,"Google-local publication semantic; no cross-platform equivalence asserted."
d47a0926372595d4819c30f3faef661613b2672e23b2aacaf7c050bf8ca87cd5,google-merchant-v1-ad575f7aaa799d99,google_merchant,docs/data/google_merchant_products_v1_attribute_inventory.csv,9,88ecbdcf6c1d0e41a9a6f6027a31063aa662af217a1a96a2c62bd96522a57a58,"Merchant Products v1","Merchant API products_v1 ProductAttributes",ProductAttributes,availability,not_applicable,layer=processed_product_output;input_binding=ProductInput.productAttributes;write_condition=Product_Data_Specification;classification=semantic_product_field;vertical=not_applicable,not_applicable,google_merchant:atom:attribute:availability,google_merchant:attribute:availability,DOMAIN_CAPABILITY,Availability,publication_availability_binding,ProcessedProductAttribute,string,processed_publication_output,conditional_write_by_data_spec,not_applicable,not_applicable,https://merchantapi.googleapis.com/$discovery/rest?version=products_v1#products_v1,queue:google_availability,DEFERRED_REVIEW,"Google-local publication semantic; no cross-platform equivalence asserted."
c63f5363d3dc2d0e3976150aef26cb5f2379efc39e0002f10bdc8c726d7b4f58,google-merchant-v1-ad575f7aaa799d99,google_merchant,docs/data/google_merchant_products_v1_attribute_inventory.csv,10,126d3fc912444ea415eb516a2e8325c08266c516956f526f278ecaaff54c720b,"Merchant Products v1","Merchant API products_v1 ProductAttributes",ProductAttributes,availabilityDate,not_applicable,layer=processed_product_output;input_binding=ProductInput.productAttributes;write_condition=Product_Data_Specification;classification=semantic_product_field;vertical=not_applicable,not_applicable,google_merchant:atom:attribute:availabilitydate,google_merchant:attribute:availabilitydate,DOMAIN_CAPABILITY,Availability,publication_availability_binding,ProcessedProductAttribute,string,processed_publication_output,conditional_write_by_data_spec,not_applicable,not_applicable,https://merchantapi.googleapis.com/$discovery/rest?version=products_v1#products_v1,queue:google_preorder_date,DEFERRED_REVIEW,"Google-local publication semantic; no cross-platform equivalence asserted."
2813b3105f262c4531aef0ab957363417b8fddd73857c9317604fbe50a2cba7e,google-merchant-v1-ad575f7aaa799d99,google_merchant,docs/data/google_merchant_products_v1_attribute_inventory.csv,11,9910303f4bc1d4858f20a525f7e8c4db62316d230822bab106c771346aa40f95,"Merchant Products v1","Merchant API products_v1 ProductAttributes",ProductAttributes,bodyStyle,not_applicable,layer=processed_product_output;input_binding=ProductInput.productAttributes;write_condition=Product_Data_Specification;classification=specialized_vertical_field:vehicle;vertical=vehicle,not_applicable,google_merchant:atom:attribute:bodystyle,google_merchant:attribute:bodystyle,CATEGORY_ATTRIBUTE,VehicleVertical,vertical_scoped_publication_attribute,ProcessedProductAttribute,string,processed_publication_output,conditional_write_by_data_spec,not_applicable,not_applicable,https://merchantapi.googleapis.com/$discovery/rest?version=products_v1#products_v1,queue:google_vertical_applicability,DEFERRED_REVIEW,"Google-local publication semantic; no cross-platform equivalence asserted."
4bdaa323ac0119a28d599a05a72d88f9a180c05910350c2b092a94e481d07f38,google-merchant-v1-ad575f7aaa799d99,google_merchant,docs/data/google_merchant_products_v1_attribute_inventory.csv,12,5569b6d4690f3c509d6ed97bf6cef3333c1a0ee9189192662430e2e64ce0873b,"Merchant Products v1","Merchant API products_v1 ProductAttributes",ProductAttributes,brand,not_applicable,layer=processed_product_output;input_binding=ProductInput.productAttributes;write_condition=Product_Data_Specification;classification=identifier_or_identity_semantic;vertical=not_applicable,not_applicable,google_merchant:atom:attribute:brand,google_merchant:attribute:brand,REUSABLE_SEMANTIC,ProductData,processed_output_with_conditional_input_binding,ProcessedProductAttribute,string,processed_publication_output,conditional_write_by_data_spec,not_applicable,not_applicable,https://merchantapi.googleapis.com/$discovery/rest?version=products_v1#products_v1,not_applicable,PROVIDER_VERIFIED,"Google-local publication semantic; no cross-platform equivalence asserted."
4248ed38c6f25870ff012798e81efd2e1332ab08cb35a39927116e0eab458520,google-merchant-v1-ad575f7aaa799d99,google_merchant,docs/data/google_merchant_products_v1_attribute_inventory.csv,13,4c7236dd459b503573118ac720ca2af27abee9ed3bdf72877b62b31f3c4f2cac,"Merchant Products v1","Merchant API products_v1 ProductAttributes",ProductAttributes,canonicalLink,not_applicable,layer=processed_product_output;input_binding=ProductInput.productAttributes;write_condition=Product_Data_Specification;classification=semantic_product_field;vertical=not_applicable,not_applicable,google_merchant:atom:attribute:canonicallink,google_merchant:attribute:canonicallink,CHANNEL_SEMANTIC,Connector,publication_governance_or_link,ProcessedProductAttribute,string,processed_publication_output,conditional_write_by_data_spec,not_applicable,not_applicable,https://merchantapi.googleapis.com/$discovery/rest?version=products_v1#products_v1,queue:google_landing_url,DEFERRED_REVIEW,"Google-local publication semantic; no cross-platform equivalence asserted."
14bf1969372420c972fb74a787d3816910f4efb04fd6958caf92f062e4be3adb,google-merchant-v1-ad575f7aaa799d99,google_merchant,docs/data/google_merchant_products_v1_attribute_inventory.csv,14,499b5ca3565653dca4639dff8c683a751c1d8356d200db984bc06b011f39c4f1,"Merchant Products v1","Merchant API products_v1 ProductAttributes",ProductAttributes,carrierShipping,not_applicable,layer=processed_product_output;input_binding=ProductInput.productAttributes;write_condition=Product_Data_Specification;classification=shipping_returns_domain;vertical=not_applicable,not_applicable,google_merchant:atom:attribute:carriershipping,google_merchant:attribute:carriershipping,DOMAIN_CAPABILITY,ShippingReturns,publication_shipping_returns_capability,ProcessedProductAttribute,list,processed_publication_output,conditional_write_by_data_spec,not_applicable,not_applicable,https://merchantapi.googleapis.com/$discovery/rest?version=products_v1#products_v1,not_applicable,PROVIDER_VERIFIED,"Google-local publication semantic; no cross-platform equivalence asserted."
700939b83071b9762f6351cadc2a0541a55e2019cd386376146c60a7dc0513f2,google-merchant-v1-ad575f7aaa799d99,google_merchant,docs/data/google_merchant_products_v1_attribute_inventory.csv,15,4d3fbc15776054b5c9690b246bcc2365327578e9d52198f01d65f564c64d32e9,"Merchant Products v1","Merchant API products_v1 ProductAttributes",ProductAttributes,certifications,not_applicable,layer=processed_product_output;input_binding=ProductInput.productAttributes;write_condition=Product_Data_Specification;classification=semantic_product_field;vertical=not_applicable,not_applicable,google_merchant:atom:attribute:certifications,google_merchant:attribute:certifications,DOMAIN_CAPABILITY,Compliance,publication_compliance_evidence,ProcessedProductAttribute,list,processed_publication_output,conditional_write_by_data_spec,not_applicable,not_applicable,https://merchantapi.googleapis.com/$discovery/rest?version=products_v1#products_v1,queue:google_compliance,DEFERRED_REVIEW,"Google-local publication semantic; no cross-platform equivalence asserted."
1e024935895fd653a5d810e80ea9f7d7119cf56c952cc6a83230f3e134c59c07,google-merchant-v1-ad575f7aaa799d99,google_merchant,docs/data/google_merchant_products_v1_attribute_inventory.csv,16,5b734ba61d071ec4295dd3f7d94b753a5a3a7e81498449c158fd98769803d596,"Merchant Products v1","Merchant API products_v1 ProductAttributes",ProductAttributes,certifiedPreOwned,not_applicable,layer=processed_product_output;input_binding=ProductInput.productAttributes;write_condition=Product_Data_Specification;classification=specialized_vertical_field:vehicle;vertical=vehicle,not_applicable,google_merchant:atom:attribute:certifiedpreowned,google_merchant:attribute:certifiedpreowned,CATEGORY_ATTRIBUTE,VehicleVertical,vertical_scoped_publication_attribute,ProcessedProductAttribute,boolean,processed_publication_output,conditional_write_by_data_spec,not_applicable,not_applicable,https://merchantapi.googleapis.com/$discovery/rest?version=products_v1#products_v1,queue:google_vertical_applicability,DEFERRED_REVIEW,"Google-local publication semantic; no cross-platform equivalence asserted."
119f1e7f8013ca1ebff66b84a7885d909a7bff8573b5a193263926276e39cd66,google-merchant-v1-ad575f7aaa799d99,google_merchant,docs/data/google_merchant_products_v1_attribute_inventory.csv,17,671da9ec8ba32a81ee951d01071b34b45381a954d16bc82f47b869b40b79212b,"Merchant Products v1","Merchant API products_v1 ProductAttributes",ProductAttributes,cloudExportAdditionalProperties,not_applicable,layer=processed_product_output;input_binding=ProductInput.productAttributes;write_condition=Product_Data_Specification;classification=channel_context;vertical=not_applicable,not_applicable,google_merchant:atom:attribute:cloudexportadditionalproperties,google_merchant:attribute:cloudexportadditionalproperties,CHANNEL_SEMANTIC,Connector,publication_channel_control,ProcessedProductAttribute,list,processed_publication_output,conditional_write_by_data_spec,not_applicable,not_applicable,https://merchantapi.googleapis.com/$discovery/rest?version=products_v1#products_v1,not_applicable,PROVIDER_VERIFIED,"Google-local publication semantic; no cross-platform equivalence asserted."
126ee571359ab9c16e4442a6c2ff513deb445b9d71006b222dadaa2f9a9d001f,google-merchant-v1-ad575f7aaa799d99,google_merchant,docs/data/google_merchant_products_v1_attribute_inventory.csv,18,89128123ac9db8300ac84b27a0c6b690ea4d6312135eda35b678e81ea2736d81,"Merchant Products v1","Merchant API products_v1 ProductAttributes",ProductAttributes,co2Emissions,not_applicable,layer=processed_product_output;input_binding=ProductInput.productAttributes;write_condition=Product_Data_Specification;classification=specialized_vertical_field:vehicle;vertical=vehicle,not_applicable,google_merchant:atom:attribute:co2emissions,google_merchant:attribute:co2emissions,DEFER_DECISION,Compliance,vertical_compliance_candidate,ProcessedProductAttribute,structured,processed_publication_output,conditional_write_by_data_spec,not_applicable,not_applicable,https://merchantapi.googleapis.com/$discovery/rest?version=products_v1#products_v1,queue:google_vertical_applicability|queue:google_compliance,DEFERRED_REVIEW,"Google-local publication semantic; no cross-platform equivalence asserted."
b91696aec6bceb1b2f1b9a520f3c7ff0ad850f77488b1b4330797a7969f698dc,google-merchant-v1-ad575f7aaa799d99,google_merchant,docs/data/google_merchant_products_v1_attribute_inventory.csv,19,28264b06dc9d0de821e55f7fe907e7feeabadc26f757b5211e9fff076ecdc9b1,"Merchant Products v1","Merchant API products_v1 ProductAttributes",ProductAttributes,color,not_applicable,layer=processed_product_output;input_binding=ProductInput.productAttributes;write_condition=Product_Data_Specification;classification=semantic_product_field;vertical=not_applicable,not_applicable,google_merchant:atom:attribute:color,google_merchant:attribute:color,REUSABLE_SEMANTIC,ProductData,processed_output_with_conditional_input_binding,ProcessedProductAttribute,string,processed_publication_output,conditional_write_by_data_spec,not_applicable,not_applicable,https://merchantapi.googleapis.com/$discovery/rest?version=products_v1#products_v1,not_applicable,PROVIDER_VERIFIED,"Google-local publication semantic; no cross-platform equivalence asserted."
1c8fee2da930f58f9865e1a9bc6542fc8251fe924b20a77547ee24952bc718be,google-merchant-v1-ad575f7aaa799d99,google_merchant,docs/data/google_merchant_products_v1_attribute_inventory.csv,20,30c1f388f5c8b8185785cbed706f6834d01d307f972d31c415b1705704f89523,"Merchant Products v1","Merchant API products_v1 ProductAttributes",ProductAttributes,condition,not_applicable,layer=processed_product_output;input_binding=ProductInput.productAttributes;write_condition=Product_Data_Specification;classification=semantic_product_field;vertical=not_applicable,not_applicable,google_merchant:atom:attribute:condition,google_merchant:attribute:condition,REUSABLE_SEMANTIC,ProductData,processed_output_with_conditional_input_binding,ProcessedProductAttribute,string,processed_publication_output,conditional_write_by_data_spec,not_applicable,not_applicable,https://merchantapi.googleapis.com/$discovery/rest?version=products_v1#products_v1,not_applicable,PROVIDER_VERIFIED,"Google-local publication semantic; no cross-platform equivalence asserted."
f8ee39cb4aa9249d295c9654543d43fba4aa31de1ff9518e58c80a38886dc06f,google-merchant-v1-ad575f7aaa799d99,google_merchant,docs/data/google_merchant_products_v1_attribute_inventory.csv,21,4d480acc7adc8a1c7de55db5de44e1bd679b41be9e17b797dc4c1f74885193ce,"Merchant Products v1","Merchant API products_v1 ProductAttributes",ProductAttributes,costOfGoodsSold,not_applicable,layer=processed_product_output;input_binding=ProductInput.productAttributes;write_condition=Product_Data_Specification;classification=pricing_or_commercial_domain;vertical=not_applicable,not_applicable,google_merchant:atom:attribute:costofgoodssold,google_merchant:attribute:costofgoodssold,DOMAIN_CAPABILITY,Pricing,publication_commercial_binding,ProcessedProductAttribute,structured,processed_publication_output,conditional_write_by_data_spec,not_applicable,not_applicable,https://merchantapi.googleapis.com/$discovery/rest?version=products_v1#products_v1,not_applicable,PROVIDER_VERIFIED,"Google-local publication semantic; no cross-platform equivalence asserted."
cd1dd0314585938807323de83d707dd181063c88549d32197a677504827baa51,google-merchant-v1-ad575f7aaa799d99,google_merchant,docs/data/google_merchant_products_v1_attribute_inventory.csv,22,707d4ab959116692ffa980a32e3b62424ac970a891ed5ae04410ae6f4560e0f4,"Merchant Products v1","Merchant API products_v1 ProductAttributes",ProductAttributes,customLabel0,not_applicable,layer=processed_product_output;input_binding=ProductInput.productAttributes;write_condition=Product_Data_Specification;classification=channel_context;vertical=not_applicable,not_applicable,google_merchant:atom:attribute:customlabel0,google_merchant:attribute:customlabel0,CHANNEL_SEMANTIC,Connector,publication_channel_control,ProcessedProductAttribute,string,processed_publication_output,conditional_write_by_data_spec,not_applicable,not_applicable,https://merchantapi.googleapis.com/$discovery/rest?version=products_v1#products_v1,not_applicable,PROVIDER_VERIFIED,"Google-local publication semantic; no cross-platform equivalence asserted."
c8a1af847174ae3a093ded0f204503a5848cb95b433b4433a4ab8b8cee63c1ae,google-merchant-v1-ad575f7aaa799d99,google_merchant,docs/data/google_merchant_products_v1_attribute_inventory.csv,23,6509b38317ef5e79fe8eae26b2a05da548f56b716662b0182abca99e89df138d,"Merchant Products v1","Merchant API products_v1 ProductAttributes",ProductAttributes,customLabel1,not_applicable,layer=processed_product_output;input_binding=ProductInput.productAttributes;write_condition=Product_Data_Specification;classification=channel_context;vertical=not_applicable,not_applicable,google_merchant:atom:attribute:customlabel1,google_merchant:attribute:customlabel1,CHANNEL_SEMANTIC,Connector,publication_channel_control,ProcessedProductAttribute,string,processed_publication_output,conditional_write_by_data_spec,not_applicable,not_applicable,https://merchantapi.googleapis.com/$discovery/rest?version=products_v1#products_v1,not_applicable,PROVIDER_VERIFIED,"Google-local publication semantic; no cross-platform equivalence asserted."
5a9f9d6282206b00cda463732ebd3cf757d18391f1175c67ab30ad44a04b6536,google-merchant-v1-ad575f7aaa799d99,google_merchant,docs/data/google_merchant_products_v1_attribute_inventory.csv,24,24361a1e085e98d12ef798b4909919207119d31b71199e36bc00090d0adf273a,"Merchant Products v1","Merchant API products_v1 ProductAttributes",ProductAttributes,customLabel2,not_applicable,layer=processed_product_output;input_binding=ProductInput.productAttributes;write_condition=Product_Data_Specification;classification=channel_context;vertical=not_applicable,not_applicable,google_merchant:atom:attribute:customlabel2,google_merchant:attribute:customlabel2,CHANNEL_SEMANTIC,Connector,publication_channel_control,ProcessedProductAttribute,string,processed_publication_output,conditional_write_by_data_spec,not_applicable,not_applicable,https://merchantapi.googleapis.com/$discovery/rest?version=products_v1#products_v1,not_applicable,PROVIDER_VERIFIED,"Google-local publication semantic; no cross-platform equivalence asserted."
6532ec4461ef2d4c72ada50e13df1492195cb271dc447f238ed17ad7b46f1a86,google-merchant-v1-ad575f7aaa799d99,google_merchant,docs/data/google_merchant_products_v1_attribute_inventory.csv,25,8818e5b311812c1b2a7dd4354a324b2402cbcc5f1d3be4a2cfb29ff6006e3eaf,"Merchant Products v1","Merchant API products_v1 ProductAttributes",ProductAttributes,customLabel3,not_applicable,layer=processed_product_output;input_binding=ProductInput.productAttributes;write_condition=Product_Data_Specification;classification=channel_context;vertical=not_applicable,not_applicable,google_merchant:atom:attribute:customlabel3,google_merchant:attribute:customlabel3,CHANNEL_SEMANTIC,Connector,publication_channel_control,ProcessedProductAttribute,string,processed_publication_output,conditional_write_by_data_spec,not_applicable,not_applicable,https://merchantapi.googleapis.com/$discovery/rest?version=products_v1#products_v1,not_applicable,PROVIDER_VERIFIED,"Google-local publication semantic; no cross-platform equivalence asserted."
f9dd6bb7e20cab35fb0242ba1151adf28fd0ec48a46ea5de4ebf0e30f8e0dadd,google-merchant-v1-ad575f7aaa799d99,google_merchant,docs/data/google_merchant_products_v1_attribute_inventory.csv,26,43efaf855b52fdcc5f9d5f8b0c39265628e05a0bf59ed19ff13295ea5a9f6b5b,"Merchant Products v1","Merchant API products_v1 ProductAttributes",ProductAttributes,customLabel4,not_applicable,layer=processed_product_output;input_binding=ProductInput.productAttributes;write_condition=Product_Data_Specification;classification=channel_context;vertical=not_applicable,not_applicable,google_merchant:atom:attribute:customlabel4,google_merchant:attribute:customlabel4,CHANNEL_SEMANTIC,Connector,publication_channel_control,ProcessedProductAttribute,string,processed_publication_output,conditional_write_by_data_spec,not_applicable,not_applicable,https://merchantapi.googleapis.com/$discovery/rest?version=products_v1#products_v1,not_applicable,PROVIDER_VERIFIED,"Google-local publication semantic; no cross-platform equivalence asserted."
bb84d7aa7b7dbef44c527c86e9f2b2195051b31550eee648d5735a7aeda2882e,google-merchant-v1-ad575f7aaa799d99,google_merchant,docs/data/google_merchant_products_v1_attribute_inventory.csv,27,4027eb1eb8158393e65958e868ecc4241253f6291db318985ffc179ff08c02da,"Merchant Products v1","Merchant API products_v1 ProductAttributes",ProductAttributes,dateFirstRegistered,not_applicable,layer=processed_product_output;input_binding=ProductInput.productAttributes;write_condition=Product_Data_Specification;classification=channel_or_specialized_context;vertical=vehicle,not_applicable,google_merchant:atom:attribute:datefirstregistered,google_merchant:attribute:datefirstregistered,CATEGORY_ATTRIBUTE,VehicleVertical,vertical_scoped_publication_attribute,ProcessedProductAttribute,string,processed_publication_output,conditional_write_by_data_spec,not_applicable,not_applicable,https://merchantapi.googleapis.com/$discovery/rest?version=products_v1#products_v1,queue:google_vertical_applicability,DEFERRED_REVIEW,"Google-local publication semantic; no cross-platform equivalence asserted."
7e5999e4e9070c832b8f01026af6e786f1518fa507c8d0804982882c6bfbb883,google-merchant-v1-ad575f7aaa799d99,google_merchant,docs/data/google_merchant_products_v1_attribute_inventory.csv,28,ca32a786de6ff0a2a0b7ca22ac73730e56564d026655ca06a7ee225499179336,"Merchant Products v1","Merchant API products_v1 ProductAttributes",ProductAttributes,description,not_applicable,layer=processed_product_output;input_binding=ProductInput.productAttributes;write_condition=Product_Data_Specification;classification=semantic_product_field;vertical=not_applicable,not_applicable,google_merchant:atom:attribute:description,google_merchant:attribute:description,REUSABLE_SEMANTIC,ProductData,processed_output_with_conditional_input_binding,ProcessedProductAttribute,string,processed_publication_output,conditional_write_by_data_spec,not_applicable,not_applicable,https://merchantapi.googleapis.com/$discovery/rest?version=products_v1#products_v1,not_applicable,PROVIDER_VERIFIED,"Google-local publication semantic; no cross-platform equivalence asserted."
df8a17d55dafaf272ce0aa85df52f29ac7729303d4e798a668b4beb952e276bd,google-merchant-v1-ad575f7aaa799d99,google_merchant,docs/data/google_merchant_products_v1_attribute_inventory.csv,29,b8ee32929eaa41e1e2bc1bb23c9ff3daedb6746f61d158b10de182248140a58b,"Merchant Products v1","Merchant API products_v1 ProductAttributes",ProductAttributes,disclosureDate,not_applicable,layer=processed_product_output;input_binding=ProductInput.productAttributes;write_condition=Product_Data_Specification;classification=channel_context;vertical=not_applicable,not_applicable,google_merchant:atom:attribute:disclosuredate,google_merchant:attribute:disclosuredate,CHANNEL_SEMANTIC,Connector,publication_channel_control,ProcessedProductAttribute,string,processed_publication_output,conditional_write_by_data_spec,not_applicable,not_applicable,https://merchantapi.googleapis.com/$discovery/rest?version=products_v1#products_v1,not_applicable,PROVIDER_VERIFIED,"Google-local publication semantic; no cross-platform equivalence asserted."
b8e46b1057269a592396f5c5e109f112ebad341f3e740b693f5ad59bb8b79427,google-merchant-v1-ad575f7aaa799d99,google_merchant,docs/data/google_merchant_products_v1_attribute_inventory.csv,30,9556b8e5b09ee46c6fc126487be0876ead89f2709020dae945eda6c5633df37c,"Merchant Products v1","Merchant API products_v1 ProductAttributes",ProductAttributes,displayAddress,not_applicable,layer=processed_product_output;input_binding=ProductInput.productAttributes;write_condition=Product_Data_Specification;classification=specialized_vertical_field:property;vertical=property,not_applicable,google_merchant:atom:attribute:displayaddress,google_merchant:attribute:displayaddress,CATEGORY_ATTRIBUTE,PropertyVertical,vertical_scoped_publication_attribute,ProcessedProductAttribute,structured,processed_publication_output,conditional_write_by_data_spec,not_applicable,not_applicable,https://merchantapi.googleapis.com/$discovery/rest?version=products_v1#products_v1,queue:google_vertical_applicability,DEFERRED_REVIEW,"Google-local publication semantic; no cross-platform equivalence asserted."
0f47ed02699a070e9941b3c73605b29aa16ee00cd218b6ffeec8fb29e2ca543c,google-merchant-v1-ad575f7aaa799d99,google_merchant,docs/data/google_merchant_products_v1_attribute_inventory.csv,31,8dbe14df41ee0af01bef552995c9fca1bdd955769426a1452f0fefc172a255c4,"Merchant Products v1","Merchant API products_v1 ProductAttributes",ProductAttributes,displayAdsId,not_applicable,layer=processed_product_output;input_binding=ProductInput.productAttributes;write_condition=Product_Data_Specification;classification=channel_context;vertical=not_applicable,not_applicable,google_merchant:atom:attribute:displayadsid,google_merchant:attribute:displayadsid,CHANNEL_SEMANTIC,Connector,publication_channel_control,ProcessedProductAttribute,string,processed_publication_output,conditional_write_by_data_spec,not_applicable,not_applicable,https://merchantapi.googleapis.com/$discovery/rest?version=products_v1#products_v1,not_applicable,PROVIDER_VERIFIED,"Google-local publication semantic; no cross-platform equivalence asserted."
b2609ad5014c544a56da91d60b517fc9930579083bb182ead7aca92e62058236,google-merchant-v1-ad575f7aaa799d99,google_merchant,docs/data/google_merchant_products_v1_attribute_inventory.csv,32,9f007db144d5ba988ad5c89c3f010d166891d939dd5b9a14e2603b4e4e267074,"Merchant Products v1","Merchant API products_v1 ProductAttributes",ProductAttributes,displayAdsLink,not_applicable,layer=processed_product_output;input_binding=ProductInput.productAttributes;write_condition=Product_Data_Specification;classification=channel_context;vertical=not_applicable,not_applicable,google_merchant:atom:attribute:displayadslink,google_merchant:attribute:displayadslink,CHANNEL_SEMANTIC,Connector,publication_channel_control,ProcessedProductAttribute,string,processed_publication_output,conditional_write_by_data_spec,not_applicable,not_applicable,https://merchantapi.googleapis.com/$discovery/rest?version=products_v1#products_v1,not_applicable,PROVIDER_VERIFIED,"Google-local publication semantic; no cross-platform equivalence asserted."
b64fee35fb819638a0bfb57cd4aeee46305b04233a0e88962f6a7593a7837605,google-merchant-v1-ad575f7aaa799d99,google_merchant,docs/data/google_merchant_products_v1_attribute_inventory.csv,33,e4632f0086e7e225b98bc97fa7a3f4e8ed2aac7f608a034e70cf89ce287fff19,"Merchant Products v1","Merchant API products_v1 ProductAttributes",ProductAttributes,displayAdsSimilarIds,not_applicable,layer=processed_product_output;input_binding=ProductInput.productAttributes;write_condition=Product_Data_Specification;classification=channel_context;vertical=not_applicable,not_applicable,google_merchant:atom:attribute:displayadssimilarids,google_merchant:attribute:displayadssimilarids,CHANNEL_SEMANTIC,Connector,publication_channel_control,ProcessedProductAttribute,list,processed_publication_output,conditional_write_by_data_spec,not_applicable,not_applicable,https://merchantapi.googleapis.com/$discovery/rest?version=products_v1#products_v1,not_applicable,PROVIDER_VERIFIED,"Google-local publication semantic; no cross-platform equivalence asserted."
01b90b84c6a467e57b868dc8345aa23ccbe3f46d1b4269f95666b55f0a9b6c2c,google-merchant-v1-ad575f7aaa799d99,google_merchant,docs/data/google_merchant_products_v1_attribute_inventory.csv,34,e913268d2537409a2e175924fe2bc7596f1b9fd68f1d2016d9317e37c06b952e,"Merchant Products v1","Merchant API products_v1 ProductAttributes",ProductAttributes,displayAdsTitle,not_applicable,layer=processed_product_output;input_binding=ProductInput.productAttributes;write_condition=Product_Data_Specification;classification=channel_context;vertical=not_applicable,not_applicable,google_merchant:atom:attribute:displayadstitle,google_merchant:attribute:displayadstitle,CHANNEL_SEMANTIC,Connector,publication_channel_control,ProcessedProductAttribute,string,processed_publication_output,conditional_write_by_data_spec,not_applicable,not_applicable,https://merchantapi.googleapis.com/$discovery/rest?version=products_v1#products_v1,not_applicable,PROVIDER_VERIFIED,"Google-local publication semantic; no cross-platform equivalence asserted."
ebfd4084a4bfc2eff9d8c51eaf4e9a37d4047567bd4d903355f716a99946475b,google-merchant-v1-ad575f7aaa799d99,google_merchant,docs/data/google_merchant_products_v1_attribute_inventory.csv,35,beb6b904f110f7cb6aa924cc3763fa8e60f2b652fea69910828a37576d0be66d,"Merchant Products v1","Merchant API products_v1 ProductAttributes",ProductAttributes,displayAdsValue,not_applicable,layer=processed_product_output;input_binding=ProductInput.productAttributes;write_condition=Product_Data_Specification;classification=channel_context;vertical=not_applicable,not_applicable,google_merchant:atom:attribute:displayadsvalue,google_merchant:attribute:displayadsvalue,CHANNEL_SEMANTIC,Connector,publication_channel_control,ProcessedProductAttribute,decimal,processed_publication_output,conditional_write_by_data_spec,not_applicable,not_applicable,https://merchantapi.googleapis.com/$discovery/rest?version=products_v1#products_v1,not_applicable,PROVIDER_VERIFIED,"Google-local publication semantic; no cross-platform equivalence asserted."
8fc9f0a64bb8b3fcf1dd8f7bc017b1a157f9f5123165b4d2c005a33dd0ed3120,google-merchant-v1-ad575f7aaa799d99,google_merchant,docs/data/google_merchant_products_v1_attribute_inventory.csv,36,a72f3efa3545751db60612749b3e471a5f1c0d94f221b9090dedf028817021e9,"Merchant Products v1","Merchant API products_v1 ProductAttributes",ProductAttributes,documentLinks,not_applicable,layer=processed_product_output;input_binding=ProductInput.productAttributes;write_condition=Product_Data_Specification;classification=media_domain;vertical=not_applicable,not_applicable,google_merchant:atom:attribute:documentlinks,google_merchant:attribute:documentlinks,DOMAIN_CAPABILITY,Media,publication_media_binding,ProcessedProductAttribute,list,processed_publication_output,conditional_write_by_data_spec,not_applicable,not_applicable,https://merchantapi.googleapis.com/$discovery/rest?version=products_v1#products_v1,not_applicable,PROVIDER_VERIFIED,"Google-local publication semantic; no cross-platform equivalence asserted."
e072c5dd060e3f56c055ddb8090f3c2903214930a7c5b7402b9c07b71debc44f,google-merchant-v1-ad575f7aaa799d99,google_merchant,docs/data/google_merchant_products_v1_attribute_inventory.csv,37,b215910f1fd526ede15c1dc145392b9339924edbcc65b4981daa1eb8bceec03f,"Merchant Products v1","Merchant API products_v1 ProductAttributes",ProductAttributes,electricRange,not_applicable,layer=processed_product_output;input_binding=ProductInput.productAttributes;write_condition=Product_Data_Specification;classification=specialized_vertical_field:vehicle;vertical=vehicle,not_applicable,google_merchant:atom:attribute:electricrange,google_merchant:attribute:electricrange,CATEGORY_ATTRIBUTE,VehicleVertical,vertical_scoped_publication_attribute,ProcessedProductAttribute,structured,processed_publication_output,conditional_write_by_data_spec,not_applicable,not_applicable,https://merchantapi.googleapis.com/$discovery/rest?version=products_v1#products_v1,queue:google_vertical_applicability,DEFERRED_REVIEW,"Google-local publication semantic; no cross-platform equivalence asserted."
83df7550f2755b71468e49b21380090571d479d34079ed404a2f6994956e7d61,google-merchant-v1-ad575f7aaa799d99,google_merchant,docs/data/google_merchant_products_v1_attribute_inventory.csv,38,da6a3f73d691f3a92aa470f8e525954ab3e1a6b4ee5c54e76017c311c7268714,"Merchant Products v1","Merchant API products_v1 ProductAttributes",ProductAttributes,emissionsStandard,not_applicable,layer=processed_product_output;input_binding=ProductInput.productAttributes;write_condition=Product_Data_Specification;classification=specialized_vertical_field:vehicle;vertical=vehicle,not_applicable,google_merchant:atom:attribute:emissionsstandard,google_merchant:attribute:emissionsstandard,DEFER_DECISION,Compliance,vertical_compliance_candidate,ProcessedProductAttribute,string,processed_publication_output,conditional_write_by_data_spec,not_applicable,not_applicable,https://merchantapi.googleapis.com/$discovery/rest?version=products_v1#products_v1,queue:google_vertical_applicability|queue:google_compliance,DEFERRED_REVIEW,"Google-local publication semantic; no cross-platform equivalence asserted."
0ba7c58305fa6e12e92da445ac4f9cc3fd41221f154d734e5147ffd7f02adf8d,google-merchant-v1-ad575f7aaa799d99,google_merchant,docs/data/google_merchant_products_v1_attribute_inventory.csv,39,6a12b219a5b273ff3d7998003b911070b34bdd7ce1eaed5957093698fb0efbb8,"Merchant Products v1","Merchant API products_v1 ProductAttributes",ProductAttributes,energyConsumption,not_applicable,layer=processed_product_output;input_binding=ProductInput.productAttributes;write_condition=Product_Data_Specification;classification=specialized_vertical_field:vehicle;vertical=vehicle,not_applicable,google_merchant:atom:attribute:energyconsumption,google_merchant:attribute:energyconsumption,DEFER_DECISION,Compliance,vertical_compliance_candidate,ProcessedProductAttribute,structured,processed_publication_output,conditional_write_by_data_spec,not_applicable,not_applicable,https://merchantapi.googleapis.com/$discovery/rest?version=products_v1#products_v1,queue:google_vertical_applicability|queue:google_compliance,DEFERRED_REVIEW,"Google-local publication semantic; no cross-platform equivalence asserted."
2c8049930217c2f530a82662afd10cd36372cb06eaec4da7c336a765f06013e0,google-merchant-v1-ad575f7aaa799d99,google_merchant,docs/data/google_merchant_products_v1_attribute_inventory.csv,40,5e9d6bc88881d0169df0702f1a720f7409b3dce7228251ec37d5b34e6df64d18,"Merchant Products v1","Merchant API products_v1 ProductAttributes",ProductAttributes,energyEfficiencyClass,not_applicable,layer=processed_product_output;input_binding=ProductInput.productAttributes;write_condition=Product_Data_Specification;classification=semantic_product_field;vertical=not_applicable,not_applicable,google_merchant:atom:attribute:energyefficiencyclass,google_merchant:attribute:energyefficiencyclass,DOMAIN_CAPABILITY,Compliance,publication_compliance_evidence,ProcessedProductAttribute,string,processed_publication_output,conditional_write_by_data_spec,not_applicable,not_applicable,https://merchantapi.googleapis.com/$discovery/rest?version=products_v1#products_v1,queue:google_compliance,DEFERRED_REVIEW,"Google-local publication semantic; no cross-platform equivalence asserted."
0f92c1bc350c6a0a70f4b2cee078da324b197505c737c23a84e2184d85e9ffd5,google-merchant-v1-ad575f7aaa799d99,google_merchant,docs/data/google_merchant_products_v1_attribute_inventory.csv,41,11384b1564407f415d76ecc0fe531a9333245cda2f433b43f1bf85bc7a6200ec,"Merchant Products v1","Merchant API products_v1 ProductAttributes",ProductAttributes,engine,not_applicable,layer=processed_product_output;input_binding=ProductInput.productAttributes;write_condition=Product_Data_Specification;classification=specialized_vertical_field:vehicle;vertical=vehicle,not_applicable,google_merchant:atom:attribute:engine,google_merchant:attribute:engine,CATEGORY_ATTRIBUTE,VehicleVertical,vertical_scoped_publication_attribute,ProcessedProductAttribute,string,processed_publication_output,conditional_write_by_data_spec,not_applicable,not_applicable,https://merchantapi.googleapis.com/$discovery/rest?version=products_v1#products_v1,queue:google_vertical_applicability,DEFERRED_REVIEW,"Google-local publication semantic; no cross-platform equivalence asserted."
689a54811bb3adcc4a8bf6e6d964c99a20506cd9905a9ad710174c5ba7af393a,google-merchant-v1-ad575f7aaa799d99,google_merchant,docs/data/google_merchant_products_v1_attribute_inventory.csv,42,ae86e76ad6e1af517b13514ae6be16b222dae38e0a4a8426c694ac15194b9cf4,"Merchant Products v1","Merchant API products_v1 ProductAttributes",ProductAttributes,excludedDestinations,not_applicable,layer=processed_product_output;input_binding=ProductInput.productAttributes;write_condition=Product_Data_Specification;classification=channel_context;vertical=not_applicable,not_applicable,google_merchant:atom:attribute:excludeddestinations,google_merchant:attribute:excludeddestinations,CHANNEL_SEMANTIC,Connector,publication_channel_control,ProcessedProductAttribute,list,processed_publication_output,conditional_write_by_data_spec,not_applicable,not_applicable,https://merchantapi.googleapis.com/$discovery/rest?version=products_v1#products_v1,not_applicable,PROVIDER_VERIFIED,"Google-local publication semantic; no cross-platform equivalence asserted."
fdeeea4a8c7501e1751dbd0598a8d58c17da907f0d7f18177125d684cb4a6388,google-merchant-v1-ad575f7aaa799d99,google_merchant,docs/data/google_merchant_products_v1_attribute_inventory.csv,43,e2b78babc26a0227a36ed2ad977d550ef92845bed75f0522f66cb2a4e2975196,"Merchant Products v1","Merchant API products_v1 ProductAttributes",ProductAttributes,expirationDate,not_applicable,layer=processed_product_output;input_binding=ProductInput.productAttributes;write_condition=Product_Data_Specification;classification=channel_context;vertical=not_applicable,not_applicable,google_merchant:atom:attribute:expirationdate,google_merchant:attribute:expirationdate,CHANNEL_SEMANTIC,Connector,publication_channel_control,ProcessedProductAttribute,string,processed_publication_output,conditional_write_by_data_spec,not_applicable,not_applicable,https://merchantapi.googleapis.com/$discovery/rest?version=products_v1#products_v1,not_applicable,PROVIDER_VERIFIED,"Google-local publication semantic; no cross-platform equivalence asserted."
06738ced7be571c48a0bdc4f0a6b413293653df2a9f7e1f363db6966e022b46c,google-merchant-v1-ad575f7aaa799d99,google_merchant,docs/data/google_merchant_products_v1_attribute_inventory.csv,44,007741a6bf90ea9a1d388d3b4d6c967e90d854df0c8a0444dfa39824fb33172d,"Merchant Products v1","Merchant API products_v1 ProductAttributes",ProductAttributes,externalSellerId,not_applicable,layer=processed_product_output;input_binding=ProductInput.productAttributes;write_condition=Product_Data_Specification;classification=channel_context;vertical=not_applicable,not_applicable,google_merchant:atom:attribute:externalsellerid,google_merchant:attribute:externalsellerid,CHANNEL_SEMANTIC,Connector,publication_channel_control,ProcessedProductAttribute,string,processed_publication_output,conditional_write_by_data_spec,not_applicable,not_applicable,https://merchantapi.googleapis.com/$discovery/rest?version=products_v1#products_v1,not_applicable,PROVIDER_VERIFIED,"Google-local publication semantic; no cross-platform equivalence asserted."
d1dbbff614c7f4be2240a9cf6adb81b134aea006269820fb6bbdf290bb1cfef2,google-merchant-v1-ad575f7aaa799d99,google_merchant,docs/data/google_merchant_products_v1_attribute_inventory.csv,45,80620b31ce9e1b07f85366c323bdbc2e0ce11273429c545014f57c6871f30336,"Merchant Products v1","Merchant API products_v1 ProductAttributes",ProductAttributes,freeShippingThreshold,not_applicable,layer=processed_product_output;input_binding=ProductInput.productAttributes;write_condition=Product_Data_Specification;classification=shipping_returns_domain;vertical=not_applicable,not_applicable,google_merchant:atom:attribute:freeshippingthreshold,google_merchant:attribute:freeshippingthreshold,DOMAIN_CAPABILITY,ShippingReturns,publication_shipping_returns_capability,ProcessedProductAttribute,list,processed_publication_output,conditional_write_by_data_spec,not_applicable,not_applicable,https://merchantapi.googleapis.com/$discovery/rest?version=products_v1#products_v1,not_applicable,PROVIDER_VERIFIED,"Google-local publication semantic; no cross-platform equivalence asserted."
59fad41cd87dc894e1939faf4caadd0c419605be09f381381e5dd3aaec7ecb0b,google-merchant-v1-ad575f7aaa799d99,google_merchant,docs/data/google_merchant_products_v1_attribute_inventory.csv,46,743110d5d40bd5381597a2b25398f2c715d242fb7a9dcc27a975a8263dbf28a9,"Merchant Products v1","Merchant API products_v1 ProductAttributes",ProductAttributes,fuelConsumption,not_applicable,layer=processed_product_output;input_binding=ProductInput.productAttributes;write_condition=Product_Data_Specification;classification=specialized_vertical_field:vehicle;vertical=vehicle,not_applicable,google_merchant:atom:attribute:fuelconsumption,google_merchant:attribute:fuelconsumption,CATEGORY_ATTRIBUTE,VehicleVertical,vertical_scoped_publication_attribute,ProcessedProductAttribute,structured,processed_publication_output,conditional_write_by_data_spec,not_applicable,not_applicable,https://merchantapi.googleapis.com/$discovery/rest?version=products_v1#products_v1,queue:google_vertical_applicability,DEFERRED_REVIEW,"Google-local publication semantic; no cross-platform equivalence asserted."
47862f9c7022f6da6079964ab46aefe59fcbab77dae85912cf8cc9891f7fead6,google-merchant-v1-ad575f7aaa799d99,google_merchant,docs/data/google_merchant_products_v1_attribute_inventory.csv,47,78b6559673a18fbf15bd677c75cfdff9d6a2c5c6ca714469b6425bb86e1f652d,"Merchant Products v1","Merchant API products_v1 ProductAttributes",ProductAttributes,fuelConsumptionDischargedBattery,not_applicable,layer=processed_product_output;input_binding=ProductInput.productAttributes;write_condition=Product_Data_Specification;classification=specialized_vertical_field:vehicle;vertical=vehicle,not_applicable,google_merchant:atom:attribute:fuelconsumptiondischargedbattery,google_merchant:attribute:fuelconsumptiondischargedbattery,CATEGORY_ATTRIBUTE,VehicleVertical,vertical_scoped_publication_attribute,ProcessedProductAttribute,structured,processed_publication_output,conditional_write_by_data_spec,not_applicable,not_applicable,https://merchantapi.googleapis.com/$discovery/rest?version=products_v1#products_v1,queue:google_vertical_applicability,DEFERRED_REVIEW,"Google-local publication semantic; no cross-platform equivalence asserted."
f4dd904dc3be5e31de49ad4bdda8842e401596a988217b257df4d3e46f41f739,google-merchant-v1-ad575f7aaa799d99,google_merchant,docs/data/google_merchant_products_v1_attribute_inventory.csv,48,c066a1b5e95a0fcd94fb9e3f7496208c2344c9fa64f6f1017fa7eea8bc4a10ec,"Merchant Products v1","Merchant API products_v1 ProductAttributes",ProductAttributes,gender,not_applicable,layer=processed_product_output;input_binding=ProductInput.productAttributes;write_condition=Product_Data_Specification;classification=semantic_product_field;vertical=not_applicable,not_applicable,google_merchant:atom:attribute:gender,google_merchant:attribute:gender,REUSABLE_SEMANTIC,ProductData,processed_output_with_conditional_input_binding,ProcessedProductAttribute,string,processed_publication_output,conditional_write_by_data_spec,not_applicable,not_applicable,https://merchantapi.googleapis.com/$discovery/rest?version=products_v1#products_v1,not_applicable,PROVIDER_VERIFIED,"Google-local publication semantic; no cross-platform equivalence asserted."
c2e12ad181143b3af6d64870991f70740cf5e6e4bcfd0ced2df52aa0b385e851,google-merchant-v1-ad575f7aaa799d99,google_merchant,docs/data/google_merchant_products_v1_attribute_inventory.csv,49,bbc511cd2e858b7d1a565851e9e63e187d92dfbd4983bd0a0dd78d301526bd45,"Merchant Products v1","Merchant API products_v1 ProductAttributes",ProductAttributes,googleProductCategory,not_applicable,layer=processed_product_output;input_binding=ProductInput.productAttributes;write_condition=Product_Data_Specification;classification=taxonomy_context;vertical=not_applicable,not_applicable,google_merchant:atom:attribute:googleproductcategory,google_merchant:attribute:googleproductcategory,CHANNEL_SEMANTIC,Connector,google_controlled_taxonomy_context,ProcessedProductAttribute,string,processed_publication_output,conditional_write_by_data_spec,not_applicable,not_applicable,https://merchantapi.googleapis.com/$discovery/rest?version=products_v1#products_v1,queue:google_taxonomy,DEFERRED_REVIEW,"Google-local publication semantic; no cross-platform equivalence asserted."
64e6f9b32e574ec7d1e9fec622fc1ebaf894f6a630143253df7c1251bb539982,google-merchant-v1-ad575f7aaa799d99,google_merchant,docs/data/google_merchant_products_v1_attribute_inventory.csv,50,942b95e4c8165b9d3971945709b870760c2e148dd824e0b6eed74d051b7093e1,"Merchant Products v1","Merchant API products_v1 ProductAttributes",ProductAttributes,gtins,not_applicable,layer=processed_product_output;input_binding=ProductInput.productAttributes;write_condition=Product_Data_Specification;classification=identifier_or_identity_semantic;vertical=not_applicable,not_applicable,google_merchant:atom:attribute:gtins,google_merchant:attribute:gtins,REUSABLE_SEMANTIC,ProductData,processed_output_with_conditional_input_binding,ProcessedProductAttribute,list,processed_publication_output,conditional_write_by_data_spec,not_applicable,not_applicable,https://merchantapi.googleapis.com/$discovery/rest?version=products_v1#products_v1,not_applicable,PROVIDER_VERIFIED,"Google-local publication semantic; no cross-platform equivalence asserted."
c725ec9b808466c0f58490bf7593756de118337ccb5c1400cd2122dc245f0e87,google-merchant-v1-ad575f7aaa799d99,google_merchant,docs/data/google_merchant_products_v1_attribute_inventory.csv,51,ebb66863744cb0f5a553363a57670bd09b10736d14eb28c8418836c8733e5a0e,"Merchant Products v1","Merchant API products_v1 ProductAttributes",ProductAttributes,handlingCutoffTimes,not_applicable,layer=processed_product_output;input_binding=ProductInput.productAttributes;write_condition=Product_Data_Specification;classification=shipping_returns_domain;vertical=not_applicable,not_applicable,google_merchant:atom:attribute:handlingcutofftimes,google_merchant:attribute:handlingcutofftimes,DOMAIN_CAPABILITY,ShippingReturns,publication_shipping_returns_capability,ProcessedProductAttribute,list,processed_publication_output,conditional_write_by_data_spec,not_applicable,not_applicable,https://merchantapi.googleapis.com/$discovery/rest?version=products_v1#products_v1,not_applicable,PROVIDER_VERIFIED,"Google-local publication semantic; no cross-platform equivalence asserted."
2bfcc7a02d1551f857b4414e648a935fd6aa27d6e4e909c8765ab42ab2ead852,google-merchant-v1-ad575f7aaa799d99,google_merchant,docs/data/google_merchant_products_v1_attribute_inventory.csv,52,d0c6b9258cbd462abac496a4018b5579540857cb3e99845bcf95c11f50e98155,"Merchant Products v1","Merchant API products_v1 ProductAttributes",ProductAttributes,identifierExists,not_applicable,layer=processed_product_output;input_binding=ProductInput.productAttributes;write_condition=Product_Data_Specification;classification=identifier_or_identity_semantic;vertical=not_applicable,not_applicable,google_merchant:atom:attribute:identifierexists,google_merchant:attribute:identifierexists,CHANNEL_SEMANTIC,Connector,publication_governance_or_link,ProcessedProductAttribute,boolean,processed_publication_output,conditional_write_by_data_spec,not_applicable,not_applicable,https://merchantapi.googleapis.com/$discovery/rest?version=products_v1#products_v1,queue:google_identifier_exists,DEFERRED_REVIEW,"Google-local publication semantic; no cross-platform equivalence asserted."
b250b00840546a5898961da256d405f2aee6f898a9eb0301731ccca04034142d,google-merchant-v1-ad575f7aaa799d99,google_merchant,docs/data/google_merchant_products_v1_attribute_inventory.csv,53,2f7bb73eff7722acdddd12d9ca17da9cc1ab621abdd638e8c6d86aa28403774a,"Merchant Products v1","Merchant API products_v1 ProductAttributes",ProductAttributes,imageLink,not_applicable,layer=processed_product_output;input_binding=ProductInput.productAttributes;write_condition=Product_Data_Specification;classification=media_domain;vertical=not_applicable,not_applicable,google_merchant:atom:attribute:imagelink,google_merchant:attribute:imagelink,DOMAIN_CAPABILITY,Media,publication_media_binding,ProcessedProductAttribute,string,processed_publication_output,conditional_write_by_data_spec,not_applicable,not_applicable,https://merchantapi.googleapis.com/$discovery/rest?version=products_v1#products_v1,not_applicable,PROVIDER_VERIFIED,"Google-local publication semantic; no cross-platform equivalence asserted."
1728d97a319c5e74a5be472628f897b9b438bea16a783cccaced57046ea13651,google-merchant-v1-ad575f7aaa799d99,google_merchant,docs/data/google_merchant_products_v1_attribute_inventory.csv,54,e79fdccd24263da3652c2a219477dc09553aeceeefb2d7758c9921ead546bc20,"Merchant Products v1","Merchant API products_v1 ProductAttributes",ProductAttributes,includedDestinations,not_applicable,layer=processed_product_output;input_binding=ProductInput.productAttributes;write_condition=Product_Data_Specification;classification=channel_context;vertical=not_applicable,not_applicable,google_merchant:atom:attribute:includeddestinations,google_merchant:attribute:includeddestinations,CHANNEL_SEMANTIC,Connector,publication_channel_control,ProcessedProductAttribute,list,processed_publication_output,conditional_write_by_data_spec,not_applicable,not_applicable,https://merchantapi.googleapis.com/$discovery/rest?version=products_v1#products_v1,not_applicable,PROVIDER_VERIFIED,"Google-local publication semantic; no cross-platform equivalence asserted."
c831b2366002155eaa592c3aca389f6dece53723db210efe667eeecf31ace33e,google-merchant-v1-ad575f7aaa799d99,google_merchant,docs/data/google_merchant_products_v1_attribute_inventory.csv,55,792e5536a138872bd3318068adc7c6115cddd37fa4781d7502fccc5517b37a37,"Merchant Products v1","Merchant API products_v1 ProductAttributes",ProductAttributes,installment,not_applicable,layer=processed_product_output;input_binding=ProductInput.productAttributes;write_condition=Product_Data_Specification;classification=pricing_or_commercial_domain;vertical=not_applicable,not_applicable,google_merchant:atom:attribute:installment,google_merchant:attribute:installment,DOMAIN_CAPABILITY,Pricing,publication_commercial_binding,ProcessedProductAttribute,structured,processed_publication_output,conditional_write_by_data_spec,not_applicable,not_applicable,https://merchantapi.googleapis.com/$discovery/rest?version=products_v1#products_v1,not_applicable,PROVIDER_VERIFIED,"Google-local publication semantic; no cross-platform equivalence asserted."
df3c82351320e32dc031b38364cdfda65bb8e41825a96358118bd40734f2adc9,google-merchant-v1-ad575f7aaa799d99,google_merchant,docs/data/google_merchant_products_v1_attribute_inventory.csv,56,a70fdf50686e4e65f4a80e460e1b879c2c8ac80c16ef14da9d72129c19487197,"Merchant Products v1","Merchant API products_v1 ProductAttributes",ProductAttributes,isBundle,not_applicable,layer=processed_product_output;input_binding=ProductInput.productAttributes;write_condition=Product_Data_Specification;classification=relationship_or_variant_capability;vertical=not_applicable,not_applicable,google_merchant:atom:attribute:isbundle,google_merchant:attribute:isbundle,DOMAIN_CAPABILITY,BundleComposition,business_defined_bundle_composition,ProcessedProductAttribute,boolean,processed_publication_output,conditional_write_by_data_spec,not_applicable,not_applicable,https://merchantapi.googleapis.com/$discovery/rest?version=products_v1#products_v1,not_applicable,PROVIDER_VERIFIED,"Google-local publication semantic; no cross-platform equivalence asserted."
61dcbf24a323ee65d3301b626cc9a0132d0420f33a89f8a9c3772bd7eb3e7548,google-merchant-v1-ad575f7aaa799d99,google_merchant,docs/data/google_merchant_products_v1_attribute_inventory.csv,57,14e2261e13db797966068d2b058726df8e645fdd8ce93070a6944af4c51c6605,"Merchant Products v1","Merchant API products_v1 ProductAttributes",ProductAttributes,itemGroupId,not_applicable,layer=processed_product_output;input_binding=ProductInput.productAttributes;write_condition=Product_Data_Specification;classification=relationship_or_variant_capability;vertical=not_applicable,not_applicable,google_merchant:atom:attribute:itemgroupid,google_merchant:attribute:itemgroupid,DOMAIN_CAPABILITY,VariantComposition,variant_grouping_composition,ProcessedProductAttribute,string,processed_publication_output,conditional_write_by_data_spec,not_applicable,not_applicable,https://merchantapi.googleapis.com/$discovery/rest?version=products_v1#products_v1,not_applicable,PROVIDER_VERIFIED,"Google-local publication semantic; no cross-platform equivalence asserted."
1ed0cb4222763b2fdd2e71136496721ffa48503a0c7dd527b467fc7184a85c03,google-merchant-v1-ad575f7aaa799d99,google_merchant,docs/data/google_merchant_products_v1_attribute_inventory.csv,58,cb48021b47eeeadeb1dda6be11eda215dc04244bf683404035532c4eddd0a0aa,"Merchant Products v1","Merchant API products_v1 ProductAttributes",ProductAttributes,itemGroupTitle,not_applicable,layer=processed_product_output;input_binding=ProductInput.productAttributes;write_condition=Product_Data_Specification;classification=relationship_or_variant_capability;vertical=not_applicable,not_applicable,google_merchant:atom:attribute:itemgrouptitle,google_merchant:attribute:itemgrouptitle,DOMAIN_CAPABILITY,VariantComposition,variant_grouping_composition,ProcessedProductAttribute,string,processed_publication_output,conditional_write_by_data_spec,not_applicable,not_applicable,https://merchantapi.googleapis.com/$discovery/rest?version=products_v1#products_v1,not_applicable,PROVIDER_VERIFIED,"Google-local publication semantic; no cross-platform equivalence asserted."
31508d12049abd88f385a1eec93d45240c8b3531b40dd7e89890bea4c50c340b,google-merchant-v1-ad575f7aaa799d99,google_merchant,docs/data/google_merchant_products_v1_attribute_inventory.csv,59,309cb9ccdcd8068d287d618b5343dddc6b8154772cb8a09b063f3bfec3a6b141,"Merchant Products v1","Merchant API products_v1 ProductAttributes",ProductAttributes,latitude,not_applicable,layer=processed_product_output;input_binding=ProductInput.productAttributes;write_condition=Product_Data_Specification;classification=specialized_vertical_field:property;vertical=property,not_applicable,google_merchant:atom:attribute:latitude,google_merchant:attribute:latitude,CATEGORY_ATTRIBUTE,PropertyVertical,vertical_scoped_publication_attribute,ProcessedProductAttribute,decimal,processed_publication_output,conditional_write_by_data_spec,not_applicable,not_applicable,https://merchantapi.googleapis.com/$discovery/rest?version=products_v1#products_v1,queue:google_vertical_applicability,DEFERRED_REVIEW,"Google-local publication semantic; no cross-platform equivalence asserted."
1b133d5446c6e7d70b15c287646a60038f224fa6e6d4dab8541b1ee470437ba2,google-merchant-v1-ad575f7aaa799d99,google_merchant,docs/data/google_merchant_products_v1_attribute_inventory.csv,60,35debcbd3c107f0f8f288f7fdf440b6993faefa797dad0b42ca534a9fbe52796,"Merchant Products v1","Merchant API products_v1 ProductAttributes",ProductAttributes,leaseTerm,not_applicable,layer=processed_product_output;input_binding=ProductInput.productAttributes;write_condition=Product_Data_Specification;classification=specialized_vertical_field:property;vertical=property,not_applicable,google_merchant:atom:attribute:leaseterm,google_merchant:attribute:leaseterm,CATEGORY_ATTRIBUTE,PropertyVertical,vertical_scoped_publication_attribute,ProcessedProductAttribute,structured,processed_publication_output,conditional_write_by_data_spec,not_applicable,not_applicable,https://merchantapi.googleapis.com/$discovery/rest?version=products_v1#products_v1,queue:google_vertical_applicability,DEFERRED_REVIEW,"Google-local publication semantic; no cross-platform equivalence asserted."
c8281489143364e9c00d926e4b50b05362586551a054a546988a04e058883848,google-merchant-v1-ad575f7aaa799d99,google_merchant,docs/data/google_merchant_products_v1_attribute_inventory.csv,61,895966483b90fd3ddc71aac6ba0e5053a2245ae835eb01415d034acaabc76415,"Merchant Products v1","Merchant API products_v1 ProductAttributes",ProductAttributes,lifestyleImageLinks,not_applicable,layer=processed_product_output;input_binding=ProductInput.productAttributes;write_condition=Product_Data_Specification;classification=media_domain;vertical=not_applicable,not_applicable,google_merchant:atom:attribute:lifestyleimagelinks,google_merchant:attribute:lifestyleimagelinks,DOMAIN_CAPABILITY,Media,publication_media_binding,ProcessedProductAttribute,list,processed_publication_output,conditional_write_by_data_spec,not_applicable,not_applicable,https://merchantapi.googleapis.com/$discovery/rest?version=products_v1#products_v1,not_applicable,PROVIDER_VERIFIED,"Google-local publication semantic; no cross-platform equivalence asserted."
2659ff525c4a052f519db92b4f264cbf81b2254b37708f5f97261e34cf0fcbaa,google-merchant-v1-ad575f7aaa799d99,google_merchant,docs/data/google_merchant_products_v1_attribute_inventory.csv,62,992f1c9c08ccad098f693a954e61e52f72e0f77521515521f3732f2b3fadab4f,"Merchant Products v1","Merchant API products_v1 ProductAttributes",ProductAttributes,link,not_applicable,layer=processed_product_output;input_binding=ProductInput.productAttributes;write_condition=Product_Data_Specification;classification=semantic_product_field;vertical=not_applicable,not_applicable,google_merchant:atom:attribute:link,google_merchant:attribute:link,CHANNEL_SEMANTIC,Connector,publication_governance_or_link,ProcessedProductAttribute,string,processed_publication_output,conditional_write_by_data_spec,not_applicable,not_applicable,https://merchantapi.googleapis.com/$discovery/rest?version=products_v1#products_v1,not_applicable,PROVIDER_VERIFIED,"Google-local publication semantic; no cross-platform equivalence asserted."
6b6c1fd117783186f84e9ed79e79d22e62bc0ad06a3e0e69fc76352a178ed64b,google-merchant-v1-ad575f7aaa799d99,google_merchant,docs/data/google_merchant_products_v1_attribute_inventory.csv,63,e5430bbfaa65b4cd399a21e9fc1070ced6c5fb7c9bee48c7c013fd14b1ee2429,"Merchant Products v1","Merchant API products_v1 ProductAttributes",ProductAttributes,linkTemplate,not_applicable,layer=processed_product_output;input_binding=ProductInput.productAttributes;write_condition=Product_Data_Specification;classification=channel_context;vertical=not_applicable,not_applicable,google_merchant:atom:attribute:linktemplate,google_merchant:attribute:linktemplate,CHANNEL_SEMANTIC,Connector,publication_channel_control,ProcessedProductAttribute,string,processed_publication_output,conditional_write_by_data_spec,not_applicable,not_applicable,https://merchantapi.googleapis.com/$discovery/rest?version=products_v1#products_v1,not_applicable,PROVIDER_VERIFIED,"Google-local publication semantic; no cross-platform equivalence asserted."
cb05a3bb92325d21e7a8a29c7220fffa6b73cc2b0c3f62db05d33f2faaa72c25,google-merchant-v1-ad575f7aaa799d99,google_merchant,docs/data/google_merchant_products_v1_attribute_inventory.csv,64,a8e348d216f08a9f72e654f4157e4583d3ebdb478329d899870c62a582027e7a,"Merchant Products v1","Merchant API products_v1 ProductAttributes",ProductAttributes,longitude,not_applicable,layer=processed_product_output;input_binding=ProductInput.productAttributes;write_condition=Product_Data_Specification;classification=specialized_vertical_field:property;vertical=property,not_applicable,google_merchant:atom:attribute:longitude,google_merchant:attribute:longitude,CATEGORY_ATTRIBUTE,PropertyVertical,vertical_scoped_publication_attribute,ProcessedProductAttribute,decimal,processed_publication_output,conditional_write_by_data_spec,not_applicable,not_applicable,https://merchantapi.googleapis.com/$discovery/rest?version=products_v1#products_v1,queue:google_vertical_applicability,DEFERRED_REVIEW,"Google-local publication semantic; no cross-platform equivalence asserted."
eb102a8cc68b207ca27b66a366f0d255fae29d261282333601ae688b8c784768,google-merchant-v1-ad575f7aaa799d99,google_merchant,docs/data/google_merchant_products_v1_attribute_inventory.csv,65,4046fd438c08c27198a04f166c2565820a97aa412328e501486d796017467b32,"Merchant Products v1","Merchant API products_v1 ProductAttributes",ProductAttributes,loyaltyPoints,not_applicable,layer=processed_product_output;input_binding=ProductInput.productAttributes;write_condition=Product_Data_Specification;classification=pricing_or_commercial_domain;vertical=not_applicable,not_applicable,google_merchant:atom:attribute:loyaltypoints,google_merchant:attribute:loyaltypoints,DOMAIN_CAPABILITY,Pricing,publication_commercial_binding,ProcessedProductAttribute,structured,processed_publication_output,conditional_write_by_data_spec,not_applicable,not_applicable,https://merchantapi.googleapis.com/$discovery/rest?version=products_v1#products_v1,not_applicable,PROVIDER_VERIFIED,"Google-local publication semantic; no cross-platform equivalence asserted."
91dcb4bb7786b615be4288b6a53293ff57a4191f9cbf04777c83210838741f9e,google-merchant-v1-ad575f7aaa799d99,google_merchant,docs/data/google_merchant_products_v1_attribute_inventory.csv,66,052c784f249bf076275cec22455053f8fef9d9fc4a85060dcd3ed96108cf49aa,"Merchant Products v1","Merchant API products_v1 ProductAttributes",ProductAttributes,loyaltyPrograms,not_applicable,layer=processed_product_output;input_binding=ProductInput.productAttributes;write_condition=Product_Data_Specification;classification=pricing_or_commercial_domain;vertical=not_applicable,not_applicable,google_merchant:atom:attribute:loyaltyprograms,google_merchant:attribute:loyaltyprograms,DOMAIN_CAPABILITY,Pricing,publication_commercial_binding,ProcessedProductAttribute,list,processed_publication_output,conditional_write_by_data_spec,not_applicable,not_applicable,https://merchantapi.googleapis.com/$discovery/rest?version=products_v1#products_v1,not_applicable,PROVIDER_VERIFIED,"Google-local publication semantic; no cross-platform equivalence asserted."
acd41a7a762d71ac937df5aa3f40281f27e53cf389e0cf62adc49a7c81600227,google-merchant-v1-ad575f7aaa799d99,google_merchant,docs/data/google_merchant_products_v1_attribute_inventory.csv,67,916c103c6df00caff7188ab7df027efd2acd14c2927f74b354ba4ed5d03fddc4,"Merchant Products v1","Merchant API products_v1 ProductAttributes",ProductAttributes,material,not_applicable,layer=processed_product_output;input_binding=ProductInput.productAttributes;write_condition=Product_Data_Specification;classification=semantic_product_field;vertical=not_applicable,not_applicable,google_merchant:atom:attribute:material,google_merchant:attribute:material,REUSABLE_SEMANTIC,ProductData,processed_output_with_conditional_input_binding,ProcessedProductAttribute,string,processed_publication_output,conditional_write_by_data_spec,not_applicable,not_applicable,https://merchantapi.googleapis.com/$discovery/rest?version=products_v1#products_v1,not_applicable,PROVIDER_VERIFIED,"Google-local publication semantic; no cross-platform equivalence asserted."
c3e2ff53cbf0d9e8df0257b2144f76265e9ac5fd55aa23a998c907a33ae5dcb8,google-merchant-v1-ad575f7aaa799d99,google_merchant,docs/data/google_merchant_products_v1_attribute_inventory.csv,68,b51433404480c4bf3ab1641cea2776fce4ef682c4134957ccba6b6dc589f16ad,"Merchant Products v1","Merchant API products_v1 ProductAttributes",ProductAttributes,maxEnergyEfficiencyClass,not_applicable,layer=processed_product_output;input_binding=ProductInput.productAttributes;write_condition=Product_Data_Specification;classification=semantic_product_field;vertical=not_applicable,not_applicable,google_merchant:atom:attribute:maxenergyefficiencyclass,google_merchant:attribute:maxenergyefficiencyclass,DOMAIN_CAPABILITY,Compliance,publication_compliance_evidence,ProcessedProductAttribute,string,processed_publication_output,conditional_write_by_data_spec,not_applicable,not_applicable,https://merchantapi.googleapis.com/$discovery/rest?version=products_v1#products_v1,queue:google_compliance,DEFERRED_REVIEW,"Google-local publication semantic; no cross-platform equivalence asserted."
c833972a981866da5195b36a54ba16523d6112234e26d82eaa40a20907c63037,google-merchant-v1-ad575f7aaa799d99,google_merchant,docs/data/google_merchant_products_v1_attribute_inventory.csv,69,1d077ef9dddc314dfaa9623fc2ddc78f380fee87adca2b3f3de9a8e0215e3603,"Merchant Products v1","Merchant API products_v1 ProductAttributes",ProductAttributes,maxHandlingTime,not_applicable,layer=processed_product_output;input_binding=ProductInput.productAttributes;write_condition=Product_Data_Specification;classification=shipping_returns_domain;vertical=not_applicable,not_applicable,google_merchant:atom:attribute:maxhandlingtime,google_merchant:attribute:maxhandlingtime,DOMAIN_CAPABILITY,ShippingReturns,publication_shipping_returns_capability,ProcessedProductAttribute,string,processed_publication_output,conditional_write_by_data_spec,not_applicable,not_applicable,https://merchantapi.googleapis.com/$discovery/rest?version=products_v1#products_v1,not_applicable,PROVIDER_VERIFIED,"Google-local publication semantic; no cross-platform equivalence asserted."
2e6c640cc5f0cefbb6bea60eb5cfc284850c19bc438969c5ea237111d3e099a3,google-merchant-v1-ad575f7aaa799d99,google_merchant,docs/data/google_merchant_products_v1_attribute_inventory.csv,70,e94c1198cc128cd897cb76a57037983a5eb2df2ff456e43f1d0a8da4aaa48e99,"Merchant Products v1","Merchant API products_v1 ProductAttributes",ProductAttributes,maximumRetailPrice,not_applicable,layer=processed_product_output;input_binding=ProductInput.productAttributes;write_condition=Product_Data_Specification;classification=pricing_or_commercial_domain;vertical=not_applicable,not_applicable,google_merchant:atom:attribute:maximumretailprice,google_merchant:attribute:maximumretailprice,DOMAIN_CAPABILITY,Pricing,publication_commercial_binding,ProcessedProductAttribute,structured,processed_publication_output,conditional_write_by_data_spec,not_applicable,not_applicable,https://merchantapi.googleapis.com/$discovery/rest?version=products_v1#products_v1,not_applicable,PROVIDER_VERIFIED,"Google-local publication semantic; no cross-platform equivalence asserted."
c7e50c640e64995afb32379b712c35d3bc9d9af8ee5a5b67f6ef07d1646dc724,google-merchant-v1-ad575f7aaa799d99,google_merchant,docs/data/google_merchant_products_v1_attribute_inventory.csv,71,a6ad1bd703ec5120f323ce7ef6c612d5a56a7e649b39bc1c463f5b3ceec9d19d,"Merchant Products v1","Merchant API products_v1 ProductAttributes",ProductAttributes,mileage,not_applicable,layer=processed_product_output;input_binding=ProductInput.productAttributes;write_condition=Product_Data_Specification;classification=specialized_vertical_field:vehicle;vertical=vehicle,not_applicable,google_merchant:atom:attribute:mileage,google_merchant:attribute:mileage,CATEGORY_ATTRIBUTE,VehicleVertical,vertical_scoped_publication_attribute,ProcessedProductAttribute,structured,processed_publication_output,conditional_write_by_data_spec,not_applicable,not_applicable,https://merchantapi.googleapis.com/$discovery/rest?version=products_v1#products_v1,queue:google_vertical_applicability,DEFERRED_REVIEW,"Google-local publication semantic; no cross-platform equivalence asserted."
36c6d90bf9f0eba135ef99b4cdaeca9ccdbeb43e7fa94b7639b57c27aa41c221,google-merchant-v1-ad575f7aaa799d99,google_merchant,docs/data/google_merchant_products_v1_attribute_inventory.csv,72,595c93bfcccc80f5f7a85a848372a6a73db600a3ff98703b9bbf15c45fc7eb02,"Merchant Products v1","Merchant API products_v1 ProductAttributes",ProductAttributes,minEnergyEfficiencyClass,not_applicable,layer=processed_product_output;input_binding=ProductInput.productAttributes;write_condition=Product_Data_Specification;classification=semantic_product_field;vertical=not_applicable,not_applicable,google_merchant:atom:attribute:minenergyefficiencyclass,google_merchant:attribute:minenergyefficiencyclass,DOMAIN_CAPABILITY,Compliance,publication_compliance_evidence,ProcessedProductAttribute,string,processed_publication_output,conditional_write_by_data_spec,not_applicable,not_applicable,https://merchantapi.googleapis.com/$discovery/rest?version=products_v1#products_v1,queue:google_compliance,DEFERRED_REVIEW,"Google-local publication semantic; no cross-platform equivalence asserted."
6d9b49921d84d58f8b80fd9d620ad9f468850cf5c37d520bb594abb2bb618ec9,google-merchant-v1-ad575f7aaa799d99,google_merchant,docs/data/google_merchant_products_v1_attribute_inventory.csv,73,791e99a3f0a5b49b240b1d0d8cbd181780b612310d71131c8462d9f670fbb9b6,"Merchant Products v1","Merchant API products_v1 ProductAttributes",ProductAttributes,minHandlingTime,not_applicable,layer=processed_product_output;input_binding=ProductInput.productAttributes;write_condition=Product_Data_Specification;classification=shipping_returns_domain;vertical=not_applicable,not_applicable,google_merchant:atom:attribute:minhandlingtime,google_merchant:attribute:minhandlingtime,DOMAIN_CAPABILITY,ShippingReturns,publication_shipping_returns_capability,ProcessedProductAttribute,string,processed_publication_output,conditional_write_by_data_spec,not_applicable,not_applicable,https://merchantapi.googleapis.com/$discovery/rest?version=products_v1#products_v1,not_applicable,PROVIDER_VERIFIED,"Google-local publication semantic; no cross-platform equivalence asserted."
ca078d064aa239a2d98932f0d8a19e105ec46a4642bc4e8b3a7d38f616c3d065,google-merchant-v1-ad575f7aaa799d99,google_merchant,docs/data/google_merchant_products_v1_attribute_inventory.csv,74,3dc5ba8701532d37dd14d72e8d820896263a51f8bbf99eba50eff3a046f768b2,"Merchant Products v1","Merchant API products_v1 ProductAttributes",ProductAttributes,minimumOrderValues,not_applicable,layer=processed_product_output;input_binding=ProductInput.productAttributes;write_condition=Product_Data_Specification;classification=pricing_or_commercial_domain;vertical=not_applicable,not_applicable,google_merchant:atom:attribute:minimumordervalues,google_merchant:attribute:minimumordervalues,DOMAIN_CAPABILITY,Pricing,publication_commercial_binding,ProcessedProductAttribute,list,processed_publication_output,conditional_write_by_data_spec,not_applicable,not_applicable,https://merchantapi.googleapis.com/$discovery/rest?version=products_v1#products_v1,not_applicable,PROVIDER_VERIFIED,"Google-local publication semantic; no cross-platform equivalence asserted."
8b26da76dadecb75c4c84cfea1775eeb1fb32735092d516b8eef44bbab5d0894,google-merchant-v1-ad575f7aaa799d99,google_merchant,docs/data/google_merchant_products_v1_attribute_inventory.csv,75,910537e0a0667a6e6238dbad4da5fdd131e17c3f4421ff9aa18b6af76f5151cb,"Merchant Products v1","Merchant API products_v1 ProductAttributes",ProductAttributes,mobileLink,not_applicable,layer=processed_product_output;input_binding=ProductInput.productAttributes;write_condition=Product_Data_Specification;classification=semantic_product_field;vertical=not_applicable,not_applicable,google_merchant:atom:attribute:mobilelink,google_merchant:attribute:mobilelink,CHANNEL_SEMANTIC,Connector,publication_governance_or_link,ProcessedProductAttribute,string,processed_publication_output,conditional_write_by_data_spec,not_applicable,not_applicable,https://merchantapi.googleapis.com/$discovery/rest?version=products_v1#products_v1,queue:google_landing_url,DEFERRED_REVIEW,"Google-local publication semantic; no cross-platform equivalence asserted."
7f5accb013bc7a778e09a3ad1a2fb24f8bf62acfcdc50c2d0bec59720d48a161,google-merchant-v1-ad575f7aaa799d99,google_merchant,docs/data/google_merchant_products_v1_attribute_inventory.csv,76,79b6fcb28dfa7b413f971e6d2f2f2d77dcccf6dc5f797dfde8d26d07e9872dfe,"Merchant Products v1","Merchant API products_v1 ProductAttributes",ProductAttributes,mobileLinkTemplate,not_applicable,layer=processed_product_output;input_binding=ProductInput.productAttributes;write_condition=Product_Data_Specification;classification=channel_context;vertical=not_applicable,not_applicable,google_merchant:atom:attribute:mobilelinktemplate,google_merchant:attribute:mobilelinktemplate,CHANNEL_SEMANTIC,Connector,publication_channel_control,ProcessedProductAttribute,string,processed_publication_output,conditional_write_by_data_spec,not_applicable,not_applicable,https://merchantapi.googleapis.com/$discovery/rest?version=products_v1#products_v1,not_applicable,PROVIDER_VERIFIED,"Google-local publication semantic; no cross-platform equivalence asserted."
21bbc37edf7c9d6f5bee226ceeb7449a9bef205b5a89a861067d3ba3c98bf8dc,google-merchant-v1-ad575f7aaa799d99,google_merchant,docs/data/google_merchant_products_v1_attribute_inventory.csv,77,4b2ff24860940c32bac49f5eb8694356c051be816576495474d2c5a6205854b9,"Merchant Products v1","Merchant API products_v1 ProductAttributes",ProductAttributes,model,not_applicable,layer=processed_product_output;input_binding=ProductInput.productAttributes;write_condition=Product_Data_Specification;classification=channel_or_specialized_context;vertical=vehicle,not_applicable,google_merchant:atom:attribute:model,google_merchant:attribute:model,CATEGORY_ATTRIBUTE,VehicleVertical,vertical_scoped_publication_attribute,ProcessedProductAttribute,string,processed_publication_output,conditional_write_by_data_spec,not_applicable,not_applicable,https://merchantapi.googleapis.com/$discovery/rest?version=products_v1#products_v1,queue:google_vertical_applicability,DEFERRED_REVIEW,"Google-local publication semantic; no cross-platform equivalence asserted."
3015a23aad8689535e924b82c9b2028e38a4674e68075795671c3c8eca1fb784,google-merchant-v1-ad575f7aaa799d99,google_merchant,docs/data/google_merchant_products_v1_attribute_inventory.csv,78,8267a766a4dc4b91d03376de89111464edeacc5ab3bd24ccf8a5ae44ea28afc3,"Merchant Products v1","Merchant API products_v1 ProductAttributes",ProductAttributes,mpn,not_applicable,layer=processed_product_output;input_binding=ProductInput.productAttributes;write_condition=Product_Data_Specification;classification=identifier_or_identity_semantic;vertical=not_applicable,not_applicable,google_merchant:atom:attribute:mpn,google_merchant:attribute:mpn,REUSABLE_SEMANTIC,ProductData,processed_output_with_conditional_input_binding,ProcessedProductAttribute,string,processed_publication_output,conditional_write_by_data_spec,not_applicable,not_applicable,https://merchantapi.googleapis.com/$discovery/rest?version=products_v1#products_v1,not_applicable,PROVIDER_VERIFIED,"Google-local publication semantic; no cross-platform equivalence asserted."
398658d6bd707bf1e51fa5ce8b2cf5ccd2a89f7bd5a2ae2a2ab0179b18df9ac4,google-merchant-v1-ad575f7aaa799d99,google_merchant,docs/data/google_merchant_products_v1_attribute_inventory.csv,79,0be4c4a08a0035967af19511b49cb023705c17e67208da60ef14019683a41c02,"Merchant Products v1","Merchant API products_v1 ProductAttributes",ProductAttributes,multipack,not_applicable,layer=processed_product_output;input_binding=ProductInput.productAttributes;write_condition=Product_Data_Specification;classification=relationship_or_variant_capability;vertical=not_applicable,not_applicable,google_merchant:atom:attribute:multipack,google_merchant:attribute:multipack,DEFER_DECISION,ProductOrPackaging,identical_product_multipack_quantity_candidate,ProcessedProductAttribute,string,processed_publication_output,conditional_write_by_data_spec,not_applicable,not_applicable,https://merchantapi.googleapis.com/$discovery/rest?version=products_v1#products_v1,queue:google_multipack_ownership,DEFERRED_REVIEW,"Google-local publication semantic; no cross-platform equivalence asserted."
094e100f97f71f8dddb63e2121bfa25bc676f88f4d66b5b521076bb69d86344d,google-merchant-v1-ad575f7aaa799d99,google_merchant,docs/data/google_merchant_products_v1_attribute_inventory.csv,80,f40a51b131a04dde8f8331fdf4725c3e8473ba1569f01f336db442c9e370a885,"Merchant Products v1","Merchant API products_v1 ProductAttributes",ProductAttributes,neighborhood,not_applicable,layer=processed_product_output;input_binding=ProductInput.productAttributes;write_condition=Product_Data_Specification;classification=specialized_vertical_field:property;vertical=property,not_applicable,google_merchant:atom:attribute:neighborhood,google_merchant:attribute:neighborhood,CATEGORY_ATTRIBUTE,PropertyVertical,vertical_scoped_publication_attribute,ProcessedProductAttribute,string,processed_publication_output,conditional_write_by_data_spec,not_applicable,not_applicable,https://merchantapi.googleapis.com/$discovery/rest?version=products_v1#products_v1,queue:google_vertical_applicability,DEFERRED_REVIEW,"Google-local publication semantic; no cross-platform equivalence asserted."
b62ae647b3072b409c56320f92f39fb27362d5acf5978d01b060521e56489bec,google-merchant-v1-ad575f7aaa799d99,google_merchant,docs/data/google_merchant_products_v1_attribute_inventory.csv,81,2c628e1bbf84509911913b584d0c84d9d6bb1fe321db8e782fb2966bed4bff7f,"Merchant Products v1","Merchant API products_v1 ProductAttributes",ProductAttributes,numberOfBathrooms,not_applicable,layer=processed_product_output;input_binding=ProductInput.productAttributes;write_condition=Product_Data_Specification;classification=specialized_vertical_field:property;vertical=property,not_applicable,google_merchant:atom:attribute:numberofbathrooms,google_merchant:attribute:numberofbathrooms,CATEGORY_ATTRIBUTE,PropertyVertical,vertical_scoped_publication_attribute,ProcessedProductAttribute,decimal,processed_publication_output,conditional_write_by_data_spec,not_applicable,not_applicable,https://merchantapi.googleapis.com/$discovery/rest?version=products_v1#products_v1,queue:google_vertical_applicability,DEFERRED_REVIEW,"Google-local publication semantic; no cross-platform equivalence asserted."
054461f83241433cb66f938b563ff94c8ce07e9c3975f39d7136e91ba1efbd28,google-merchant-v1-ad575f7aaa799d99,google_merchant,docs/data/google_merchant_products_v1_attribute_inventory.csv,82,529e932f68f4e3a53fb7f7e8d41cb78eff700ec8dbb96374b3065046af83f73d,"Merchant Products v1","Merchant API products_v1 ProductAttributes",ProductAttributes,numberOfBedrooms,not_applicable,layer=processed_product_output;input_binding=ProductInput.productAttributes;write_condition=Product_Data_Specification;classification=specialized_vertical_field:property;vertical=property,not_applicable,google_merchant:atom:attribute:numberofbedrooms,google_merchant:attribute:numberofbedrooms,CATEGORY_ATTRIBUTE,PropertyVertical,vertical_scoped_publication_attribute,ProcessedProductAttribute,decimal,processed_publication_output,conditional_write_by_data_spec,not_applicable,not_applicable,https://merchantapi.googleapis.com/$discovery/rest?version=products_v1#products_v1,queue:google_vertical_applicability,DEFERRED_REVIEW,"Google-local publication semantic; no cross-platform equivalence asserted."
dec6106b936b0e3b818d33fedb946007a31406af7362a6d21c243be8d6f5b791,google-merchant-v1-ad575f7aaa799d99,google_merchant,docs/data/google_merchant_products_v1_attribute_inventory.csv,83,492b38ce5e069f438052749ec6f4b409743b6f0510e5278c5883b46dcadce1a3,"Merchant Products v1","Merchant API products_v1 ProductAttributes",ProductAttributes,numberOfUnits,not_applicable,layer=processed_product_output;input_binding=ProductInput.productAttributes;write_condition=Product_Data_Specification;classification=specialized_vertical_field:property;vertical=property;semantic_nature=property_availability_quantity,not_applicable,google_merchant:atom:attribute:numberofunits,google_merchant:attribute:numberofunits,CATEGORY_ATTRIBUTE,PropertyVertical,vertical_scoped_availability_quantity,ProcessedProductAttribute,string,processed_publication_output,conditional_write_by_data_spec,not_applicable,not_applicable,https://merchantapi.googleapis.com/$discovery/rest?version=products_v1#products_v1,queue:google_vertical_applicability,DEFERRED_REVIEW,"Google-local publication semantic; no cross-platform equivalence asserted."
6c9513401b6cc1fe61688fbe61618e09691cdf4c9d6716596f9dd910c4b1754c,google-merchant-v1-ad575f7aaa799d99,google_merchant,docs/data/google_merchant_products_v1_attribute_inventory.csv,84,fa22c1a62951148e280c1dac7086f336e1ff62bfbb555f445479830b54a5c434,"Merchant Products v1","Merchant API products_v1 ProductAttributes",ProductAttributes,pattern,not_applicable,layer=processed_product_output;input_binding=ProductInput.productAttributes;write_condition=Product_Data_Specification;classification=semantic_product_field;vertical=not_applicable,not_applicable,google_merchant:atom:attribute:pattern,google_merchant:attribute:pattern,REUSABLE_SEMANTIC,ProductData,processed_output_with_conditional_input_binding,ProcessedProductAttribute,string,processed_publication_output,conditional_write_by_data_spec,not_applicable,not_applicable,https://merchantapi.googleapis.com/$discovery/rest?version=products_v1#products_v1,not_applicable,PROVIDER_VERIFIED,"Google-local publication semantic; no cross-platform equivalence asserted."
0147c4c9e411728fa7cf29ebe5481c3816b45cc840e7313283a941d6c8e73c4a,google-merchant-v1-ad575f7aaa799d99,google_merchant,docs/data/google_merchant_products_v1_attribute_inventory.csv,85,ad142fb8b302c8d175e7091414c874db2a018d27960f2f24e5b3de04637b648e,"Merchant Products v1","Merchant API products_v1 ProductAttributes",ProductAttributes,pause,not_applicable,layer=processed_product_output;input_binding=ProductInput.productAttributes;write_condition=Product_Data_Specification;classification=channel_context;vertical=not_applicable,not_applicable,google_merchant:atom:attribute:pause,google_merchant:attribute:pause,CHANNEL_SEMANTIC,Connector,publication_channel_control,ProcessedProductAttribute,string,processed_publication_output,conditional_write_by_data_spec,not_applicable,not_applicable,https://merchantapi.googleapis.com/$discovery/rest?version=products_v1#products_v1,not_applicable,PROVIDER_VERIFIED,"Google-local publication semantic; no cross-platform equivalence asserted."
fcf26374e1230edc34be16a1b64ec8b385c14ae1a990523f17efbebd68d5c917,google-merchant-v1-ad575f7aaa799d99,google_merchant,docs/data/google_merchant_products_v1_attribute_inventory.csv,86,67d312d77e000b5d89b2004f8256f997576ab2333fe3a796fb6bb85505479147,"Merchant Products v1","Merchant API products_v1 ProductAttributes",ProductAttributes,petPolicy,not_applicable,layer=processed_product_output;input_binding=ProductInput.productAttributes;write_condition=Product_Data_Specification;classification=specialized_vertical_field:property;vertical=property,not_applicable,google_merchant:atom:attribute:petpolicy,google_merchant:attribute:petpolicy,CATEGORY_ATTRIBUTE,PropertyVertical,vertical_scoped_publication_attribute,ProcessedProductAttribute,structured,processed_publication_output,conditional_write_by_data_spec,not_applicable,not_applicable,https://merchantapi.googleapis.com/$discovery/rest?version=products_v1#products_v1,queue:google_vertical_applicability,DEFERRED_REVIEW,"Google-local publication semantic; no cross-platform equivalence asserted."
82e9d3238c163cb35b08f3754d38fdfc351b3736a42a9a03903429fa8cc85640,google-merchant-v1-ad575f7aaa799d99,google_merchant,docs/data/google_merchant_products_v1_attribute_inventory.csv,87,79de9375d7942ce0ac1e9fc498a9a2ff8554c9e27635252a7f6fadc233fe2a9a,"Merchant Products v1","Merchant API products_v1 ProductAttributes",ProductAttributes,pickupCost,not_applicable,layer=processed_product_output;input_binding=ProductInput.productAttributes;write_condition=Product_Data_Specification;classification=shipping_returns_domain;vertical=not_applicable,not_applicable,google_merchant:atom:attribute:pickupcost,google_merchant:attribute:pickupcost,DOMAIN_CAPABILITY,ShippingReturns,publication_shipping_returns_capability,ProcessedProductAttribute,structured,processed_publication_output,conditional_write_by_data_spec,not_applicable,not_applicable,https://merchantapi.googleapis.com/$discovery/rest?version=products_v1#products_v1,not_applicable,PROVIDER_VERIFIED,"Google-local publication semantic; no cross-platform equivalence asserted."
6fcc9cdfd7f287635d80d6c39696240d186cb5fbfc4dbeb6e05d125dc013686b,google-merchant-v1-ad575f7aaa799d99,google_merchant,docs/data/google_merchant_products_v1_attribute_inventory.csv,88,57cdcb57d9d44063ea9d0d218e5174b8d1c8a8acfc5dbcb8c8ea09f52b0b09b0,"Merchant Products v1","Merchant API products_v1 ProductAttributes",ProductAttributes,pickupMethod,not_applicable,layer=processed_product_output;input_binding=ProductInput.productAttributes;write_condition=Product_Data_Specification;classification=shipping_returns_domain;vertical=not_applicable,not_applicable,google_merchant:atom:attribute:pickupmethod,google_merchant:attribute:pickupmethod,DOMAIN_CAPABILITY,ShippingReturns,publication_shipping_returns_capability,ProcessedProductAttribute,string,processed_publication_output,conditional_write_by_data_spec,not_applicable,not_applicable,https://merchantapi.googleapis.com/$discovery/rest?version=products_v1#products_v1,not_applicable,PROVIDER_VERIFIED,"Google-local publication semantic; no cross-platform equivalence asserted."
3613c201d6ce98e1f291ae6819ef308879ee6e8d3e5b3313267c0cce01d0049e,google-merchant-v1-ad575f7aaa799d99,google_merchant,docs/data/google_merchant_products_v1_attribute_inventory.csv,89,5438e40ecf1007e9b4241e198bfcd791878527b74bf2b5d4d20ff8b9cf2daa8d,"Merchant Products v1","Merchant API products_v1 ProductAttributes",ProductAttributes,pickupSla,not_applicable,layer=processed_product_output;input_binding=ProductInput.productAttributes;write_condition=Product_Data_Specification;classification=shipping_returns_domain;vertical=not_applicable,not_applicable,google_merchant:atom:attribute:pickupsla,google_merchant:attribute:pickupsla,DOMAIN_CAPABILITY,ShippingReturns,publication_shipping_returns_capability,ProcessedProductAttribute,string,processed_publication_output,conditional_write_by_data_spec,not_applicable,not_applicable,https://merchantapi.googleapis.com/$discovery/rest?version=products_v1#products_v1,not_applicable,PROVIDER_VERIFIED,"Google-local publication semantic; no cross-platform equivalence asserted."
871bdbfed98d95c4fdcf0bcbe419e47596f0f2d93ee2e8ba2c5395bbdb27f3c5,google-merchant-v1-ad575f7aaa799d99,google_merchant,docs/data/google_merchant_products_v1_attribute_inventory.csv,90,e48944c13dfc86a96cec9acd09a26a9f9109cb3b1521319e0ccfcd85ef219adb,"Merchant Products v1","Merchant API products_v1 ProductAttributes",ProductAttributes,popularityRank,not_applicable,layer=processed_product_output;input_binding=ProductInput.productAttributes;write_condition=Product_Data_Specification;classification=semantic_product_field;vertical=not_applicable,not_applicable,google_merchant:atom:attribute:popularityrank,google_merchant:attribute:popularityrank,REUSABLE_SEMANTIC,ProductData,processed_output_with_conditional_input_binding,ProcessedProductAttribute,decimal,processed_publication_output,conditional_write_by_data_spec,not_applicable,not_applicable,https://merchantapi.googleapis.com/$discovery/rest?version=products_v1#products_v1,queue:google_processed_ownership,DEFERRED_REVIEW,"Google-local publication semantic; no cross-platform equivalence asserted."
6b7fca2dcb3dc3d2ebd9e124727baa34637441ca661473d8cea5c2da883673e1,google-merchant-v1-ad575f7aaa799d99,google_merchant,docs/data/google_merchant_products_v1_attribute_inventory.csv,91,4382ef2040498b39ca398e3427ba955ee57095be2cd669ce9e1b3047fa7dda23,"Merchant Products v1","Merchant API products_v1 ProductAttributes",ProductAttributes,price,not_applicable,layer=processed_product_output;input_binding=ProductInput.productAttributes;write_condition=Product_Data_Specification;classification=pricing_or_commercial_domain;vertical=not_applicable,not_applicable,google_merchant:atom:attribute:price,google_merchant:attribute:price,DOMAIN_CAPABILITY,Pricing,publication_commercial_binding,ProcessedProductAttribute,structured,processed_publication_output,conditional_write_by_data_spec,not_applicable,not_applicable,https://merchantapi.googleapis.com/$discovery/rest?version=products_v1#products_v1,not_applicable,PROVIDER_VERIFIED,"Google-local publication semantic; no cross-platform equivalence asserted."
b6ccf181354f3a72fa10bf63c37d263d697af59112f32003c6a38a8a35222a5d,google-merchant-v1-ad575f7aaa799d99,google_merchant,docs/data/google_merchant_products_v1_attribute_inventory.csv,92,184ec33774b97a13576afa597eb1e3808414aad607078ea08b1e5dfcc785f92d,"Merchant Products v1","Merchant API products_v1 ProductAttributes",ProductAttributes,productDetails,not_applicable,layer=processed_product_output;input_binding=ProductInput.productAttributes;write_condition=Product_Data_Specification;classification=semantic_product_field;vertical=not_applicable,not_applicable,google_merchant:atom:attribute:productdetails,google_merchant:attribute:productdetails,REUSABLE_SEMANTIC,ProductData,processed_output_with_conditional_input_binding,ProcessedProductAttribute,list,processed_publication_output,conditional_write_by_data_spec,not_applicable,not_applicable,https://merchantapi.googleapis.com/$discovery/rest?version=products_v1#products_v1,not_applicable,PROVIDER_VERIFIED,"Google-local publication semantic; no cross-platform equivalence asserted."
d63d998f0c8a69feec1bc631b02acaea2186264416c9de99a68ab146269d3469,google-merchant-v1-ad575f7aaa799d99,google_merchant,docs/data/google_merchant_products_v1_attribute_inventory.csv,93,1f2b63f457da114dfd155b9399b49536035302f52ffce0b7c03d5408744ae3e7,"Merchant Products v1","Merchant API products_v1 ProductAttributes",ProductAttributes,productFee,not_applicable,layer=processed_product_output;input_binding=ProductInput.productAttributes;write_condition=Product_Data_Specification;classification=specialized_vertical_field:property;vertical=property,not_applicable,google_merchant:atom:attribute:productfee,google_merchant:attribute:productfee,DOMAIN_CAPABILITY,Pricing,vertical_scoped_pricing_capability,ProcessedProductAttribute,list,processed_publication_output,conditional_write_by_data_spec,not_applicable,not_applicable,https://merchantapi.googleapis.com/$discovery/rest?version=products_v1#products_v1,queue:google_vertical_applicability,DEFERRED_REVIEW,"Google-local publication semantic; no cross-platform equivalence asserted."
18978a6932b3698fd914c1f4869c499ca3ce36fe14f6cc7ecd39dde7d95b29ba,google-merchant-v1-ad575f7aaa799d99,google_merchant,docs/data/google_merchant_products_v1_attribute_inventory.csv,94,62f15717866385ed46bb7f2d74c73d96b6984f8b7c637552c5fda0aa54576fca,"Merchant Products v1","Merchant API products_v1 ProductAttributes",ProductAttributes,productHeight,not_applicable,layer=processed_product_output;input_binding=ProductInput.productAttributes;write_condition=Product_Data_Specification;classification=semantic_product_field;vertical=not_applicable,not_applicable,google_merchant:atom:attribute:productheight,google_merchant:attribute:productheight,REUSABLE_SEMANTIC,ProductData,processed_output_with_conditional_input_binding,ProcessedProductAttribute,structured,processed_publication_output,conditional_write_by_data_spec,not_applicable,not_applicable,https://merchantapi.googleapis.com/$discovery/rest?version=products_v1#products_v1,not_applicable,PROVIDER_VERIFIED,"Google-local publication semantic; no cross-platform equivalence asserted."
164986065fb07f3a3fdfc0f3e1789b473a7196fe662aa43c909209ed4ffa0c7d,google-merchant-v1-ad575f7aaa799d99,google_merchant,docs/data/google_merchant_products_v1_attribute_inventory.csv,95,b75549d505933214af5a7f8cc589e42f306dc8e4383179acfd213c9a505f659c,"Merchant Products v1","Merchant API products_v1 ProductAttributes",ProductAttributes,productHighlights,not_applicable,layer=processed_product_output;input_binding=ProductInput.productAttributes;write_condition=Product_Data_Specification;classification=semantic_product_field;vertical=not_applicable,not_applicable,google_merchant:atom:attribute:producthighlights,google_merchant:attribute:producthighlights,REUSABLE_SEMANTIC,ProductData,processed_output_with_conditional_input_binding,ProcessedProductAttribute,list,processed_publication_output,conditional_write_by_data_spec,not_applicable,not_applicable,https://merchantapi.googleapis.com/$discovery/rest?version=products_v1#products_v1,not_applicable,PROVIDER_VERIFIED,"Google-local publication semantic; no cross-platform equivalence asserted."
912a392c37e5d99db6d31880c40e4932bc693036ce0f1eb326da8da2e4200dec,google-merchant-v1-ad575f7aaa799d99,google_merchant,docs/data/google_merchant_products_v1_attribute_inventory.csv,96,729ded195959cef60e8e29fdcc67a0b8bd22c281185dc589211641fb3176ee9f,"Merchant Products v1","Merchant API products_v1 ProductAttributes",ProductAttributes,productLength,not_applicable,layer=processed_product_output;input_binding=ProductInput.productAttributes;write_condition=Product_Data_Specification;classification=semantic_product_field;vertical=not_applicable,not_applicable,google_merchant:atom:attribute:productlength,google_merchant:attribute:productlength,REUSABLE_SEMANTIC,ProductData,processed_output_with_conditional_input_binding,ProcessedProductAttribute,structured,processed_publication_output,conditional_write_by_data_spec,not_applicable,not_applicable,https://merchantapi.googleapis.com/$discovery/rest?version=products_v1#products_v1,not_applicable,PROVIDER_VERIFIED,"Google-local publication semantic; no cross-platform equivalence asserted."
e539882b7f778254145e01d700772b9d70eb84aa1eecd0f4f50b50fc7293d61d,google-merchant-v1-ad575f7aaa799d99,google_merchant,docs/data/google_merchant_products_v1_attribute_inventory.csv,97,1d0556f1fac3e7e8cfc330f785931b2fcc929ee49110c7b6bd93d560912b198b,"Merchant Products v1","Merchant API products_v1 ProductAttributes",ProductAttributes,productTypes,not_applicable,layer=processed_product_output;input_binding=ProductInput.productAttributes;write_condition=Product_Data_Specification;classification=taxonomy_context;vertical=not_applicable,not_applicable,google_merchant:atom:attribute:producttypes,google_merchant:attribute:producttypes,CHANNEL_SEMANTIC,Connector,merchant_defined_category_path_text,ProcessedProductAttribute,list,processed_publication_output,conditional_write_by_data_spec,not_applicable,not_applicable,https://merchantapi.googleapis.com/$discovery/rest?version=products_v1#products_v1,queue:google_taxonomy,DEFERRED_REVIEW,"Google-local publication semantic; no cross-platform equivalence asserted."
e2eae10e8f086c80ac712516c578c397d5ca1cf0f7eba4fcf305835056a38e31,google-merchant-v1-ad575f7aaa799d99,google_merchant,docs/data/google_merchant_products_v1_attribute_inventory.csv,98,55c910a212a66e4ccec39e954743fc69d02635b3a2cdd757afcd056e62427f6a,"Merchant Products v1","Merchant API products_v1 ProductAttributes",ProductAttributes,productWeight,not_applicable,layer=processed_product_output;input_binding=ProductInput.productAttributes;write_condition=Product_Data_Specification;classification=semantic_product_field;vertical=not_applicable,not_applicable,google_merchant:atom:attribute:productweight,google_merchant:attribute:productweight,REUSABLE_SEMANTIC,ProductData,processed_output_with_conditional_input_binding,ProcessedProductAttribute,structured,processed_publication_output,conditional_write_by_data_spec,not_applicable,not_applicable,https://merchantapi.googleapis.com/$discovery/rest?version=products_v1#products_v1,not_applicable,PROVIDER_VERIFIED,"Google-local publication semantic; no cross-platform equivalence asserted."
1da4b2f9f6ce70b05867d5a88d0b2aacdc8f8ae6f203e39c08c799aa9821025b,google-merchant-v1-ad575f7aaa799d99,google_merchant,docs/data/google_merchant_products_v1_attribute_inventory.csv,99,75b702730a5a03dc4309937d42fbff1fb2e98fc3f2aa84c33a13d6868d181e0b,"Merchant Products v1","Merchant API products_v1 ProductAttributes",ProductAttributes,productWidth,not_applicable,layer=processed_product_output;input_binding=ProductInput.productAttributes;write_condition=Product_Data_Specification;classification=semantic_product_field;vertical=not_applicable,not_applicable,google_merchant:atom:attribute:productwidth,google_merchant:attribute:productwidth,REUSABLE_SEMANTIC,ProductData,processed_output_with_conditional_input_binding,ProcessedProductAttribute,structured,processed_publication_output,conditional_write_by_data_spec,not_applicable,not_applicable,https://merchantapi.googleapis.com/$discovery/rest?version=products_v1#products_v1,not_applicable,PROVIDER_VERIFIED,"Google-local publication semantic; no cross-platform equivalence asserted."
8c68e98ff4f0bb74b7b897371e8fbe3cfe74ad736c5273ff006ad7d6d2e774cd,google-merchant-v1-ad575f7aaa799d99,google_merchant,docs/data/google_merchant_products_v1_attribute_inventory.csv,100,13826f9dd757af6a875b183dfded39857dab17a63760b3ab7b37d36cacc48663,"Merchant Products v1","Merchant API products_v1 ProductAttributes",ProductAttributes,promotionIds,not_applicable,layer=processed_product_output;input_binding=ProductInput.productAttributes;write_condition=Product_Data_Specification;classification=channel_context;vertical=not_applicable,not_applicable,google_merchant:atom:attribute:promotionids,google_merchant:attribute:promotionids,CHANNEL_SEMANTIC,Connector,publication_channel_control,ProcessedProductAttribute,list,processed_publication_output,conditional_write_by_data_spec,not_applicable,not_applicable,https://merchantapi.googleapis.com/$discovery/rest?version=products_v1#products_v1,not_applicable,PROVIDER_VERIFIED,"Google-local publication semantic; no cross-platform equivalence asserted."
c4dc3d209ca57e768007b3aa96da2201441051fbfd21c2551d69376b6a929319,google-merchant-v1-ad575f7aaa799d99,google_merchant,docs/data/google_merchant_products_v1_attribute_inventory.csv,101,9138870c79b5cd8533639c7ee5ebec73984d92c90966942e6c92db55ad23c2e0,"Merchant Products v1","Merchant API products_v1 ProductAttributes",ProductAttributes,propertyName,not_applicable,layer=processed_product_output;input_binding=ProductInput.productAttributes;write_condition=Product_Data_Specification;classification=specialized_vertical_field:property;vertical=property,not_applicable,google_merchant:atom:attribute:propertyname,google_merchant:attribute:propertyname,CATEGORY_ATTRIBUTE,PropertyVertical,vertical_scoped_publication_attribute,ProcessedProductAttribute,string,processed_publication_output,conditional_write_by_data_spec,not_applicable,not_applicable,https://merchantapi.googleapis.com/$discovery/rest?version=products_v1#products_v1,queue:google_vertical_applicability,DEFERRED_REVIEW,"Google-local publication semantic; no cross-platform equivalence asserted."
b9bb0eaf6ade218e4a1f8ba1475fd672ed4cf86818e092e04b638ca225929b58,google-merchant-v1-ad575f7aaa799d99,google_merchant,docs/data/google_merchant_products_v1_attribute_inventory.csv,102,f223a1892988d95597fec615f29cc8cb4a483bf9a2bf5c21996e98365ea4cffc,"Merchant Products v1","Merchant API products_v1 ProductAttributes",ProductAttributes,propertyType,not_applicable,layer=processed_product_output;input_binding=ProductInput.productAttributes;write_condition=Product_Data_Specification;classification=specialized_vertical_field:property;vertical=property,not_applicable,google_merchant:atom:attribute:propertytype,google_merchant:attribute:propertytype,CATEGORY_ATTRIBUTE,PropertyVertical,vertical_scoped_publication_attribute,ProcessedProductAttribute,string,processed_publication_output,conditional_write_by_data_spec,not_applicable,not_applicable,https://merchantapi.googleapis.com/$discovery/rest?version=products_v1#products_v1,queue:google_vertical_applicability,DEFERRED_REVIEW,"Google-local publication semantic; no cross-platform equivalence asserted."
f18cf186e977a1b61ab918ac4e467468a9d43bb4fa49605afcb35ff4b57ec212,google-merchant-v1-ad575f7aaa799d99,google_merchant,docs/data/google_merchant_products_v1_attribute_inventory.csv,103,4334e158fb5e62751429a3c2ef937b90d64f454b4e352506ffefe338f85ebb22,"Merchant Products v1","Merchant API products_v1 ProductAttributes",ProductAttributes,questionsAndAnswers,not_applicable,layer=processed_product_output;input_binding=ProductInput.productAttributes;write_condition=Product_Data_Specification;classification=semantic_product_field;vertical=not_applicable,not_applicable,google_merchant:atom:attribute:questionsandanswers,google_merchant:attribute:questionsandanswers,REUSABLE_SEMANTIC,ProductData,processed_output_with_conditional_input_binding,ProcessedProductAttribute,list,processed_publication_output,conditional_write_by_data_spec,not_applicable,not_applicable,https://merchantapi.googleapis.com/$discovery/rest?version=products_v1#products_v1,queue:google_processed_ownership,DEFERRED_REVIEW,"Google-local publication semantic; no cross-platform equivalence asserted."
73d465df91986a0ca0efe1172d1af4ac594e625f9c4dbcb1bcfb55876d63ee5a,google-merchant-v1-ad575f7aaa799d99,google_merchant,docs/data/google_merchant_products_v1_attribute_inventory.csv,104,f7f7b19d166bf6c8ee03ce0ace5ba67796bce5b85d6cecebecff1518a3eb2cdf,"Merchant Products v1","Merchant API products_v1 ProductAttributes",ProductAttributes,relatedProducts,not_applicable,layer=processed_product_output;input_binding=ProductInput.productAttributes;write_condition=Product_Data_Specification;classification=relationship_or_variant_capability;vertical=not_applicable,not_applicable,google_merchant:atom:attribute:relatedproducts,google_merchant:attribute:relatedproducts,DOMAIN_CAPABILITY,ProductAssociation,publication_relationship_capability,ProcessedProductAttribute,list,processed_publication_output,conditional_write_by_data_spec,not_applicable,not_applicable,https://merchantapi.googleapis.com/$discovery/rest?version=products_v1#products_v1,not_applicable,PROVIDER_VERIFIED,"Google-local publication semantic; no cross-platform equivalence asserted."
5f8e40783d7c2f0021bc00b4b0af201310cb639273fb964f35986b5e178a37a8,google-merchant-v1-ad575f7aaa799d99,google_merchant,docs/data/google_merchant_products_v1_attribute_inventory.csv,105,08dbcbae28cf9c906939f25b5f50b6659ec154d353816b035367cd584e83da17,"Merchant Products v1","Merchant API products_v1 ProductAttributes",ProductAttributes,returnPolicyLabel,not_applicable,layer=processed_product_output;input_binding=ProductInput.productAttributes;write_condition=Product_Data_Specification;classification=channel_context;vertical=not_applicable,not_applicable,google_merchant:atom:attribute:returnpolicylabel,google_merchant:attribute:returnpolicylabel,CHANNEL_SEMANTIC,Connector,publication_channel_control,ProcessedProductAttribute,string,processed_publication_output,conditional_write_by_data_spec,not_applicable,not_applicable,https://merchantapi.googleapis.com/$discovery/rest?version=products_v1#products_v1,not_applicable,PROVIDER_VERIFIED,"Google-local publication semantic; no cross-platform equivalence asserted."
dd770c36d6499b956392f95bd78a278e79d62d2679cbbd18aae270456fc59783,google-merchant-v1-ad575f7aaa799d99,google_merchant,docs/data/google_merchant_products_v1_attribute_inventory.csv,106,614dde094d9c70229e9bfa94983581a49af4b4cf809634896f308b522a2e8497,"Merchant Products v1","Merchant API products_v1 ProductAttributes",ProductAttributes,returns,not_applicable,layer=processed_product_output;input_binding=ProductInput.productAttributes;write_condition=Product_Data_Specification;classification=shipping_returns_domain;vertical=not_applicable,not_applicable,google_merchant:atom:attribute:returns,google_merchant:attribute:returns,DOMAIN_CAPABILITY,ShippingReturns,publication_shipping_returns_capability,ProcessedProductAttribute,list,processed_publication_output,conditional_write_by_data_spec,not_applicable,not_applicable,https://merchantapi.googleapis.com/$discovery/rest?version=products_v1#products_v1,not_applicable,PROVIDER_VERIFIED,"Google-local publication semantic; no cross-platform equivalence asserted."
b4af2acf38caf2383e1a7edd0de5567667bc50d295613c81cfe2740a8d81659d,google-merchant-v1-ad575f7aaa799d99,google_merchant,docs/data/google_merchant_products_v1_attribute_inventory.csv,107,e1b0c78a4c950c43e4ac066f1d60e930f4808512ff3ec6d81eb43899c0247b47,"Merchant Products v1","Merchant API products_v1 ProductAttributes",ProductAttributes,salePrice,not_applicable,layer=processed_product_output;input_binding=ProductInput.productAttributes;write_condition=Product_Data_Specification;classification=pricing_or_commercial_domain;vertical=not_applicable,not_applicable,google_merchant:atom:attribute:saleprice,google_merchant:attribute:saleprice,DOMAIN_CAPABILITY,Pricing,publication_commercial_binding,ProcessedProductAttribute,structured,processed_publication_output,conditional_write_by_data_spec,not_applicable,not_applicable,https://merchantapi.googleapis.com/$discovery/rest?version=products_v1#products_v1,not_applicable,PROVIDER_VERIFIED,"Google-local publication semantic; no cross-platform equivalence asserted."
ebf3925ba133a465dfea93187c08bf55129e0e30568593a06097aab5392e4489,google-merchant-v1-ad575f7aaa799d99,google_merchant,docs/data/google_merchant_products_v1_attribute_inventory.csv,108,e3d526708df4318e14e328afc2328b17cd304236348a3ac6d5c97dbf2625e698,"Merchant Products v1","Merchant API products_v1 ProductAttributes",ProductAttributes,salePriceEffectiveDate,not_applicable,layer=processed_product_output;input_binding=ProductInput.productAttributes;write_condition=Product_Data_Specification;classification=pricing_or_commercial_domain;vertical=not_applicable,not_applicable,google_merchant:atom:attribute:salepriceeffectivedate,google_merchant:attribute:salepriceeffectivedate,DOMAIN_CAPABILITY,Pricing,publication_commercial_binding,ProcessedProductAttribute,structured,processed_publication_output,conditional_write_by_data_spec,not_applicable,not_applicable,https://merchantapi.googleapis.com/$discovery/rest?version=products_v1#products_v1,not_applicable,PROVIDER_VERIFIED,"Google-local publication semantic; no cross-platform equivalence asserted."
142fff547941da482d8f1a5a5ee8274c22bda1b4ee18e6375476ac5f056eaa52,google-merchant-v1-ad575f7aaa799d99,google_merchant,docs/data/google_merchant_products_v1_attribute_inventory.csv,109,ea26c64c147f699075ec9de52032a16173023135689c1ceaf89a6b16d1544b13,"Merchant Products v1","Merchant API products_v1 ProductAttributes",ProductAttributes,sellOnGoogleQuantity,not_applicable,layer=processed_product_output;input_binding=ProductInput.productAttributes;write_condition=Product_Data_Specification;classification=channel_or_specialized_context;vertical=not_applicable,not_applicable,google_merchant:atom:attribute:sellongooglequantity,google_merchant:attribute:sellongooglequantity,CHANNEL_SEMANTIC,Connector,google_publication_quantity_control,ProcessedProductAttribute,string,processed_publication_output,conditional_write_by_data_spec,not_applicable,not_applicable,https://merchantapi.googleapis.com/$discovery/rest?version=products_v1#products_v1,not_applicable,PROVIDER_VERIFIED,"Google-local publication semantic; no cross-platform equivalence asserted."
1bcaabcdec1a1c36df1d161188dd2d534039b24bd85ee427354872b72aaf4642,google-merchant-v1-ad575f7aaa799d99,google_merchant,docs/data/google_merchant_products_v1_attribute_inventory.csv,110,1b84c77f649c3d172a8d5d78c6bdd9864a076b4995ee7b0b5ed86225db76d6e2,"Merchant Products v1","Merchant API products_v1 ProductAttributes",ProductAttributes,shipping,not_applicable,layer=processed_product_output;input_binding=ProductInput.productAttributes;write_condition=Product_Data_Specification;classification=shipping_returns_domain;vertical=not_applicable,not_applicable,google_merchant:atom:attribute:shipping,google_merchant:attribute:shipping,DOMAIN_CAPABILITY,ShippingReturns,publication_shipping_returns_capability,ProcessedProductAttribute,list,processed_publication_output,conditional_write_by_data_spec,not_applicable,not_applicable,https://merchantapi.googleapis.com/$discovery/rest?version=products_v1#products_v1,not_applicable,PROVIDER_VERIFIED,"Google-local publication semantic; no cross-platform equivalence asserted."
6998821198a1ebf0fbbcc8005077b3f44a325b48f01b03d0c63bf4d73d184a2d,google-merchant-v1-ad575f7aaa799d99,google_merchant,docs/data/google_merchant_products_v1_attribute_inventory.csv,111,1de2f0248884f22d0b45dfa333cd70421cf9de7bedbb08c1ef304a4d3472d26a,"Merchant Products v1","Merchant API products_v1 ProductAttributes",ProductAttributes,shippingHandlingBusinessDays,not_applicable,layer=processed_product_output;input_binding=ProductInput.productAttributes;write_condition=Product_Data_Specification;classification=shipping_returns_domain;vertical=not_applicable,not_applicable,google_merchant:atom:attribute:shippinghandlingbusinessdays,google_merchant:attribute:shippinghandlingbusinessdays,DOMAIN_CAPABILITY,ShippingReturns,publication_shipping_returns_capability,ProcessedProductAttribute,list,processed_publication_output,conditional_write_by_data_spec,not_applicable,not_applicable,https://merchantapi.googleapis.com/$discovery/rest?version=products_v1#products_v1,not_applicable,PROVIDER_VERIFIED,"Google-local publication semantic; no cross-platform equivalence asserted."
4b60648f1eebc6039a007c96ed02011729fdb310081a2e83c275d8783badccf7,google-merchant-v1-ad575f7aaa799d99,google_merchant,docs/data/google_merchant_products_v1_attribute_inventory.csv,112,48f808267ec3539482a9fcf8e1235d0cce7f49a5091b3c7521cfd54489427126,"Merchant Products v1","Merchant API products_v1 ProductAttributes",ProductAttributes,shippingHeight,not_applicable,layer=processed_product_output;input_binding=ProductInput.productAttributes;write_condition=Product_Data_Specification;classification=shipping_returns_domain;vertical=not_applicable,not_applicable,google_merchant:atom:attribute:shippingheight,google_merchant:attribute:shippingheight,DOMAIN_CAPABILITY,ShippingReturns,publication_shipping_returns_capability,ProcessedProductAttribute,structured,processed_publication_output,conditional_write_by_data_spec,not_applicable,not_applicable,https://merchantapi.googleapis.com/$discovery/rest?version=products_v1#products_v1,not_applicable,PROVIDER_VERIFIED,"Google-local publication semantic; no cross-platform equivalence asserted."
46c7e60fbb334c60af00b5dfdb20b14a8653f623325cc5384da65a734ba9e664,google-merchant-v1-ad575f7aaa799d99,google_merchant,docs/data/google_merchant_products_v1_attribute_inventory.csv,113,9686b6169ba212cb5efc06ccb731655ec5da23b2f31186ad31b9f9deb21d9673,"Merchant Products v1","Merchant API products_v1 ProductAttributes",ProductAttributes,shippingLabel,not_applicable,layer=processed_product_output;input_binding=ProductInput.productAttributes;write_condition=Product_Data_Specification;classification=channel_context;vertical=not_applicable,not_applicable,google_merchant:atom:attribute:shippinglabel,google_merchant:attribute:shippinglabel,CHANNEL_SEMANTIC,Connector,publication_channel_control,ProcessedProductAttribute,string,processed_publication_output,conditional_write_by_data_spec,not_applicable,not_applicable,https://merchantapi.googleapis.com/$discovery/rest?version=products_v1#products_v1,not_applicable,PROVIDER_VERIFIED,"Google-local publication semantic; no cross-platform equivalence asserted."
abd426391bcad75a484947e5980dfaa7fb30855eb4b6dae4cb5793030fbb9364,google-merchant-v1-ad575f7aaa799d99,google_merchant,docs/data/google_merchant_products_v1_attribute_inventory.csv,114,1aa5372bc48eeefbd93f3289250d4c13f20a184a2a3a650e798977b99dc24c5a,"Merchant Products v1","Merchant API products_v1 ProductAttributes",ProductAttributes,shippingLength,not_applicable,layer=processed_product_output;input_binding=ProductInput.productAttributes;write_condition=Product_Data_Specification;classification=shipping_returns_domain;vertical=not_applicable,not_applicable,google_merchant:atom:attribute:shippinglength,google_merchant:attribute:shippinglength,DOMAIN_CAPABILITY,ShippingReturns,publication_shipping_returns_capability,ProcessedProductAttribute,structured,processed_publication_output,conditional_write_by_data_spec,not_applicable,not_applicable,https://merchantapi.googleapis.com/$discovery/rest?version=products_v1#products_v1,not_applicable,PROVIDER_VERIFIED,"Google-local publication semantic; no cross-platform equivalence asserted."
fd547d9733bd801b71f0f3b34712f6ee4b999de247c901cdab50184e22c6ce2f,google-merchant-v1-ad575f7aaa799d99,google_merchant,docs/data/google_merchant_products_v1_attribute_inventory.csv,115,42da44d12bf22d89ce585aee3d54d3776057fbce9f5732a4791c89381979d78c,"Merchant Products v1","Merchant API products_v1 ProductAttributes",ProductAttributes,shippingTransitBusinessDays,not_applicable,layer=processed_product_output;input_binding=ProductInput.productAttributes;write_condition=Product_Data_Specification;classification=shipping_returns_domain;vertical=not_applicable,not_applicable,google_merchant:atom:attribute:shippingtransitbusinessdays,google_merchant:attribute:shippingtransitbusinessdays,DOMAIN_CAPABILITY,ShippingReturns,publication_shipping_returns_capability,ProcessedProductAttribute,list,processed_publication_output,conditional_write_by_data_spec,not_applicable,not_applicable,https://merchantapi.googleapis.com/$discovery/rest?version=products_v1#products_v1,not_applicable,PROVIDER_VERIFIED,"Google-local publication semantic; no cross-platform equivalence asserted."
b4ac33281c10c37486207fb7a635dbaf5a60cf48f185828b6e50e373cb1f2376,google-merchant-v1-ad575f7aaa799d99,google_merchant,docs/data/google_merchant_products_v1_attribute_inventory.csv,116,33d4ba4facef3b91874f4b2d5bae769afd146d387fdf96d5afdb9d5da6fa7bae,"Merchant Products v1","Merchant API products_v1 ProductAttributes",ProductAttributes,shippingWeight,not_applicable,layer=processed_product_output;input_binding=ProductInput.productAttributes;write_condition=Product_Data_Specification;classification=shipping_returns_domain;vertical=not_applicable,not_applicable,google_merchant:atom:attribute:shippingweight,google_merchant:attribute:shippingweight,DOMAIN_CAPABILITY,ShippingReturns,publication_shipping_returns_capability,ProcessedProductAttribute,structured,processed_publication_output,conditional_write_by_data_spec,not_applicable,not_applicable,https://merchantapi.googleapis.com/$discovery/rest?version=products_v1#products_v1,not_applicable,PROVIDER_VERIFIED,"Google-local publication semantic; no cross-platform equivalence asserted."
01af24977530259e57c238e74f5298d55c3150152dce3cf1fbb8bd97630d2979,google-merchant-v1-ad575f7aaa799d99,google_merchant,docs/data/google_merchant_products_v1_attribute_inventory.csv,117,e30cf7544d01a8bb092101001ea3b31040c6367bc15bbe6a435f5014c66358dd,"Merchant Products v1","Merchant API products_v1 ProductAttributes",ProductAttributes,shippingWidth,not_applicable,layer=processed_product_output;input_binding=ProductInput.productAttributes;write_condition=Product_Data_Specification;classification=shipping_returns_domain;vertical=not_applicable,not_applicable,google_merchant:atom:attribute:shippingwidth,google_merchant:attribute:shippingwidth,DOMAIN_CAPABILITY,ShippingReturns,publication_shipping_returns_capability,ProcessedProductAttribute,structured,processed_publication_output,conditional_write_by_data_spec,not_applicable,not_applicable,https://merchantapi.googleapis.com/$discovery/rest?version=products_v1#products_v1,not_applicable,PROVIDER_VERIFIED,"Google-local publication semantic; no cross-platform equivalence asserted."
540d7e98bdeb5c17162ef7095bc3504adab370f930f8b12d2da3c1198b14fe40,google-merchant-v1-ad575f7aaa799d99,google_merchant,docs/data/google_merchant_products_v1_attribute_inventory.csv,118,1251ce831db3cb0ebfaf4e63376a72003eb38cf962fc4b5d3e16b4070b9b125a,"Merchant Products v1","Merchant API products_v1 ProductAttributes",ProductAttributes,shoppingAdsExcludedCountries,not_applicable,layer=processed_product_output;input_binding=ProductInput.productAttributes;write_condition=Product_Data_Specification;classification=channel_context;vertical=not_applicable,not_applicable,google_merchant:atom:attribute:shoppingadsexcludedcountries,google_merchant:attribute:shoppingadsexcludedcountries,CHANNEL_SEMANTIC,Connector,publication_channel_control,ProcessedProductAttribute,list,processed_publication_output,conditional_write_by_data_spec,not_applicable,not_applicable,https://merchantapi.googleapis.com/$discovery/rest?version=products_v1#products_v1,not_applicable,PROVIDER_VERIFIED,"Google-local publication semantic; no cross-platform equivalence asserted."
8ba83bd7737948e05fa5ea7b90cdffc0ad477a42e0795c930e016b3afa094b6d,google-merchant-v1-ad575f7aaa799d99,google_merchant,docs/data/google_merchant_products_v1_attribute_inventory.csv,119,d2b8a5e7d13daf03ecd1e6bba41238a482c37d3f0a8d749c86c5e9a653a12e7d,"Merchant Products v1","Merchant API products_v1 ProductAttributes",ProductAttributes,shortTitle,not_applicable,layer=processed_product_output;input_binding=ProductInput.productAttributes;write_condition=Product_Data_Specification;classification=semantic_product_field;vertical=not_applicable,not_applicable,google_merchant:atom:attribute:shorttitle,google_merchant:attribute:shorttitle,DEFER_DECISION,FieldDefinitionOrContent,short_title_candidate,ProcessedProductAttribute,string,processed_publication_output,conditional_write_by_data_spec,not_applicable,not_applicable,https://merchantapi.googleapis.com/$discovery/rest?version=products_v1#products_v1,queue:google_short_title_ownership,DEFERRED_REVIEW,"Google-local publication semantic; no cross-platform equivalence asserted."
91dc72e669628802a58070180d7be4c2a017aa82af68acabf077857d8b498d4a,google-merchant-v1-ad575f7aaa799d99,google_merchant,docs/data/google_merchant_products_v1_attribute_inventory.csv,120,fed9b95f7ee00885f28fcca3fb5612254b59f18c99e9d7c97c61db47312a139e,"Merchant Products v1","Merchant API products_v1 ProductAttributes",ProductAttributes,size,not_applicable,layer=processed_product_output;input_binding=ProductInput.productAttributes;write_condition=Product_Data_Specification;classification=semantic_product_field;vertical=not_applicable,not_applicable,google_merchant:atom:attribute:size,google_merchant:attribute:size,REUSABLE_SEMANTIC,ProductData,processed_output_with_conditional_input_binding,ProcessedProductAttribute,string,processed_publication_output,conditional_write_by_data_spec,not_applicable,not_applicable,https://merchantapi.googleapis.com/$discovery/rest?version=products_v1#products_v1,not_applicable,PROVIDER_VERIFIED,"Google-local publication semantic; no cross-platform equivalence asserted."
8146c7d3a7572e966667bef50317ce8470572690edc0d0e3e348ee4516768bb3,google-merchant-v1-ad575f7aaa799d99,google_merchant,docs/data/google_merchant_products_v1_attribute_inventory.csv,121,162c56df359081d7b43a4fa1773c8e4c4667c5be8b9b73ca9ccde9365823fbc9,"Merchant Products v1","Merchant API products_v1 ProductAttributes",ProductAttributes,sizeSystem,not_applicable,layer=processed_product_output;input_binding=ProductInput.productAttributes;write_condition=Product_Data_Specification;classification=semantic_product_field;vertical=not_applicable,not_applicable,google_merchant:atom:attribute:sizesystem,google_merchant:attribute:sizesystem,REUSABLE_SEMANTIC,ProductData,processed_output_with_conditional_input_binding,ProcessedProductAttribute,string,processed_publication_output,conditional_write_by_data_spec,not_applicable,not_applicable,https://merchantapi.googleapis.com/$discovery/rest?version=products_v1#products_v1,not_applicable,PROVIDER_VERIFIED,"Google-local publication semantic; no cross-platform equivalence asserted."
7b3207c345c15d51c4450aee2b38377c495ef23bace1786ef502749a5d85b9f0,google-merchant-v1-ad575f7aaa799d99,google_merchant,docs/data/google_merchant_products_v1_attribute_inventory.csv,122,2832e8e7f5757c906f203ca5d2ae2bfff530846ef2f5e7b766c40f5ae3f21096,"Merchant Products v1","Merchant API products_v1 ProductAttributes",ProductAttributes,sizeTypes,not_applicable,layer=processed_product_output;input_binding=ProductInput.productAttributes;write_condition=Product_Data_Specification;classification=semantic_product_field;vertical=not_applicable,not_applicable,google_merchant:atom:attribute:sizetypes,google_merchant:attribute:sizetypes,REUSABLE_SEMANTIC,ProductData,processed_output_with_conditional_input_binding,ProcessedProductAttribute,list,processed_publication_output,conditional_write_by_data_spec,not_applicable,not_applicable,https://merchantapi.googleapis.com/$discovery/rest?version=products_v1#products_v1,not_applicable,PROVIDER_VERIFIED,"Google-local publication semantic; no cross-platform equivalence asserted."
ced124053f13a5e4a0149d5e2a26119e4b1757deb8e898e2cdfddc8d7525503b,google-merchant-v1-ad575f7aaa799d99,google_merchant,docs/data/google_merchant_products_v1_attribute_inventory.csv,123,354ba5375f88fa9641f7a46f776bee04865c4fe31dff7a7c524c8d7493628a10,"Merchant Products v1","Merchant API products_v1 ProductAttributes",ProductAttributes,specialtyHousingType,not_applicable,layer=processed_product_output;input_binding=ProductInput.productAttributes;write_condition=Product_Data_Specification;classification=specialized_vertical_field:property;vertical=property,not_applicable,google_merchant:atom:attribute:specialtyhousingtype,google_merchant:attribute:specialtyhousingtype,CATEGORY_ATTRIBUTE,PropertyVertical,vertical_scoped_publication_attribute,ProcessedProductAttribute,string,processed_publication_output,conditional_write_by_data_spec,not_applicable,not_applicable,https://merchantapi.googleapis.com/$discovery/rest?version=products_v1#products_v1,queue:google_vertical_applicability,DEFERRED_REVIEW,"Google-local publication semantic; no cross-platform equivalence asserted."
bc85f5a83d536dd6eb7f31d4ed44fe57a069697dbb37cfb167c7a17ef0dc312c,google-merchant-v1-ad575f7aaa799d99,google_merchant,docs/data/google_merchant_products_v1_attribute_inventory.csv,124,00293a04936ce0414482ace99d00d702733c968c9f3ccbd211a5e0fb894583cf,"Merchant Products v1","Merchant API products_v1 ProductAttributes",ProductAttributes,structuredDescription,not_applicable,layer=processed_product_output;input_binding=ProductInput.productAttributes;write_condition=Product_Data_Specification;classification=semantic_product_field;vertical=not_applicable,not_applicable,google_merchant:atom:attribute:structureddescription,google_merchant:attribute:structureddescription,DEFER_DECISION,FieldDefinitionOrContent,structured_content_with_digital_source_provenance,ProcessedProductAttribute,structured,processed_publication_output,conditional_write_by_data_spec,not_applicable,not_applicable,https://merchantapi.googleapis.com/$discovery/rest?version=products_v1#products_v1,queue:google_structured_content_provenance,DEFERRED_REVIEW,"Google-local publication semantic; no cross-platform equivalence asserted."
fa343e5ce7708bde18f416c560c560db7bf4417012853a8dd2cca8ff17f165b0,google-merchant-v1-ad575f7aaa799d99,google_merchant,docs/data/google_merchant_products_v1_attribute_inventory.csv,125,4c97b88b2416672e41e6d68b90e5537a329c6a9260fa942f81e5444f2b9ae6ec,"Merchant Products v1","Merchant API products_v1 ProductAttributes",ProductAttributes,structuredTitle,not_applicable,layer=processed_product_output;input_binding=ProductInput.productAttributes;write_condition=Product_Data_Specification;classification=semantic_product_field;vertical=not_applicable,not_applicable,google_merchant:atom:attribute:structuredtitle,google_merchant:attribute:structuredtitle,DEFER_DECISION,FieldDefinitionOrContent,structured_content_with_digital_source_provenance,ProcessedProductAttribute,structured,processed_publication_output,conditional_write_by_data_spec,not_applicable,not_applicable,https://merchantapi.googleapis.com/$discovery/rest?version=products_v1#products_v1,queue:google_structured_content_provenance,DEFERRED_REVIEW,"Google-local publication semantic; no cross-platform equivalence asserted."
9d9cdb4f266c959bc88d3b34ea1ea5a1613aa746847383f58cb1429fc0bd19cf,google-merchant-v1-ad575f7aaa799d99,google_merchant,docs/data/google_merchant_products_v1_attribute_inventory.csv,126,23b37c4af7ae1959409e5cf95b00afc636b51ea57ff9b5130534b44eec63e9bc,"Merchant Products v1","Merchant API products_v1 ProductAttributes",ProductAttributes,subscriptionCost,not_applicable,layer=processed_product_output;input_binding=ProductInput.productAttributes;write_condition=Product_Data_Specification;classification=pricing_or_commercial_domain;vertical=not_applicable,not_applicable,google_merchant:atom:attribute:subscriptioncost,google_merchant:attribute:subscriptioncost,DOMAIN_CAPABILITY,Pricing,publication_commercial_binding,ProcessedProductAttribute,structured,processed_publication_output,conditional_write_by_data_spec,not_applicable,not_applicable,https://merchantapi.googleapis.com/$discovery/rest?version=products_v1#products_v1,not_applicable,PROVIDER_VERIFIED,"Google-local publication semantic; no cross-platform equivalence asserted."
27a5aaae90577c36a4924a82798df2de3adc40ea52683a3c00cd66916fed4901,google-merchant-v1-ad575f7aaa799d99,google_merchant,docs/data/google_merchant_products_v1_attribute_inventory.csv,127,fe2d504b1f48800a5e507ff5087b236795c005c9ff3f1183168d9e68c7f5624e,"Merchant Products v1","Merchant API products_v1 ProductAttributes",ProductAttributes,sustainabilityIncentives,not_applicable,layer=processed_product_output;input_binding=ProductInput.productAttributes;write_condition=Product_Data_Specification;classification=channel_or_specialized_context;vertical=not_applicable,not_applicable,google_merchant:atom:attribute:sustainabilityincentives,google_merchant:attribute:sustainabilityincentives,DEFER_DECISION,Compliance,sustainability_incentive_program_candidate,ProcessedProductAttribute,list,processed_publication_output,conditional_write_by_data_spec,not_applicable,not_applicable,https://merchantapi.googleapis.com/$discovery/rest?version=products_v1#products_v1,queue:google_sustainability_incentives,DEFERRED_REVIEW,"Google-local publication semantic; no cross-platform equivalence asserted."
6c2feb0946a0cf31bb0776c24327bd493a3fd844ce38ce0bd536ad8cbf4cefcb,google-merchant-v1-ad575f7aaa799d99,google_merchant,docs/data/google_merchant_products_v1_attribute_inventory.csv,128,1c8b1b4c82a338c765a597b48a6a2adc88d2fcfd8e5af1c8bfed224b321b7558,"Merchant Products v1","Merchant API products_v1 ProductAttributes",ProductAttributes,title,not_applicable,layer=processed_product_output;input_binding=ProductInput.productAttributes;write_condition=Product_Data_Specification;classification=semantic_product_field;vertical=not_applicable,not_applicable,google_merchant:atom:attribute:title,google_merchant:attribute:title,REUSABLE_SEMANTIC,ProductData,processed_output_with_conditional_input_binding,ProcessedProductAttribute,string,processed_publication_output,conditional_write_by_data_spec,not_applicable,not_applicable,https://merchantapi.googleapis.com/$discovery/rest?version=products_v1#products_v1,not_applicable,PROVIDER_VERIFIED,"Google-local publication semantic; no cross-platform equivalence asserted."
24f6f52284b08b66327d07bfe88768ce426ff949f12bece60e79ece84166bb05,google-merchant-v1-ad575f7aaa799d99,google_merchant,docs/data/google_merchant_products_v1_attribute_inventory.csv,129,2b37e999ef966101804acc448b929ae767a334da22e3b9c1a521afa0330745d5,"Merchant Products v1","Merchant API products_v1 ProductAttributes",ProductAttributes,transitTimeLabel,not_applicable,layer=processed_product_output;input_binding=ProductInput.productAttributes;write_condition=Product_Data_Specification;classification=channel_context;vertical=not_applicable,not_applicable,google_merchant:atom:attribute:transittimelabel,google_merchant:attribute:transittimelabel,CHANNEL_SEMANTIC,Connector,publication_channel_control,ProcessedProductAttribute,string,processed_publication_output,conditional_write_by_data_spec,not_applicable,not_applicable,https://merchantapi.googleapis.com/$discovery/rest?version=products_v1#products_v1,not_applicable,PROVIDER_VERIFIED,"Google-local publication semantic; no cross-platform equivalence asserted."
439706edf085e3e99149851ce394d46330002ec5d97d580f91c03369792e767b,google-merchant-v1-ad575f7aaa799d99,google_merchant,docs/data/google_merchant_products_v1_attribute_inventory.csv,130,e90d54e7ba53e567ca4e239d17dcbad2d93ecd31e7d371ed4a136307a3b5ddea,"Merchant Products v1","Merchant API products_v1 ProductAttributes",ProductAttributes,trim,not_applicable,layer=processed_product_output;input_binding=ProductInput.productAttributes;write_condition=Product_Data_Specification;classification=specialized_vertical_field:vehicle;vertical=vehicle,not_applicable,google_merchant:atom:attribute:trim,google_merchant:attribute:trim,CATEGORY_ATTRIBUTE,VehicleVertical,vertical_scoped_publication_attribute,ProcessedProductAttribute,string,processed_publication_output,conditional_write_by_data_spec,not_applicable,not_applicable,https://merchantapi.googleapis.com/$discovery/rest?version=products_v1#products_v1,queue:google_vertical_applicability,DEFERRED_REVIEW,"Google-local publication semantic; no cross-platform equivalence asserted."
df04f87239212a917adc8a0cd8a843ea79e00163b89d8544b58b5b20d295ddf2,google-merchant-v1-ad575f7aaa799d99,google_merchant,docs/data/google_merchant_products_v1_attribute_inventory.csv,131,46aed151a25c46d279f723d88ebad09feceb6f16a938364f70df1a301576a36a,"Merchant Products v1","Merchant API products_v1 ProductAttributes",ProductAttributes,unitArea,not_applicable,layer=processed_product_output;input_binding=ProductInput.productAttributes;write_condition=Product_Data_Specification;classification=specialized_vertical_field:property;vertical=property,not_applicable,google_merchant:atom:attribute:unitarea,google_merchant:attribute:unitarea,CATEGORY_ATTRIBUTE,PropertyVertical,vertical_scoped_publication_attribute,ProcessedProductAttribute,structured,processed_publication_output,conditional_write_by_data_spec,not_applicable,not_applicable,https://merchantapi.googleapis.com/$discovery/rest?version=products_v1#products_v1,queue:google_vertical_applicability,DEFERRED_REVIEW,"Google-local publication semantic; no cross-platform equivalence asserted."
86eca1cc0ef491e8cbecba3c2c83cfdacc09df14ec5a35768aa4233b357e25b3,google-merchant-v1-ad575f7aaa799d99,google_merchant,docs/data/google_merchant_products_v1_attribute_inventory.csv,132,e22cdf8f4defd24fd12c7edd69a7457e7cd1f5010e2ed0139b37754ec4af0607,"Merchant Products v1","Merchant API products_v1 ProductAttributes",ProductAttributes,unitPricingBaseMeasure,not_applicable,layer=processed_product_output;input_binding=ProductInput.productAttributes;write_condition=Product_Data_Specification;classification=channel_or_specialized_context;vertical=not_applicable,not_applicable,google_merchant:atom:attribute:unitpricingbasemeasure,google_merchant:attribute:unitpricingbasemeasure,DEFER_DECISION,PricingOrCompliance,structured_unit_pricing_measure,ProcessedProductAttribute,structured,processed_publication_output,conditional_write_by_data_spec,not_applicable,not_applicable,https://merchantapi.googleapis.com/$discovery/rest?version=products_v1#products_v1,queue:google_unit_pricing,DEFERRED_REVIEW,"Google-local publication semantic; no cross-platform equivalence asserted."
c2b219e67ed7b997197974fac0bb5ca749c3058a50f04178144ec5148f773d80,google-merchant-v1-ad575f7aaa799d99,google_merchant,docs/data/google_merchant_products_v1_attribute_inventory.csv,133,369c58425269a529df375cd07be3a3c63ae7d3c79bd490a9b83864042f252e79,"Merchant Products v1","Merchant API products_v1 ProductAttributes",ProductAttributes,unitPricingMeasure,not_applicable,layer=processed_product_output;input_binding=ProductInput.productAttributes;write_condition=Product_Data_Specification;classification=channel_or_specialized_context;vertical=not_applicable,not_applicable,google_merchant:atom:attribute:unitpricingmeasure,google_merchant:attribute:unitpricingmeasure,DEFER_DECISION,PricingOrCompliance,structured_unit_pricing_measure,ProcessedProductAttribute,structured,processed_publication_output,conditional_write_by_data_spec,not_applicable,not_applicable,https://merchantapi.googleapis.com/$discovery/rest?version=products_v1#products_v1,queue:google_unit_pricing,DEFERRED_REVIEW,"Google-local publication semantic; no cross-platform equivalence asserted."
469eb8abac90adf27b8ecd5314d0e4bb01d256122506fe031402d8189a3511bb,google-merchant-v1-ad575f7aaa799d99,google_merchant,docs/data/google_merchant_products_v1_attribute_inventory.csv,134,6430dca478672633d0664e35212121dce0f098d100f2c2e19d3f818a9bfd73f5,"Merchant Products v1","Merchant API products_v1 ProductAttributes",ProductAttributes,utilitiesIncluded,not_applicable,layer=processed_product_output;input_binding=ProductInput.productAttributes;write_condition=Product_Data_Specification;classification=specialized_vertical_field:property;vertical=property,not_applicable,google_merchant:atom:attribute:utilitiesincluded,google_merchant:attribute:utilitiesincluded,CATEGORY_ATTRIBUTE,PropertyVertical,vertical_scoped_publication_attribute,ProcessedProductAttribute,list,processed_publication_output,conditional_write_by_data_spec,not_applicable,not_applicable,https://merchantapi.googleapis.com/$discovery/rest?version=products_v1#products_v1,queue:google_vertical_applicability,DEFERRED_REVIEW,"Google-local publication semantic; no cross-platform equivalence asserted."
1edbc8ba66e0dd593b7ca9c30b03cff56099bc3c459963ca0d9b8f20119a8339,google-merchant-v1-ad575f7aaa799d99,google_merchant,docs/data/google_merchant_products_v1_attribute_inventory.csv,135,73f689131e5919e2532f1803d6480a9c9a7c0d8d41c87b54cdef8965d2bd9c60,"Merchant Products v1","Merchant API products_v1 ProductAttributes",ProductAttributes,variantOptions,not_applicable,layer=processed_product_output;input_binding=ProductInput.productAttributes;write_condition=Product_Data_Specification;classification=relationship_or_variant_capability;vertical=not_applicable,not_applicable,google_merchant:atom:attribute:variantoptions,google_merchant:attribute:variantoptions,DOMAIN_CAPABILITY,VariantComposition,variant_grouping_composition,ProcessedProductAttribute,list,processed_publication_output,conditional_write_by_data_spec,not_applicable,not_applicable,https://merchantapi.googleapis.com/$discovery/rest?version=products_v1#products_v1,not_applicable,PROVIDER_VERIFIED,"Google-local publication semantic; no cross-platform equivalence asserted."
bd3e17d385d7ffb3dbbdf00d426d8868560e66470c005d52b33db76e29381ce2,google-merchant-v1-ad575f7aaa799d99,google_merchant,docs/data/google_merchant_products_v1_attribute_inventory.csv,136,977cc5b66d29eec935d1f35f335af90df340d18a3eff824f78cb8dd52513e217,"Merchant Products v1","Merchant API products_v1 ProductAttributes",ProductAttributes,vehicleAllInPrice,not_applicable,layer=processed_product_output;input_binding=ProductInput.productAttributes;write_condition=Product_Data_Specification;classification=specialized_vertical_field:vehicle;vertical=vehicle,not_applicable,google_merchant:atom:attribute:vehicleallinprice,google_merchant:attribute:vehicleallinprice,DOMAIN_CAPABILITY,Pricing,vertical_scoped_pricing_capability,ProcessedProductAttribute,structured,processed_publication_output,conditional_write_by_data_spec,not_applicable,not_applicable,https://merchantapi.googleapis.com/$discovery/rest?version=products_v1#products_v1,queue:google_vertical_applicability,DEFERRED_REVIEW,"Google-local publication semantic; no cross-platform equivalence asserted."
12ef09fcdaffb1cb24830907219157d6f77d644aa7ee1da49e976584bc42c9ad,google-merchant-v1-ad575f7aaa799d99,google_merchant,docs/data/google_merchant_products_v1_attribute_inventory.csv,137,21117079aec2b3ff949aea9a25c8a9ccd73113a7af9ed6a7446557b7fc86fc18,"Merchant Products v1","Merchant API products_v1 ProductAttributes",ProductAttributes,vehicleExpenses,not_applicable,layer=processed_product_output;input_binding=ProductInput.productAttributes;write_condition=Product_Data_Specification;classification=specialized_vertical_field:vehicle;vertical=vehicle,not_applicable,google_merchant:atom:attribute:vehicleexpenses,google_merchant:attribute:vehicleexpenses,DOMAIN_CAPABILITY,Pricing,vertical_scoped_pricing_capability,ProcessedProductAttribute,structured,processed_publication_output,conditional_write_by_data_spec,not_applicable,not_applicable,https://merchantapi.googleapis.com/$discovery/rest?version=products_v1#products_v1,queue:google_vertical_applicability,DEFERRED_REVIEW,"Google-local publication semantic; no cross-platform equivalence asserted."
a9af73592b94bbb62577c83b2f9fdfe574de68ac1df806669959b29c8747cebd,google-merchant-v1-ad575f7aaa799d99,google_merchant,docs/data/google_merchant_products_v1_attribute_inventory.csv,138,34d20ea453217b25b1e5504e5d68edd51b11fd4f02a80735b29ec32de0b8cc97,"Merchant Products v1","Merchant API products_v1 ProductAttributes",ProductAttributes,vehicleMandatoryInspectionIncluded,not_applicable,layer=processed_product_output;input_binding=ProductInput.productAttributes;write_condition=Product_Data_Specification;classification=specialized_vertical_field:vehicle;vertical=vehicle,not_applicable,google_merchant:atom:attribute:vehiclemandatoryinspectionincluded,google_merchant:attribute:vehiclemandatoryinspectionincluded,DEFER_DECISION,Compliance,vertical_compliance_candidate,ProcessedProductAttribute,boolean,processed_publication_output,conditional_write_by_data_spec,not_applicable,not_applicable,https://merchantapi.googleapis.com/$discovery/rest?version=products_v1#products_v1,queue:google_vertical_applicability|queue:google_compliance,DEFERRED_REVIEW,"Google-local publication semantic; no cross-platform equivalence asserted."
924ca8e95cea65e09fa82b82c698094b169893f13868cc51630b7be5656cd6a6,google-merchant-v1-ad575f7aaa799d99,google_merchant,docs/data/google_merchant_products_v1_attribute_inventory.csv,139,e7543fd331eea5e8eb513ff71d0e04fef22b99cb360158478fbceaeb6c926c2c,"Merchant Products v1","Merchant API products_v1 ProductAttributes",ProductAttributes,vehicleMsrp,not_applicable,layer=processed_product_output;input_binding=ProductInput.productAttributes;write_condition=Product_Data_Specification;classification=specialized_vertical_field:vehicle;vertical=vehicle,not_applicable,google_merchant:atom:attribute:vehiclemsrp,google_merchant:attribute:vehiclemsrp,DOMAIN_CAPABILITY,Pricing,vertical_scoped_pricing_capability,ProcessedProductAttribute,structured,processed_publication_output,conditional_write_by_data_spec,not_applicable,not_applicable,https://merchantapi.googleapis.com/$discovery/rest?version=products_v1#products_v1,queue:google_vertical_applicability,DEFERRED_REVIEW,"Google-local publication semantic; no cross-platform equivalence asserted."
664cce343e36083fa2ea0380a2f7d71130f983c19419f18a16500e87f8e27649,google-merchant-v1-ad575f7aaa799d99,google_merchant,docs/data/google_merchant_products_v1_attribute_inventory.csv,140,3f1b685bc76d688aebe1dfdd27633c4315b7fd037c4b9f4f4abaac154d8892e3,"Merchant Products v1","Merchant API products_v1 ProductAttributes",ProductAttributes,vehiclePriceType,not_applicable,layer=processed_product_output;input_binding=ProductInput.productAttributes;write_condition=Product_Data_Specification;classification=specialized_vertical_field:vehicle;vertical=vehicle,not_applicable,google_merchant:atom:attribute:vehiclepricetype,google_merchant:attribute:vehiclepricetype,DOMAIN_CAPABILITY,Pricing,vertical_scoped_pricing_capability,ProcessedProductAttribute,string,processed_publication_output,conditional_write_by_data_spec,not_applicable,not_applicable,https://merchantapi.googleapis.com/$discovery/rest?version=products_v1#products_v1,queue:google_vertical_applicability,DEFERRED_REVIEW,"Google-local publication semantic; no cross-platform equivalence asserted."
09c57a04782c7da7a883e11e9a3c18f0d358129904f066275d39ce4b0e87bb47,google-merchant-v1-ad575f7aaa799d99,google_merchant,docs/data/google_merchant_products_v1_attribute_inventory.csv,141,6e1ecf1f1e084cf20e7843f63d2e7d3c12d5b3bef2a3557be26f9ddbea4bcdf6,"Merchant Products v1","Merchant API products_v1 ProductAttributes",ProductAttributes,videoLinks,not_applicable,layer=processed_product_output;input_binding=ProductInput.productAttributes;write_condition=Product_Data_Specification;classification=media_domain;vertical=not_applicable,not_applicable,google_merchant:atom:attribute:videolinks,google_merchant:attribute:videolinks,DOMAIN_CAPABILITY,Media,publication_media_binding,ProcessedProductAttribute,list,processed_publication_output,conditional_write_by_data_spec,not_applicable,not_applicable,https://merchantapi.googleapis.com/$discovery/rest?version=products_v1#products_v1,not_applicable,PROVIDER_VERIFIED,"Google-local publication semantic; no cross-platform equivalence asserted."
3b2cc62027f6d93e2a3a601c93fd6d7a387c98113e4c7f4ab40dabfd0d252db9,google-merchant-v1-ad575f7aaa799d99,google_merchant,docs/data/google_merchant_products_v1_attribute_inventory.csv,142,c93483660f911a2bda8eca1eb9c7bea14fead800f83397c62f753aa45e0acb52,"Merchant Products v1","Merchant API products_v1 ProductAttributes",ProductAttributes,vin,not_applicable,layer=processed_product_output;input_binding=ProductInput.productAttributes;write_condition=Product_Data_Specification;classification=specialized_vertical_field:vehicle;vertical=vehicle,not_applicable,google_merchant:atom:attribute:vin,google_merchant:attribute:vin,CATEGORY_ATTRIBUTE,VehicleVertical,vertical_scoped_publication_attribute,ProcessedProductAttribute,string,processed_publication_output,conditional_write_by_data_spec,not_applicable,not_applicable,https://merchantapi.googleapis.com/$discovery/rest?version=products_v1#products_v1,queue:google_vertical_applicability,DEFERRED_REVIEW,"Google-local publication semantic; no cross-platform equivalence asserted."
43f9d9a8ac29af2844d428a5887cb8907cca4bcfb436a9e0da6d0d8aa040ecda,google-merchant-v1-ad575f7aaa799d99,google_merchant,docs/data/google_merchant_products_v1_attribute_inventory.csv,143,608ae2793fc14ff862d7bc1b94b8945f6248978525b61549494adf700777e4cf,"Merchant Products v1","Merchant API products_v1 ProductAttributes",ProductAttributes,virtualModelLink,not_applicable,layer=processed_product_output;input_binding=ProductInput.productAttributes;write_condition=Product_Data_Specification;classification=media_domain;vertical=not_applicable,not_applicable,google_merchant:atom:attribute:virtualmodellink,google_merchant:attribute:virtualmodellink,DOMAIN_CAPABILITY,Media,publication_media_binding,ProcessedProductAttribute,string,processed_publication_output,conditional_write_by_data_spec,not_applicable,not_applicable,https://merchantapi.googleapis.com/$discovery/rest?version=products_v1#products_v1,not_applicable,PROVIDER_VERIFIED,"Google-local publication semantic; no cross-platform equivalence asserted."
d576bdd94a86b8216511c829ef9f0cde0914ebcd38e1129f2668473681c3edd4,google-merchant-v1-ad575f7aaa799d99,google_merchant,docs/data/google_merchant_products_v1_attribute_inventory.csv,144,079722233983b9e565ec4c53404628c7d63f9c5a61582b86162a6df27628c727,"Merchant Products v1","Merchant API products_v1 ProductAttributes",ProductAttributes,warranty,not_applicable,layer=processed_product_output;input_binding=ProductInput.productAttributes;write_condition=Product_Data_Specification;classification=specialized_vertical_field:vehicle;vertical=vehicle,not_applicable,google_merchant:atom:attribute:warranty,google_merchant:attribute:warranty,DEFER_DECISION,Compliance,vertical_compliance_candidate,ProcessedProductAttribute,structured,processed_publication_output,conditional_write_by_data_spec,not_applicable,not_applicable,https://merchantapi.googleapis.com/$discovery/rest?version=products_v1#products_v1,queue:google_vertical_applicability|queue:google_compliance,DEFERRED_REVIEW,"Google-local publication semantic; no cross-platform equivalence asserted."
2e9d6e8843196b6b17cf269e557d5182cd8d223d5a4a3a497a5b19da2d163355,google-merchant-v1-ad575f7aaa799d99,google_merchant,docs/data/google_merchant_products_v1_attribute_inventory.csv,145,f9be58b6f996805d25546fc5a457ed38dffa69d8b8aeb0f7d577322929d6c600,"Merchant Products v1","Merchant API products_v1 ProductAttributes",ProductAttributes,year,not_applicable,layer=processed_product_output;input_binding=ProductInput.productAttributes;write_condition=Product_Data_Specification;classification=specialized_vertical_field:vehicle;vertical=vehicle,not_applicable,google_merchant:atom:attribute:year,google_merchant:attribute:year,CATEGORY_ATTRIBUTE,VehicleVertical,vertical_scoped_publication_attribute,ProcessedProductAttribute,string,processed_publication_output,conditional_write_by_data_spec,not_applicable,not_applicable,https://merchantapi.googleapis.com/$discovery/rest?version=products_v1#products_v1,queue:google_vertical_applicability,DEFERRED_REVIEW,"Google-local publication semantic; no cross-platform equivalence asserted."
7cd355191ed5812bc8eacb20f729bc58cbc6d9b6056aed54a2c7d641a56fbc7f,google-merchant-v1-36adda1ef65405e8,google_merchant,docs/data/google_merchant_products_v1_product_input_inventory.csv,1,84c0211c222a3402aafe186524f44835a3255c4950d001a8e428311b8aa32c6a,"Merchant Products v1",ProductInput,ProductInput,base64EncodedName,not_applicable,"classification=external_identity_or_transport;description=Output only. The **unpadded base64url encoded name** of the product input. Format: `accounts/{account}/productInputs/{productinput}` where the last section `productinput` is the unpadded base64url encoding of the `content_language~feed_label~offer_id` name. Example: `accounts/123/productInputs/ZW5-VVN-c2t1LzEyMw` for the decoded product input name `accounts/123/productInputs/en~US~sku/123`. This field can be used directly as input to the API methods that require the product input name to be encoded if it contains special characters, for example [`GetProductInput`](https://developers.google.com/merchant/api/reference/rest/products_v1/accounts.productInputs/get).",not_applicable,google_merchant:atom:product_input:base64encodedname,google_merchant:product_input:base64encodedname,TRANSPORT_MECHANIC,Connector,resource_locator_or_encoding,ProductInput,string,resource_projection,system_or_request_mechanic,not_applicable,not_applicable,https://merchantapi.googleapis.com/$discovery/rest?version=products_v1#products_v1,not_applicable,PROVIDER_VERIFIED,"Google-local publication semantic; no cross-platform equivalence asserted."
57cd30f2c25ccd3ee576f0f941b7a35f21dde98166ff15d436a87ca90080cb49,google-merchant-v1-36adda1ef65405e8,google_merchant,docs/data/google_merchant_products_v1_product_input_inventory.csv,2,72021f1d3987fece962e8113dd39ef2c3a87bb365f9f38273840d54f17f3821c,"Merchant Products v1",ProductInput,ProductInput,base64EncodedProduct,not_applicable,"classification=external_identity_or_transport;description=Output only. The **unpadded base64url encoded name** of the processed product. Format: `accounts/{account}/products/{product}` where the last section `product` is the unpadded base64url encoding of the `content_language~feed_label~offer_id` name. Example: `accounts/123/products/ZW5-VVN-c2t1LzEyMw` for the decoded product name `accounts/123/products/en~US~sku/123`. This field can be used directly as input to the API methods that require the product name to be encoded if it contains special characters, for example [`GetProduct`](https://developers.google.com/merchant/api/reference/rest/products_v1/accounts.products/get).",not_applicable,google_merchant:atom:product_input:base64encodedproduct,google_merchant:product_input:base64encodedproduct,TRANSPORT_MECHANIC,Connector,resource_locator_or_encoding,ProductInput,string,resource_projection,system_or_request_mechanic,not_applicable,not_applicable,https://merchantapi.googleapis.com/$discovery/rest?version=products_v1#products_v1,not_applicable,PROVIDER_VERIFIED,"Google-local publication semantic; no cross-platform equivalence asserted."
2ea8da0b06e135b5e5f075a58b1b21d8f2eed85c2b7214942ad9e8afed295e82,google-merchant-v1-36adda1ef65405e8,google_merchant,docs/data/google_merchant_products_v1_product_input_inventory.csv,3,091da0e1cd01d23d8455909e96fd8aa647f3da7e5649332855487906faf22ff0,"Merchant Products v1",ProductInput,ProductInput,contentLanguage,not_applicable,"classification=connector_context;description=Required. Immutable. The two-letter [ISO 639-1](http://en.wikipedia.org/wiki/ISO_639-1) language code for the product.",not_applicable,google_merchant:atom:product_input:contentlanguage,google_merchant:product_input:contentlanguage,CHANNEL_SEMANTIC,Connector,publication_context,ProductInput,string,product_input_context,request_context,not_applicable,not_applicable,https://merchantapi.googleapis.com/$discovery/rest?version=products_v1#products_v1,not_applicable,PROVIDER_VERIFIED,"Google-local publication semantic; no cross-platform equivalence asserted."
132cd84d269b461a8219e849202c91be669d3fa748d9842565ba747f617e6744,google-merchant-v1-36adda1ef65405e8,google_merchant,docs/data/google_merchant_products_v1_product_input_inventory.csv,4,18c9b76af783d992a94918f6c0cbc49ca92705e7b03ddc2cdf79aeba248c8f07,"Merchant Products v1",ProductInput,ProductInput,customAttributes,not_applicable,"classification=attribute_container;description=Optional. A list of custom (merchant-provided) attributes. It can also be used for submitting any attribute of the data specification in its generic form (for example, `{ ""name"": ""size type"", ""value"": ""regular"" }`). This is useful for submitting attributes not explicitly exposed by the API. Maximum allowed number of characters for each custom attribute is 10240 (represents sum of characters for name and value). Maximum 2500 custom attributes can be set per product, with total size of 102.4kB. Underscores in custom attribute names are replaced by spaces upon insertion.",not_applicable,google_merchant:atom:product_input:customattributes,google_merchant:product_input:customattributes,DOMAIN_CAPABILITY,Connector,submission_attribute_container,ProductInput,list,product_input_container,submission_container,not_applicable,not_applicable,https://merchantapi.googleapis.com/$discovery/rest?version=products_v1#products_v1,not_applicable,PROVIDER_VERIFIED,"Google-local publication semantic; no cross-platform equivalence asserted."
96734ea045bf45e0dad23ba62911980a6bdba346acfdb2f1f719e9e92dd8427b,google-merchant-v1-36adda1ef65405e8,google_merchant,docs/data/google_merchant_products_v1_product_input_inventory.csv,5,54b172c441c293845557b764202fda9f1dfaad5971f5422eb42519afca788a28,"Merchant Products v1",ProductInput,ProductInput,feedLabel,not_applicable,"classification=connector_context;description=Required. Immutable. The feed label that lets you categorize and identify your products. The maximum allowed characters are 20, and the supported characters are `A-Z`, `0-9`, hyphen, and underscore. The feed label must not include any spaces. For more information, see [Using feed labels](//support.google.com/merchants/answer/14994087).",not_applicable,google_merchant:atom:product_input:feedlabel,google_merchant:product_input:feedlabel,CHANNEL_SEMANTIC,Connector,publication_context,ProductInput,string,product_input_context,request_context,not_applicable,not_applicable,https://merchantapi.googleapis.com/$discovery/rest?version=products_v1#products_v1,not_applicable,PROVIDER_VERIFIED,"Google-local publication semantic; no cross-platform equivalence asserted."
dd4c32fcb7c25c1572062920078628ce98cecd0d2775c578b048438ddded9363,google-merchant-v1-36adda1ef65405e8,google_merchant,docs/data/google_merchant_products_v1_product_input_inventory.csv,6,218d8b7937e613472ee9c258387f17a3a14550ec300915501949822ade1e16cf,"Merchant Products v1",ProductInput,ProductInput,legacyLocal,not_applicable,"classification=connector_context;description=Immutable. Determines whether the product is **only** targeting local destinations and whether the product name should be distinguished with a `local~` prefix. For example, `accounts/123/productInputs/local~en~US~sku123`. If a product that is not `legacy_local` is already targeting local destinations, creating a `legacy_local` product with an otherwise matching name will fail.",not_applicable,google_merchant:atom:product_input:legacylocal,google_merchant:product_input:legacylocal,CHANNEL_SEMANTIC,Connector,publication_context,ProductInput,boolean,product_input_context,request_context,not_applicable,not_applicable,https://merchantapi.googleapis.com/$discovery/rest?version=products_v1#products_v1,not_applicable,PROVIDER_VERIFIED,"Google-local publication semantic; no cross-platform equivalence asserted."
41201bf89e5ac1ec7c591d2914d13aa5462b072d11286cc01c62af97e2d67ab8,google-merchant-v1-36adda1ef65405e8,google_merchant,docs/data/google_merchant_products_v1_product_input_inventory.csv,7,e39600b6c293f2011b0c51cfe4e3a1c1409cfaa0bd8ac8a9898b67c36b0ca152,"Merchant Products v1",ProductInput,ProductInput,name,not_applicable,"classification=external_identity_or_transport;description=Identifier. The name of the product. Format: `accounts/{account}/productInputs/{productinput}` The {productinput} segment is a unique identifier for the product. This identifier must be unique within a merchant account and generally follows the structure: `content_language~feed_label~offer_id`. Example: `en~US~sku123` For legacy local products, the structure is: `local~content_language~feed_label~offer_id`. Example: `local~en~US~sku123` The format of the {productinput} segment in the URL is automatically detected by the server, supporting two options: 1. **Encoded Format**: The `{productinput}` segment is an unpadded base64url encoded string (RFC 4648 Section 5). The decoded string must result in the `content_language~feed_label~offer_id` structure. This encoding MUST be used if any part of the product identifier (like `offer_id`) contains characters such as `/`, `%`, or `~`. * Example: To represent the product ID `en~US~sku/123`, the `{productinput}` segment must be the unpadded base64url encoding of this string, which is `ZW5-VVN-c2t1LzEyMw`. The full resource name for the product would be `accounts/123/productInputs/ZW5-VVN-c2t1LzEyMw`. 2. **Plain Format**: The `{productinput}` segment is the tilde-separated string `content_language~feed_label~offer_id`. This format is suitable only when `content_language`, `feed_label`, and `offer_id` do not contain URL-problematic characters like `/`, `%`, or `~`. We recommend using the **Encoded Format** for all product IDs to ensure correct parsing, especially those containing special characters. The presence of tilde (`~`) characters in the `{productinput}` segment is used to differentiate between the two formats.",not_applicable,google_merchant:atom:product_input:name,google_merchant:product_input:name,TRANSPORT_MECHANIC,Connector,resource_locator_or_encoding,ProductInput,string,resource_projection,system_or_request_mechanic,not_applicable,not_applicable,https://merchantapi.googleapis.com/$discovery/rest?version=products_v1#products_v1,not_applicable,PROVIDER_VERIFIED,"Google-local publication semantic; no cross-platform equivalence asserted."
ab6a59562d474ad9d5c4d8ef929c496be46cb1bd1308f4ba4a4c670020166039,google-merchant-v1-36adda1ef65405e8,google_merchant,docs/data/google_merchant_products_v1_product_input_inventory.csv,8,81f9ad457e71ba47da423991fbcfbf7d01c94d6087cb6f01c6f98d73a3ab0a75,"Merchant Products v1",ProductInput,ProductInput,offerId,not_applicable,"classification=external_offer_identity;description=Required. Immutable. Your unique identifier for the product. This is the same for the product input and processed product. Leading and trailing whitespaces are stripped and multiple whitespaces are replaced by a single whitespace upon submission. See the [products data specification](https://support.google.com/merchants/answer/188494#id) for details.",not_applicable,google_merchant:atom:product_input:offerid,google_merchant:product_input:offerid,EXTERNAL_IDENTITY,Connector,merchant_offer_identity,ProductInput,string,product_input_resource,merchant_supplied,not_applicable,not_applicable,https://merchantapi.googleapis.com/$discovery/rest?version=products_v1#products_v1,not_applicable,PROVIDER_VERIFIED,"Google-local publication semantic; no cross-platform equivalence asserted."
bb8d53d214e16ca33d40f9e978d5a16ab014311931d2ffd649f649946198ad17,google-merchant-v1-36adda1ef65405e8,google_merchant,docs/data/google_merchant_products_v1_product_input_inventory.csv,9,5caffd6af52c3283dcd62e7dd6884cc6861480188dfe884d1033350402a44cdd,"Merchant Products v1",ProductInput,ProductInput,product,not_applicable,"classification=external_identity_or_transport;description=Output only. The name of the processed product. Format: `accounts/{account}/products/{product}`",not_applicable,google_merchant:atom:product_input:product,google_merchant:product_input:product,TRANSPORT_MECHANIC,Connector,resource_locator_or_encoding,ProductInput,string,resource_projection,system_or_request_mechanic,not_applicable,not_applicable,https://merchantapi.googleapis.com/$discovery/rest?version=products_v1#products_v1,not_applicable,PROVIDER_VERIFIED,"Google-local publication semantic; no cross-platform equivalence asserted."
a0146ed2b72d42079d848cf12b395d960a18732d387506e434e2951db12c6763,google-merchant-v1-36adda1ef65405e8,google_merchant,docs/data/google_merchant_products_v1_product_input_inventory.csv,10,98f5a4893caa47f318fc705d96052f281d1f8c5835f77ce4097ff69149939475,"Merchant Products v1",ProductInput,ProductInput,productAttributes,not_applicable,"classification=attribute_container;description=Optional. A list of strongly-typed product attributes.",not_applicable,google_merchant:atom:product_input:productattributes,google_merchant:product_input:productattributes,DOMAIN_CAPABILITY,Connector,submission_attribute_container,ProductInput,structured,product_input_container,submission_container,not_applicable,not_applicable,https://merchantapi.googleapis.com/$discovery/rest?version=products_v1#products_v1,not_applicable,PROVIDER_VERIFIED,"Google-local publication semantic; no cross-platform equivalence asserted."
4469e7d3926ffdbda2d35f30b89d15332dcf7c5926417e798d1eaee6c13af3d9,google-merchant-v1-36adda1ef65405e8,google_merchant,docs/data/google_merchant_products_v1_product_input_inventory.csv,11,f2942727019759adaec5a060a00f52b703d11e18b6091b19daf799997750234b,"Merchant Products v1",ProductInput,ProductInput,versionNumber,not_applicable,"classification=external_identity_or_transport;description=Optional. Immutable. Represents the existing version (freshness) of the product, which can be used to preserve the right order when multiple updates are done at the same time. If set, the insertion is prevented when version number is lower than the current version number of the existing product. Re-insertion (for example, product refresh after 30 days) can be performed with the current `version_number`. Only supported for insertions into primary data sources. Do not set this field for updates. Do not set this field for insertions into supplemental data sources. If the operation is prevented, the aborted exception will be thrown.",not_applicable,google_merchant:atom:product_input:versionnumber,google_merchant:product_input:versionnumber,TRANSPORT_MECHANIC,Connector,concurrency_version,ProductInput,string,resource_projection,conditional_insert_update,not_applicable,not_applicable,https://merchantapi.googleapis.com/$discovery/rest?version=products_v1#products_v1,not_applicable,PROVIDER_VERIFIED,"Google-local publication semantic; no cross-platform equivalence asserted."
