shopify_object,shopify_key_or_capability,entry_kind,cluster,api_version_scope,source_surface,read_semantics,write_semantics,platform_owner_candidate,representation_candidate,review_status
Product,availablePublicationsCount,derived_projection,publication_visibility,2026-07,admin_graphql_product,READ,read-only count/projection,Connector/channel publication,derived count,INITIAL_RESEARCH
Product,bundleComponents,structured_capability,bundle_composition,2026-07,admin_graphql_product,READ,write through bundle/component mutations,Product composition,bundle component relationship,INITIAL_RESEARCH
Product,bundleConsolidatedOptions,structured_capability,bundle_composition,2026-07,admin_graphql_product,READ,write through productBundleCreate/update surfaces,Product composition,consolidated option structure,INITIAL_RESEARCH
Product,category,connector_context,taxonomy_standard_category,2026-07,admin_graphql_product,READ,writable Product input category ID,Taxonomy/channel mapping,standard taxonomy node reference,INITIAL_RESEARCH
Product,collections,structured_capability,collections_relations,2026-07,admin_graphql_product,READ,write through collectionsToJoin/Leave and Collection mutations,Category/relations,collection membership,INITIAL_RESEARCH
Product,combinedListing,structured_capability,combined_listings,2026-07,admin_graphql_product,READ,feature-specific mutations; validate entitlement,Product family/composition,combined listing relationship,INITIAL_RESEARCH
Product,combinedListingRole,domain_value,combined_listings,2026-07,admin_graphql_product,READ,writable on create/set surfaces where feature permits,Product family/composition,combined listing role,INITIAL_RESEARCH
Product,compareAtPriceRange,derived_projection,pricing_base,2026-07,admin_graphql_product,READ,derived from variants; no direct Product write,Pricing,aggregate price range,INITIAL_RESEARCH
Product,contextualPricing,derived_projection,pricing_contextual_catalogs,2026-07,admin_graphql_product,READ,read projection; writes through catalogs/price lists,Pricing,contextual aggregate,INITIAL_RESEARCH
Product,createdAt,external_system_metadata,external_identity_metadata,2026-07,admin_graphql_product,READ,system-owned,Connector identity/metadata,remote timestamp,INITIAL_RESEARCH
Product,defaultCursor,external_system_metadata,external_identity_metadata,2026-07,admin_graphql_product,READ,system-owned,Connector pagination,cursor,INITIAL_RESEARCH
Product,description,derived_projection,product_content,2026-07,admin_graphql_product,READ,derived plain-text representation; canonical write via descriptionHtml,Product fields,plain text projection,INITIAL_RESEARCH
Product,descriptionHtml,semantic_field,product_content,2026-07,admin_graphql_product,READ,writable Product create/update,Product fields,rich description,INITIAL_RESEARCH
Product,events,derived_projection,event_history,2026-07,admin_graphql_product,READ,system event stream,Connector audit metadata,event connection,INITIAL_RESEARCH
Product,featuredMedia,derived_projection,media,2026-07,admin_graphql_product,READ,derived chosen media,Media,featured-media projection,INITIAL_RESEARCH
Product,feedback,derived_projection,restrictions_feedback,2026-07,admin_graphql_product,READ,system/app feedback,Connector readiness,feedback projection,INITIAL_RESEARCH
Product,giftCardSettings,structured_capability,gift_card_product,2026-07,admin_graphql_product,READ,gift-card specific mutation/input; validate field semantics,Product/gift-card capability,gift-card settings,INITIAL_RESEARCH
Product,giftCardTemplateSuffix,connector_context,gift_card_product,2026-07,admin_graphql_product,READ,writable Product input,Channel presentation,gift-card template,INITIAL_RESEARCH
Product,handle,connector_context,seo_routing,2026-07,admin_graphql_product,READ,writable Product input; redirectNewHandle controls redirect,Connector/channel routing,Shopify slug/handle,INITIAL_RESEARCH
Product,hasOnlyDefaultVariant,derived_projection,variant_options,2026-07,admin_graphql_product,READ,derived,Product variants,default-variant projection,INITIAL_RESEARCH
Product,hasOutOfStockVariants,derived_projection,inventory_locations_quantities,2026-07,admin_graphql_product,READ,derived,Inventory,aggregate availability projection,INITIAL_RESEARCH
Product,hasVariantsThatRequiresComponents,derived_projection,bundle_composition,2026-07,admin_graphql_product,READ,derived from variants,Product composition,bundle requirement aggregate,INITIAL_RESEARCH
Product,id,external_system_metadata,external_identity_metadata,2026-07,admin_graphql_product,READ,system-owned GID,External identity,Shopify GID,INITIAL_RESEARCH
Product,inCollection,derived_projection,collections_relations,2026-07,admin_graphql_product,READ,read query helper,Category/relations,membership query projection,INITIAL_RESEARCH
Product,isGiftCard,derived_projection,gift_card_product,2026-07,admin_graphql_product,READ,derived/type indicator; create via giftCard input,Product/gift-card capability,gift-card type projection,INITIAL_RESEARCH
Product,legacyResourceId,external_system_metadata,external_identity_metadata,2026-07,admin_graphql_product,READ,system-owned,External identity,legacy numeric ID,INITIAL_RESEARCH
Product,media,structured_capability,media,2026-07,admin_graphql_product,READ,write through media/variant association mutations,Media,Product media relationship,INITIAL_RESEARCH
Product,mediaCount,derived_projection,media,2026-07,admin_graphql_product,READ,read-only count,Media,derived count,INITIAL_RESEARCH
Product,metafield,structured_capability,dynamic_metafields,2026-07,admin_graphql_product,READ,write via metafieldsSet/owner mutations,Field Dictionary / connector schema,single dynamic field lookup,INITIAL_RESEARCH
Product,metafields,structured_capability,dynamic_metafields,2026-07,admin_graphql_product,READ,write via metafieldsSet/owner mutations,Field Dictionary / connector schema,dynamic field collection,INITIAL_RESEARCH
Product,onlineStorePreviewUrl,derived_projection,seo_routing,2026-07,admin_graphql_product,READ,system-derived,Channel presentation,preview URL,INITIAL_RESEARCH
Product,onlineStoreUrl,derived_projection,seo_routing,2026-07,admin_graphql_product,READ,system-derived from handle/domain,Channel presentation,absolute URL projection,INITIAL_RESEARCH
Product,options,structured_capability,variant_options,2026-07,admin_graphql_product,READ,write via Product options mutations,Product variants/options,option dimension collection,INITIAL_RESEARCH
Product,priceRangeV2,derived_projection,pricing_base,2026-07,admin_graphql_product,READ,derived from variant prices,Pricing,aggregate price range,INITIAL_RESEARCH
Product,productComponents,structured_capability,bundle_composition,2026-07,admin_graphql_product,READ,write through bundle relations,Product composition,component relationship,INITIAL_RESEARCH
Product,productComponentsCount,derived_projection,bundle_composition,2026-07,admin_graphql_product,READ,read-only count,Product composition,derived count,INITIAL_RESEARCH
Product,productParents,structured_capability,bundle_composition,2026-07,admin_graphql_product,READ,write through owning bundle relation,Product composition,reverse component relation,INITIAL_RESEARCH
Product,productType,semantic_field,merchant_classification,2026-07,admin_graphql_product,READ,writable Product input,Product fields/classification,merchant-defined type,INITIAL_RESEARCH
Product,publishedAt,derived_projection,publication_visibility,2026-07,admin_graphql_product,READ,publication-system controlled,Connector/channel publication,publication timestamp,INITIAL_RESEARCH
Product,publishedInContext,derived_projection,publication_visibility,2026-07,admin_graphql_product,READ,read query helper; writes through publication,Connector/channel publication,context visibility projection,INITIAL_RESEARCH
Product,publishedOnPublication,derived_projection,publication_visibility,2026-07,admin_graphql_product,READ,read helper; writes through publishablePublish/unpublish,Connector/channel publication,publication visibility projection,INITIAL_RESEARCH
Product,requiresSellingPlan,domain_value,selling_plans_purchase_options,2026-07,admin_graphql_product,READ,writable Product input,Purchase options,selling-plan-only policy,INITIAL_RESEARCH
Product,resourcePublications,structured_capability,publication_visibility,2026-07,admin_graphql_product,READ,write via publication mutations,Connector/channel publication,resource-publication relationship,INITIAL_RESEARCH
Product,resourcePublicationsCount,derived_projection,publication_visibility,2026-07,admin_graphql_product,READ,read-only count,Connector/channel publication,derived count,INITIAL_RESEARCH
Product,resourcePublicationsV2,structured_capability,publication_visibility,2026-07,admin_graphql_product,READ,write via publication mutations,Connector/channel publication,resource-publication relationship,INITIAL_RESEARCH
Product,restrictedForResource,derived_projection,restrictions_feedback,2026-07,admin_graphql_product,READ,system restriction projection,Connector readiness,restriction reasons,INITIAL_RESEARCH
Product,sellingPlanGroups,structured_capability,selling_plans_purchase_options,2026-07,admin_graphql_product,READ,write through selling-plan mutations,Purchase options,selling plan relationship,INITIAL_RESEARCH
Product,sellingPlanGroupsCount,derived_projection,selling_plans_purchase_options,2026-07,admin_graphql_product,READ,read-only count,Purchase options,derived count,INITIAL_RESEARCH
Product,seo,structured_capability,seo_routing,2026-07,admin_graphql_product,READ,writable SEOInput,Product fields/channel SEO,SEO title/description object,INITIAL_RESEARCH
Product,status,semantic_field,product_identity_lifecycle,2026-07,admin_graphql_product,READ,writable Product input,Product lifecycle,Shopify ProductStatus,INITIAL_RESEARCH
Product,tags,semantic_field,merchant_classification,2026-07,admin_graphql_product,READ,writable Product input,Product classification,merchant tags,INITIAL_RESEARCH
Product,templateSuffix,connector_context,presentation_template,2026-07,admin_graphql_product,READ,writable Product input,Channel presentation,theme template selector,INITIAL_RESEARCH
Product,title,semantic_field,product_content,2026-07,admin_graphql_product,READ,writable Product input,Product fields,product name/title,INITIAL_RESEARCH
Product,totalInventory,derived_projection,inventory_locations_quantities,2026-07,admin_graphql_product,READ,derived aggregate,Inventory,aggregate inventory,INITIAL_RESEARCH
Product,tracksInventory,derived_projection,inventory_item,2026-07,admin_graphql_product,READ,derived from variants/items,Inventory,aggregate tracking state,INITIAL_RESEARCH
Product,translations,structured_capability,markets_localization,2026-07,admin_graphql_product,READ,write via translationsRegister,Localization,localized values,INITIAL_RESEARCH
Product,unpublishedPublications,structured_capability,publication_visibility,2026-07,admin_graphql_product,READ,write via publish/unpublish,Connector/channel publication,unpublished publication relation,INITIAL_RESEARCH
Product,updatedAt,external_system_metadata,external_identity_metadata,2026-07,admin_graphql_product,READ,system-owned,Connector metadata,remote timestamp,INITIAL_RESEARCH
Product,variants,structured_capability,variant_identity,2026-07,admin_graphql_product,READ,write via variant bulk/set mutations,ProductVariant,variant collection,INITIAL_RESEARCH
Product,variantsCount,derived_projection,variant_identity,2026-07,admin_graphql_product,READ,read-only count,ProductVariant,derived count,INITIAL_RESEARCH
Product,variantsInCollection,derived_projection,collections_relations,2026-07,admin_graphql_product,READ,query projection,Category/relations,collection-filtered variants,INITIAL_RESEARCH
Product,variantsInCollectionCount,derived_projection,collections_relations,2026-07,admin_graphql_product,READ,read-only count,Category/relations,derived count,INITIAL_RESEARCH
Product,vendor,semantic_field,product_content,2026-07,admin_graphql_product,READ,writable Product input,Product fields,vendor/brand-like external field,INITIAL_RESEARCH
ProductVariant,availableForSale,derived_projection,inventory_locations_quantities,2026-07,admin_graphql_variant,READ,read-only storefront/admin availability aggregate,Inventory,availability projection,INITIAL_RESEARCH
ProductVariant,availablePublicationsCount,derived_projection,publication_visibility,2026-07,admin_graphql_variant,READ,read-only count,Connector/channel publication,derived count,INITIAL_RESEARCH
ProductVariant,barcode,semantic_field,variant_identity,2026-07,admin_graphql_variant,READ,writable ProductVariantsBulkInput,ProductVariant fields,barcode/GTIN candidate,INITIAL_RESEARCH
ProductVariant,compareAtPrice,domain_value,pricing_base,2026-07,admin_graphql_variant,READ,writable ProductVariantsBulkInput,Pricing,compare-at price,INITIAL_RESEARCH
ProductVariant,contextualPricing,derived_projection,pricing_contextual_catalogs,2026-07,admin_graphql_variant,READ,writes through Catalog/PriceList,Pricing,contextual pricing projection,INITIAL_RESEARCH
ProductVariant,createdAt,external_system_metadata,external_identity_metadata,2026-07,admin_graphql_variant,READ,system-owned,Connector metadata,remote timestamp,INITIAL_RESEARCH
ProductVariant,defaultCursor,external_system_metadata,external_identity_metadata,2026-07,admin_graphql_variant,READ,system-owned,Connector pagination,cursor,INITIAL_RESEARCH
ProductVariant,deliveryProfile,connector_context,delivery_profiles,2026-07,admin_graphql_variant,READ,write via delivery profile assignment mutations,Fulfillment/shipping,delivery profile reference,INITIAL_RESEARCH
ProductVariant,displayName,derived_projection,variant_identity,2026-07,admin_graphql_variant,READ,derived,ProductVariant,display-name projection,INITIAL_RESEARCH
ProductVariant,events,derived_projection,event_history,2026-07,admin_graphql_variant,READ,system event stream,Connector audit metadata,event connection,INITIAL_RESEARCH
ProductVariant,id,external_system_metadata,external_identity_metadata,2026-07,admin_graphql_variant,READ,system-owned GID,External identity,Shopify GID,INITIAL_RESEARCH
ProductVariant,inventoryItem,structured_capability,inventory_item,2026-07,admin_graphql_variant,READ,writable nested InventoryItemInput / inventoryItemUpdate,Inventory/logistics/customs,inventory item relationship,INITIAL_RESEARCH
ProductVariant,inventoryPolicy,domain_value,inventory_item,2026-07,admin_graphql_variant,READ,writable ProductVariantsBulkInput,Availability/order policy,continue/deny out-of-stock policy,INITIAL_RESEARCH
ProductVariant,inventoryQuantity,derived_projection,inventory_locations_quantities,2026-07,admin_graphql_variant,READ,derived aggregate,Inventory,quantity projection,INITIAL_RESEARCH
ProductVariant,legacyResourceId,external_system_metadata,external_identity_metadata,2026-07,admin_graphql_variant,READ,system-owned,External identity,legacy numeric ID,INITIAL_RESEARCH
ProductVariant,media,structured_capability,media,2026-07,admin_graphql_variant,READ,associate through variant bulk/media mutations,Media,variant media relationship,INITIAL_RESEARCH
ProductVariant,metafield,structured_capability,dynamic_metafields,2026-07,admin_graphql_variant,READ,write via metafieldsSet/variant input,Field Dictionary / connector schema,single dynamic field,INITIAL_RESEARCH
ProductVariant,metafields,structured_capability,dynamic_metafields,2026-07,admin_graphql_variant,READ,write via metafieldsSet/variant input,Field Dictionary / connector schema,dynamic fields,INITIAL_RESEARCH
ProductVariant,position,domain_value,variant_identity,2026-07,admin_graphql_variant,READ,mutation-specific ordering; verify supported setter,Product variants/options,variant order,INITIAL_RESEARCH
ProductVariant,price,domain_value,pricing_base,2026-07,admin_graphql_variant,READ,writable ProductVariantsBulkInput,Pricing,base variant price,INITIAL_RESEARCH
ProductVariant,product,structured_capability,variant_identity,2026-07,admin_graphql_variant,READ,parent relation; system relationship,Product/ProductVariant,parent Product,INITIAL_RESEARCH
ProductVariant,productParents,structured_capability,bundle_composition,2026-07,admin_graphql_variant,READ,write through component relationships,Product composition,reverse parent relation,INITIAL_RESEARCH
ProductVariant,productVariantComponents,structured_capability,bundle_composition,2026-07,admin_graphql_variant,READ,write via productVariantRelationshipBulkUpdate,Product composition,variant bundle components,INITIAL_RESEARCH
ProductVariant,publishedOnPublication,derived_projection,publication_visibility,2026-07,admin_graphql_variant,READ,read; 2026-07 variant publication writes via Publishable,Connector/channel publication,variant publication projection,INITIAL_RESEARCH
ProductVariant,requiresComponents,domain_value,bundle_composition,2026-07,admin_graphql_variant,READ,writable ProductVariantsBulkInput,Product composition,bundle-parent requirement,INITIAL_RESEARCH
ProductVariant,resourcePublications,structured_capability,publication_visibility,2026-07,admin_graphql_variant,READ,variant Publishable relation in 2026-07,Connector/channel publication,variant publication relationship,INITIAL_RESEARCH
ProductVariant,resourcePublicationsCount,derived_projection,publication_visibility,2026-07,admin_graphql_variant,READ,read-only count,Connector/channel publication,derived count,INITIAL_RESEARCH
ProductVariant,resourcePublicationsV2,structured_capability,publication_visibility,2026-07,admin_graphql_variant,READ,variant Publishable relation in 2026-07,Connector/channel publication,variant publication relationship,INITIAL_RESEARCH
ProductVariant,selectedOptions,structured_capability,variant_options,2026-07,admin_graphql_variant,READ,write via optionValues input,Product variants/options,selected dimension values,INITIAL_RESEARCH
ProductVariant,sellableOnlineQuantity,derived_projection,inventory_locations_quantities,2026-07,admin_graphql_variant,READ,derived online sellable aggregate,Inventory,sellable quantity projection,INITIAL_RESEARCH
ProductVariant,sellingPlanGroups,structured_capability,selling_plans_purchase_options,2026-07,admin_graphql_variant,READ,write through selling-plan mutations,Purchase options,selling plan relationship,INITIAL_RESEARCH
ProductVariant,sellingPlanGroupsCount,derived_projection,selling_plans_purchase_options,2026-07,admin_graphql_variant,READ,read-only count,Purchase options,derived count,INITIAL_RESEARCH
ProductVariant,showUnitPrice,domain_value,pricing_base,2026-07,admin_graphql_variant,READ,writable ProductVariantsBulkInput,Pricing/presentation,unit-price display policy,INITIAL_RESEARCH
ProductVariant,sku,semantic_field,variant_identity,2026-07,admin_graphql_variant,READ,writable through InventoryItemInput nested in variant mutations / inventoryItemUpdate,ProductVariant identity,SKU,INITIAL_RESEARCH
ProductVariant,taxable,domain_value,tax_fulfillment,2026-07,admin_graphql_variant,READ,writable ProductVariantsBulkInput,Tax/fulfillment,taxability,INITIAL_RESEARCH
ProductVariant,title,derived_projection,variant_options,2026-07,admin_graphql_variant,READ,derived from options,Product variants/options,variant title projection,INITIAL_RESEARCH
ProductVariant,translations,structured_capability,markets_localization,2026-07,admin_graphql_variant,READ,write via translationsRegister where translatable,Localization,localized variant content,INITIAL_RESEARCH
ProductVariant,unitPrice,derived_projection,pricing_base,2026-07,admin_graphql_variant,READ,derived from price + measurement,Pricing,unit price projection,INITIAL_RESEARCH
ProductVariant,unitPriceMeasurement,structured_capability,pricing_base,2026-07,admin_graphql_variant,READ,writable ProductVariantsBulkInput,Pricing/measurement,unit price measurement,INITIAL_RESEARCH
ProductVariant,unpublishedPublications,structured_capability,publication_visibility,2026-07,admin_graphql_variant,READ,write via Publishable in 2026-07,Connector/channel publication,unpublished relation,INITIAL_RESEARCH
ProductVariant,updatedAt,external_system_metadata,external_identity_metadata,2026-07,admin_graphql_variant,READ,system-owned,Connector metadata,remote timestamp,INITIAL_RESEARCH
ProductOption,id,external_system_metadata,variant_options,2026-07,admin_graphql_options,READ,WRITE via productOptionsCreate/Update/Delete/Reorder where applicable,Product variants/options,option GID,INITIAL_RESEARCH
ProductOption,linkedMetafield,schema_metadata,variant_options,2026-07,admin_graphql_options,READ,WRITE via productOptionsCreate/Update/Delete/Reorder where applicable,Product variants/options,taxonomy/metafield-backed option definition,INITIAL_RESEARCH
ProductOption,name,schema_metadata,variant_options,2026-07,admin_graphql_options,READ,WRITE via productOptionsCreate/Update/Delete/Reorder where applicable,Product variants/options,option dimension name,INITIAL_RESEARCH
ProductOption,optionValues,structured_capability,variant_options,2026-07,admin_graphql_options,READ,WRITE via productOptionsCreate/Update/Delete/Reorder where applicable,Product variants/options,option value identities,INITIAL_RESEARCH
ProductOption,position,schema_metadata,variant_options,2026-07,admin_graphql_options,READ,WRITE via productOptionsCreate/Update/Delete/Reorder where applicable,Product variants/options,dimension ordering,INITIAL_RESEARCH
ProductOption,translations,structured_capability,variant_options,2026-07,admin_graphql_options,READ,WRITE via productOptionsCreate/Update/Delete/Reorder where applicable,Product variants/options,localized option labels,INITIAL_RESEARCH
ProductOption,values,derived_projection,variant_options,2026-07,admin_graphql_options,READ,WRITE via productOptionsCreate/Update/Delete/Reorder where applicable,Product variants/options,string values projection,INITIAL_RESEARCH
ProductOptionValue,hasVariants,derived_projection,variant_options,2026-07,admin_graphql_options,READ,WRITE via option mutations where applicable,Product variants/options,usage projection,INITIAL_RESEARCH
ProductOptionValue,id,external_system_metadata,variant_options,2026-07,admin_graphql_options,READ,WRITE via option mutations where applicable,Product variants/options,option-value GID,INITIAL_RESEARCH
ProductOptionValue,linkedMetafieldValue,schema_metadata,variant_options,2026-07,admin_graphql_options,READ,WRITE via option mutations where applicable,Product variants/options,linked taxonomy/metaobject value identity,INITIAL_RESEARCH
ProductOptionValue,name,schema_metadata,variant_options,2026-07,admin_graphql_options,READ,WRITE via option mutations where applicable,Product variants/options,option value label,INITIAL_RESEARCH
ProductOptionValue,swatch,structured_capability,variant_options,2026-07,admin_graphql_options,READ,WRITE via option mutations where applicable,Product variants/options,color/image swatch representation,INITIAL_RESEARCH
ProductOptionValue,translations,structured_capability,variant_options,2026-07,admin_graphql_options,READ,WRITE via option mutations where applicable,Product variants/options,localized value label,INITIAL_RESEARCH
InventoryItem,countryCodeOfOrigin,semantic_field,shipping_customs,2026-07,admin_graphql_inventory,READ,writable InventoryItemInput,Product logistics/customs,ISO origin country,INITIAL_RESEARCH
InventoryItem,countryHarmonizedSystemCodes,structured_capability,shipping_customs,2026-07,admin_graphql_inventory,READ,writable InventoryItemInput,Product logistics/customs,country-specific HS codes,INITIAL_RESEARCH
InventoryItem,createdAt,external_system_metadata,external_identity_metadata,2026-07,admin_graphql_inventory,READ,system-owned,Connector metadata,timestamp,INITIAL_RESEARCH
InventoryItem,duplicateSkuCount,derived_projection,inventory_item,2026-07,admin_graphql_inventory,READ,read-only,Connector readiness,duplicate SKU diagnostic,INITIAL_RESEARCH
InventoryItem,harmonizedSystemCode,semantic_field,shipping_customs,2026-07,admin_graphql_inventory,READ,writable InventoryItemInput,Product logistics/customs,HS code,INITIAL_RESEARCH
InventoryItem,id,external_system_metadata,external_identity_metadata,2026-07,admin_graphql_inventory,READ,system-owned,External identity,InventoryItem GID,INITIAL_RESEARCH
InventoryItem,inventoryHistoryUrl,derived_projection,inventory_item,2026-07,admin_graphql_inventory,READ,read-only,Connector/admin presentation,history URL,INITIAL_RESEARCH
InventoryItem,inventoryLevel,structured_capability,inventory_locations_quantities,2026-07,admin_graphql_inventory,READ,write via inventory activation/quantity mutations,Inventory,location-specific level lookup,INITIAL_RESEARCH
InventoryItem,inventoryLevels,structured_capability,inventory_locations_quantities,2026-07,admin_graphql_inventory,READ,write via inventory activation/quantity mutations,Inventory,location-specific levels,INITIAL_RESEARCH
InventoryItem,legacyResourceId,external_system_metadata,external_identity_metadata,2026-07,admin_graphql_inventory,READ,system-owned,External identity,legacy numeric ID,INITIAL_RESEARCH
InventoryItem,locationsCount,derived_projection,inventory_locations_quantities,2026-07,admin_graphql_inventory,READ,read-only count,Inventory,derived count,INITIAL_RESEARCH
InventoryItem,measurement,structured_capability,shipping_customs,2026-07,admin_graphql_inventory,READ,writable InventoryItemInput,Product logistics/measurement,physical measurement,INITIAL_RESEARCH
InventoryItem,provinceCodeOfOrigin,semantic_field,shipping_customs,2026-07,admin_graphql_inventory,READ,writable InventoryItemInput,Product logistics/customs,origin subdivision,INITIAL_RESEARCH
InventoryItem,requiresShipping,semantic_field,shipping_customs,2026-07,admin_graphql_inventory,READ,writable InventoryItemInput,Fulfillment,physical-shipping requirement,INITIAL_RESEARCH
InventoryItem,sku,semantic_field,variant_identity,2026-07,admin_graphql_inventory,READ,writable InventoryItemInput,ProductVariant identity,SKU,INITIAL_RESEARCH
InventoryItem,tracked,domain_value,inventory_item,2026-07,admin_graphql_inventory,READ,writable InventoryItemInput,Inventory,tracking policy,INITIAL_RESEARCH
InventoryItem,trackedEditable,derived_projection,inventory_item,2026-07,admin_graphql_inventory,READ,system capability projection,Inventory,editability projection,INITIAL_RESEARCH
InventoryItem,unitCost,domain_value,pricing_base,2026-07,admin_graphql_inventory,READ,writable as InventoryItemInput.cost,Pricing/internal cost,unit cost,INITIAL_RESEARCH
InventoryItem,updatedAt,external_system_metadata,external_identity_metadata,2026-07,admin_graphql_inventory,READ,system-owned,Connector metadata,timestamp,INITIAL_RESEARCH
InventoryItem,variants,structured_capability,variant_identity,2026-07,admin_graphql_inventory,READ,relationship/system-owned,ProductVariant,variants sharing inventory item where represented,INITIAL_RESEARCH
InventoryLevel,canDeactivate,derived_projection,inventory_locations_quantities,2026-07,admin_graphql_inventory,READ,read-only,Inventory,deactivation capability,INITIAL_RESEARCH
InventoryLevel,createdAt,external_system_metadata,inventory_locations_quantities,2026-07,admin_graphql_inventory,READ,system-owned,Inventory,timestamp,INITIAL_RESEARCH
InventoryLevel,deactivationAlert,derived_projection,inventory_locations_quantities,2026-07,admin_graphql_inventory,READ,read-only,Inventory,deactivation warning,INITIAL_RESEARCH
InventoryLevel,id,external_system_metadata,inventory_locations_quantities,2026-07,admin_graphql_inventory,READ,system-owned,Inventory,level GID,INITIAL_RESEARCH
InventoryLevel,isActive,domain_value,inventory_locations_quantities,2026-07,admin_graphql_inventory,READ,write via inventoryActivate/inventoryDeactivate,Inventory,location activation,INITIAL_RESEARCH
InventoryLevel,item,structured_capability,inventory_locations_quantities,2026-07,admin_graphql_inventory,READ,relationship/system-owned,Inventory,InventoryItem relation,INITIAL_RESEARCH
InventoryLevel,location,connector_context,inventory_locations_quantities,2026-07,admin_graphql_inventory,READ,relationship; location is remote context,Inventory,Shopify Location identity,INITIAL_RESEARCH
InventoryLevel,quantities,structured_capability,inventory_locations_quantities,2026-07,admin_graphql_inventory,READ,write via inventoryAdjustQuantities/inventorySetQuantities,Inventory,named quantity states,INITIAL_RESEARCH
InventoryLevel,updatedAt,external_system_metadata,inventory_locations_quantities,2026-07,admin_graphql_inventory,READ,system-owned,Inventory,timestamp,INITIAL_RESEARCH
InventoryLevel,scheduledChanges,derived_projection,inventory_locations_quantities,2026-07,admin_graphql_inventory,READ,deprecated/read-only,Inventory,deprecated scheduled changes,INITIAL_RESEARCH
Metafield,compareDigest,external_system_metadata,dynamic_metafields,2026-07,admin_graphql_metafields,READ,optimistic concurrency token for metafieldsSet,Field Dictionary / connector schema,compare digest,INITIAL_RESEARCH
Metafield,createdAt,external_system_metadata,external_identity_metadata,2026-07,admin_graphql_metafields,READ,system-owned,Field Dictionary / connector schema,timestamp,INITIAL_RESEARCH
Metafield,definition,schema_metadata,dynamic_metafields,2026-07,admin_graphql_metafields,READ,schema relation,Field Dictionary / connector schema,definition reference,INITIAL_RESEARCH
Metafield,id,external_system_metadata,external_identity_metadata,2026-07,admin_graphql_metafields,READ,system-owned,Field Dictionary / connector schema,metafield GID,INITIAL_RESEARCH
Metafield,jsonValue,derived_projection,dynamic_metafields,2026-07,admin_graphql_metafields,READ,value write through string-encoded typed input,Field Dictionary / connector schema,JSON-parsed value projection,INITIAL_RESEARCH
Metafield,key,schema_metadata,dynamic_metafields,2026-07,admin_graphql_metafields,READ,immutable identity after creation,Field Dictionary / connector schema,field key,INITIAL_RESEARCH
Metafield,legacyResourceId,external_system_metadata,external_identity_metadata,2026-07,admin_graphql_metafields,READ,system-owned,Field Dictionary / connector schema,legacy ID,INITIAL_RESEARCH
Metafield,namespace,schema_metadata,dynamic_metafields,2026-07,admin_graphql_metafields,READ,identity/ownership namespace,Field Dictionary / connector schema,namespace,INITIAL_RESEARCH
Metafield,owner,structured_capability,dynamic_metafields,2026-07,admin_graphql_metafields,READ,owner relationship,Field Dictionary / connector schema,owner reference,INITIAL_RESEARCH
Metafield,ownerType,schema_metadata,dynamic_metafields,2026-07,admin_graphql_metafields,READ,derived from owner; definition controls scope,Field Dictionary / connector schema,owner resource type,INITIAL_RESEARCH
Metafield,reference,structured_capability,dynamic_metafields,2026-07,admin_graphql_metafields,READ,write typed reference value,Field Dictionary / connector schema,single reference,INITIAL_RESEARCH
Metafield,references,structured_capability,dynamic_metafields,2026-07,admin_graphql_metafields,READ,write typed list reference value,Field Dictionary / connector schema,reference collection,INITIAL_RESEARCH
Metafield,sizeInBytes,derived_projection,dynamic_metafields,2026-07,admin_graphql_metafields,READ,read-only,Field Dictionary / connector schema,size projection,INITIAL_RESEARCH
Metafield,translations,structured_capability,markets_localization,2026-07,admin_graphql_metafields,READ,translationsRegister when publicly accessible,Field Dictionary / connector schema,localized metafield value,INITIAL_RESEARCH
Metafield,type,schema_metadata,dynamic_metafields,2026-07,admin_graphql_metafields,READ,set on creation/definition; constrained type,Field Dictionary / connector schema,metafield type,INITIAL_RESEARCH
Metafield,updatedAt,external_system_metadata,external_identity_metadata,2026-07,admin_graphql_metafields,READ,system-owned,Field Dictionary / connector schema,timestamp,INITIAL_RESEARCH
Metafield,value,semantic_field,dynamic_metafields,2026-07,admin_graphql_metafields,READ,writable metafieldsSet/owner mutation,Field Dictionary / connector schema,typed string representation,INITIAL_RESEARCH
MetafieldDefinition,access,schema_metadata,dynamic_metafields,2026-07,admin_graphql_metafields,READ,definition create/update,Connector schema / Field Dictionary comparison,access policy,INITIAL_RESEARCH
MetafieldDefinition,capabilities,schema_metadata,dynamic_metafields,2026-07,admin_graphql_metafields,READ,definition create/update where supported,Connector schema / Field Dictionary comparison,definition capabilities,INITIAL_RESEARCH
MetafieldDefinition,constraints,schema_metadata,dynamic_metafields,2026-07,admin_graphql_metafields,READ,definition constraints,Connector schema / Field Dictionary comparison,constraints,INITIAL_RESEARCH
MetafieldDefinition,description,schema_metadata,dynamic_metafields,2026-07,admin_graphql_metafields,READ,definition create/update,Connector schema / Field Dictionary comparison,human description,INITIAL_RESEARCH
MetafieldDefinition,id,external_system_metadata,dynamic_metafields,2026-07,admin_graphql_metafields,READ,system-owned,Connector schema / Field Dictionary comparison,definition GID,INITIAL_RESEARCH
MetafieldDefinition,key,schema_metadata,dynamic_metafields,2026-07,admin_graphql_metafields,READ,definition identity; immutable constraints apply,Connector schema / Field Dictionary comparison,field key,INITIAL_RESEARCH
MetafieldDefinition,metafields,structured_capability,dynamic_metafields,2026-07,admin_graphql_metafields,READ,values written separately,Connector schema / Field Dictionary comparison,bound values,INITIAL_RESEARCH
MetafieldDefinition,metafieldsCount,derived_projection,dynamic_metafields,2026-07,admin_graphql_metafields,READ,read-only,Connector schema / Field Dictionary comparison,count,INITIAL_RESEARCH
MetafieldDefinition,name,schema_metadata,dynamic_metafields,2026-07,admin_graphql_metafields,READ,definition create/update,Connector schema / Field Dictionary comparison,field name,INITIAL_RESEARCH
MetafieldDefinition,namespace,schema_metadata,dynamic_metafields,2026-07,admin_graphql_metafields,READ,definition identity/ownership,Connector schema / Field Dictionary comparison,namespace,INITIAL_RESEARCH
MetafieldDefinition,ownerType,schema_metadata,dynamic_metafields,2026-07,admin_graphql_metafields,READ,definition create; owner-scoped,Connector schema / Field Dictionary comparison,owner resource type,INITIAL_RESEARCH
MetafieldDefinition,pinnedPosition,schema_metadata,dynamic_metafields,2026-07,admin_graphql_metafields,READ,definition pin mutations,Connector schema / Field Dictionary comparison,admin position,INITIAL_RESEARCH
MetafieldDefinition,standardTemplate,schema_metadata,dynamic_metafields,2026-07,admin_graphql_metafields,READ,enable standard definition,Connector schema / Field Dictionary comparison,standard definition reference,INITIAL_RESEARCH
MetafieldDefinition,type,schema_metadata,dynamic_metafields,2026-07,admin_graphql_metafields,READ,definition create/update constraints,Connector schema / Field Dictionary comparison,data type,INITIAL_RESEARCH
MetafieldDefinition,useAsCollectionCondition,schema_metadata,dynamic_metafields,2026-07,admin_graphql_metafields,READ,definition/config capability,Connector schema / Field Dictionary comparison,collection rule eligibility,INITIAL_RESEARCH
MetafieldDefinition,validations,schema_metadata,dynamic_metafields,2026-07,admin_graphql_metafields,READ,definition create/update,Connector schema / Field Dictionary comparison,validations,INITIAL_RESEARCH
MetafieldDefinition,validationStatus,derived_projection,dynamic_metafields,2026-07,admin_graphql_metafields,READ,read-only,Connector schema / Field Dictionary comparison,validation status,INITIAL_RESEARCH
Metaobject,capabilities,schema_metadata,metaobject_structures,2026-07,admin_graphql_metaobjects,READ,metaobject upsert where enabled,Structured custom data / connector schema,capability states,INITIAL_RESEARCH
Metaobject,createdAt,external_system_metadata,metaobject_structures,2026-07,admin_graphql_metaobjects,READ,system-owned,Structured custom data / connector schema,timestamp,INITIAL_RESEARCH
Metaobject,createdBy,external_system_metadata,metaobject_structures,2026-07,admin_graphql_metaobjects,READ,system-owned,Structured custom data / connector schema,creator identity,INITIAL_RESEARCH
Metaobject,createdByApp,external_system_metadata,metaobject_structures,2026-07,admin_graphql_metaobjects,READ,system-owned,Structured custom data / connector schema,creator app,INITIAL_RESEARCH
Metaobject,createdByStaff,external_system_metadata,metaobject_structures,2026-07,admin_graphql_metaobjects,READ,system-owned,Structured custom data / connector schema,creator staff,INITIAL_RESEARCH
Metaobject,definition,schema_metadata,metaobject_structures,2026-07,admin_graphql_metaobjects,READ,type/definition-owned,Structured custom data / connector schema,definition relation,INITIAL_RESEARCH
Metaobject,displayName,derived_projection,metaobject_structures,2026-07,admin_graphql_metaobjects,READ,derived,Structured custom data / connector schema,display name,INITIAL_RESEARCH
Metaobject,field,structured_capability,metaobject_structures,2026-07,admin_graphql_metaobjects,READ,write via field values,Structured custom data / connector schema,single field lookup,INITIAL_RESEARCH
Metaobject,fields,structured_capability,metaobject_structures,2026-07,admin_graphql_metaobjects,READ,write via upsert fields/values,Structured custom data / connector schema,structured fields,INITIAL_RESEARCH
Metaobject,handle,external_system_metadata,metaobject_structures,2026-07,admin_graphql_metaobjects,READ,write via upsert,Structured custom data / connector schema,entry handle,INITIAL_RESEARCH
Metaobject,id,external_system_metadata,metaobject_structures,2026-07,admin_graphql_metaobjects,READ,system-owned,Structured custom data / connector schema,metaobject GID,INITIAL_RESEARCH
Metaobject,referencedBy,derived_projection,metaobject_structures,2026-07,admin_graphql_metaobjects,READ,read-only reverse references,Structured custom data / connector schema,reverse reference projection,INITIAL_RESEARCH
Metaobject,thumbnailField,derived_projection,metaobject_structures,2026-07,admin_graphql_metaobjects,READ,definition/rendering controlled,Structured custom data / connector schema,thumbnail projection,INITIAL_RESEARCH
Metaobject,type,schema_metadata,metaobject_structures,2026-07,admin_graphql_metaobjects,READ,definition-owned,Structured custom data / connector schema,metaobject type,INITIAL_RESEARCH
Metaobject,updatedAt,external_system_metadata,metaobject_structures,2026-07,admin_graphql_metaobjects,READ,system-owned,Structured custom data / connector schema,timestamp,INITIAL_RESEARCH
Metaobject,values,structured_capability,metaobject_structures,2026-07,admin_graphql_metaobjects,READ,full-replacement JSON alternative in metaobjectUpsert,Structured custom data / connector schema,JSON field-value object,INITIAL_RESEARCH
MetaobjectDefinition,access,schema_metadata,metaobject_structures,2026-07,admin_graphql_metaobjects,READ,definition create/update,Structured custom data / connector schema,access policy,INITIAL_RESEARCH
MetaobjectDefinition,capabilities,schema_metadata,metaobject_structures,2026-07,admin_graphql_metaobjects,READ,definition create/update,Structured custom data / connector schema,capabilities,INITIAL_RESEARCH
MetaobjectDefinition,createdAt,external_system_metadata,metaobject_structures,2026-07,admin_graphql_metaobjects,READ,system-owned,Structured custom data / connector schema,timestamp,INITIAL_RESEARCH
MetaobjectDefinition,createdByApp,external_system_metadata,metaobject_structures,2026-07,admin_graphql_metaobjects,READ,system-owned,Structured custom data / connector schema,creator app,INITIAL_RESEARCH
MetaobjectDefinition,createdByStaff,external_system_metadata,metaobject_structures,2026-07,admin_graphql_metaobjects,READ,system-owned,Structured custom data / connector schema,creator staff,INITIAL_RESEARCH
MetaobjectDefinition,description,schema_metadata,metaobject_structures,2026-07,admin_graphql_metaobjects,READ,definition create/update,Structured custom data / connector schema,description,INITIAL_RESEARCH
MetaobjectDefinition,displayNameKey,schema_metadata,metaobject_structures,2026-07,admin_graphql_metaobjects,READ,definition create/update,Structured custom data / connector schema,display-name field key,INITIAL_RESEARCH
MetaobjectDefinition,fieldDefinitions,structured_capability,metaobject_structures,2026-07,admin_graphql_metaobjects,READ,definition create/update,Structured custom data / connector schema,field definitions,INITIAL_RESEARCH
MetaobjectDefinition,hasThumbnailField,derived_projection,metaobject_structures,2026-07,admin_graphql_metaobjects,READ,read-only,Structured custom data / connector schema,thumbnail capability,INITIAL_RESEARCH
MetaobjectDefinition,id,external_system_metadata,metaobject_structures,2026-07,admin_graphql_metaobjects,READ,system-owned,Structured custom data / connector schema,definition GID,INITIAL_RESEARCH
MetaobjectDefinition,metaobjects,structured_capability,metaobject_structures,2026-07,admin_graphql_metaobjects,READ,instances written separately,Structured custom data / connector schema,instances,INITIAL_RESEARCH
MetaobjectDefinition,metaobjectsCount,derived_projection,metaobject_structures,2026-07,admin_graphql_metaobjects,READ,read-only,Structured custom data / connector schema,count,INITIAL_RESEARCH
MetaobjectDefinition,name,schema_metadata,metaobject_structures,2026-07,admin_graphql_metaobjects,READ,definition create/update,Structured custom data / connector schema,name,INITIAL_RESEARCH
MetaobjectDefinition,standardTemplate,schema_metadata,metaobject_structures,2026-07,admin_graphql_metaobjects,READ,enable standard definition,Structured custom data / connector schema,standard template,INITIAL_RESEARCH
MetaobjectDefinition,type,schema_metadata,metaobject_structures,2026-07,admin_graphql_metaobjects,READ,definition identity,Structured custom data / connector schema,type,INITIAL_RESEARCH
MetaobjectDefinition,updatedAt,external_system_metadata,metaobject_structures,2026-07,admin_graphql_metaobjects,READ,system-owned,Structured custom data / connector schema,timestamp,INITIAL_RESEARCH
Collection,activeOperations,derived_projection,collections_relations,2026-07,admin_graphql_collections,READ,WRITE via Collection create/update/membership/publication mutations where applicable,Category/relations,activeOperations,INITIAL_RESEARCH
Collection,availablePublicationsCount,derived_projection,publication_visibility,2026-07,admin_graphql_collections,READ,WRITE via Collection create/update/membership/publication mutations where applicable,Category/relations,availablePublicationsCount,INITIAL_RESEARCH
Collection,description,connector_context,collections_relations,2026-07,admin_graphql_collections,READ,WRITE via Collection create/update/membership/publication mutations where applicable,Category/relations,description,INITIAL_RESEARCH
Collection,descriptionHtml,semantic_field,collections_relations,2026-07,admin_graphql_collections,READ,WRITE via Collection create/update/membership/publication mutations where applicable,Category/relations,descriptionHtml,INITIAL_RESEARCH
Collection,events,derived_projection,collections_relations,2026-07,admin_graphql_collections,READ,WRITE via Collection create/update/membership/publication mutations where applicable,Category/relations,events,INITIAL_RESEARCH
Collection,feedback,derived_projection,collections_relations,2026-07,admin_graphql_collections,READ,WRITE via Collection create/update/membership/publication mutations where applicable,Category/relations,feedback,INITIAL_RESEARCH
Collection,handle,connector_context,collections_relations,2026-07,admin_graphql_collections,READ,WRITE via Collection create/update/membership/publication mutations where applicable,Category/relations,handle,INITIAL_RESEARCH
Collection,hasProduct,derived_projection,collections_relations,2026-07,admin_graphql_collections,READ,WRITE via Collection create/update/membership/publication mutations where applicable,Category/relations,hasProduct,INITIAL_RESEARCH
Collection,id,external_system_metadata,collections_relations,2026-07,admin_graphql_collections,READ,WRITE via Collection create/update/membership/publication mutations where applicable,Category/relations,id,INITIAL_RESEARCH
Collection,image,connector_context,collections_relations,2026-07,admin_graphql_collections,READ,WRITE via Collection create/update/membership/publication mutations where applicable,Category/relations,image,INITIAL_RESEARCH
Collection,legacyResourceId,external_system_metadata,collections_relations,2026-07,admin_graphql_collections,READ,WRITE via Collection create/update/membership/publication mutations where applicable,Category/relations,legacyResourceId,INITIAL_RESEARCH
Collection,metafield,structured_capability,collections_relations,2026-07,admin_graphql_collections,READ,WRITE via Collection create/update/membership/publication mutations where applicable,Category/relations,metafield,INITIAL_RESEARCH
Collection,metafields,structured_capability,collections_relations,2026-07,admin_graphql_collections,READ,WRITE via Collection create/update/membership/publication mutations where applicable,Category/relations,metafields,INITIAL_RESEARCH
Collection,products,structured_capability,collections_relations,2026-07,admin_graphql_collections,READ,WRITE via Collection create/update/membership/publication mutations where applicable,Category/relations,products,INITIAL_RESEARCH
Collection,productsCount,derived_projection,collections_relations,2026-07,admin_graphql_collections,READ,WRITE via Collection create/update/membership/publication mutations where applicable,Category/relations,productsCount,INITIAL_RESEARCH
Collection,publishedOnPublication,derived_projection,publication_visibility,2026-07,admin_graphql_collections,READ,WRITE via Collection create/update/membership/publication mutations where applicable,Category/relations,publishedOnPublication,INITIAL_RESEARCH
Collection,resourcePublications,structured_capability,publication_visibility,2026-07,admin_graphql_collections,READ,WRITE via Collection create/update/membership/publication mutations where applicable,Category/relations,resourcePublications,INITIAL_RESEARCH
Collection,resourcePublicationsCount,derived_projection,publication_visibility,2026-07,admin_graphql_collections,READ,WRITE via Collection create/update/membership/publication mutations where applicable,Category/relations,resourcePublicationsCount,INITIAL_RESEARCH
Collection,resourcePublicationsV2,structured_capability,publication_visibility,2026-07,admin_graphql_collections,READ,WRITE via Collection create/update/membership/publication mutations where applicable,Category/relations,resourcePublicationsV2,INITIAL_RESEARCH
Collection,seo,connector_context,collections_relations,2026-07,admin_graphql_collections,READ,WRITE via Collection create/update/membership/publication mutations where applicable,Category/relations,seo,INITIAL_RESEARCH
Collection,sortOrder,connector_context,collections_relations,2026-07,admin_graphql_collections,READ,WRITE via Collection create/update/membership/publication mutations where applicable,Category/relations,sortOrder,INITIAL_RESEARCH
Collection,sources,structured_capability,collections_relations,2026-07,admin_graphql_collections,READ,WRITE via Collection create/update/membership/publication mutations where applicable,Category/relations,sources,INITIAL_RESEARCH
Collection,subCollectionEligibility,derived_projection,collections_relations,2026-07,admin_graphql_collections,READ,WRITE via Collection create/update/membership/publication mutations where applicable,Category/relations,subCollectionEligibility,INITIAL_RESEARCH
Collection,templateSuffix,connector_context,collections_relations,2026-07,admin_graphql_collections,READ,WRITE via Collection create/update/membership/publication mutations where applicable,Category/relations,templateSuffix,INITIAL_RESEARCH
Collection,title,semantic_field,collections_relations,2026-07,admin_graphql_collections,READ,WRITE via Collection create/update/membership/publication mutations where applicable,Category/relations,title,INITIAL_RESEARCH
Collection,translations,structured_capability,markets_localization,2026-07,admin_graphql_collections,READ,WRITE via Collection create/update/membership/publication mutations where applicable,Category/relations,translations,INITIAL_RESEARCH
Collection,unpublishedPublications,structured_capability,publication_visibility,2026-07,admin_graphql_collections,READ,WRITE via Collection create/update/membership/publication mutations where applicable,Category/relations,unpublishedPublications,INITIAL_RESEARCH
Collection,updatedAt,external_system_metadata,collections_relations,2026-07,admin_graphql_collections,READ,WRITE via Collection create/update/membership/publication mutations where applicable,Category/relations,updatedAt,INITIAL_RESEARCH
Catalog,id,external_system_metadata,pricing_contextual_catalogs,2026-07,admin_graphql_catalogs_markets,READ,catalog-type-specific mutations,Connector market/B2B context,id,INITIAL_RESEARCH
Catalog,operations,derived_projection,pricing_contextual_catalogs,2026-07,admin_graphql_catalogs_markets,READ,catalog-type-specific mutations,Connector market/B2B context,operations,INITIAL_RESEARCH
Catalog,priceList,structured_capability,pricing_contextual_catalogs,2026-07,admin_graphql_catalogs_markets,READ,catalog-type-specific mutations,Connector market/B2B context,priceList,INITIAL_RESEARCH
Catalog,publication,structured_capability,pricing_contextual_catalogs,2026-07,admin_graphql_catalogs_markets,READ,catalog-type-specific mutations,Connector market/B2B context,publication,INITIAL_RESEARCH
Catalog,status,connector_context,pricing_contextual_catalogs,2026-07,admin_graphql_catalogs_markets,READ,catalog-type-specific mutations,Connector market/B2B context,status,INITIAL_RESEARCH
Catalog,title,connector_context,pricing_contextual_catalogs,2026-07,admin_graphql_catalogs_markets,READ,catalog-type-specific mutations,Connector market/B2B context,title,INITIAL_RESEARCH
MarketCatalog,id,external_system_metadata,pricing_contextual_catalogs,2026-07,admin_graphql_catalogs_markets,READ,marketCatalog mutations where permitted,Connector market context,id,INITIAL_RESEARCH
MarketCatalog,markets,structured_capability,pricing_contextual_catalogs,2026-07,admin_graphql_catalogs_markets,READ,marketCatalog mutations where permitted,Connector market context,markets,INITIAL_RESEARCH
MarketCatalog,marketsCount,derived_projection,pricing_contextual_catalogs,2026-07,admin_graphql_catalogs_markets,READ,marketCatalog mutations where permitted,Connector market context,marketsCount,INITIAL_RESEARCH
MarketCatalog,operations,derived_projection,pricing_contextual_catalogs,2026-07,admin_graphql_catalogs_markets,READ,marketCatalog mutations where permitted,Connector market context,operations,INITIAL_RESEARCH
MarketCatalog,priceList,structured_capability,pricing_contextual_catalogs,2026-07,admin_graphql_catalogs_markets,READ,marketCatalog mutations where permitted,Connector market context,priceList,INITIAL_RESEARCH
MarketCatalog,publication,structured_capability,pricing_contextual_catalogs,2026-07,admin_graphql_catalogs_markets,READ,marketCatalog mutations where permitted,Connector market context,publication,INITIAL_RESEARCH
MarketCatalog,status,connector_context,pricing_contextual_catalogs,2026-07,admin_graphql_catalogs_markets,READ,marketCatalog mutations where permitted,Connector market context,status,INITIAL_RESEARCH
MarketCatalog,title,connector_context,pricing_contextual_catalogs,2026-07,admin_graphql_catalogs_markets,READ,marketCatalog mutations where permitted,Connector market context,title,INITIAL_RESEARCH
Publication,autoPublish,connector_context,publication_visibility,2026-07,admin_graphql_publication,READ,publishablePublish/unpublish and publication config where applicable,Connector/channel publication,autoPublish,INITIAL_RESEARCH
Publication,catalog,structured_capability,publication_visibility,2026-07,admin_graphql_publication,READ,publishablePublish/unpublish and publication config where applicable,Connector/channel publication,catalog,INITIAL_RESEARCH
Publication,channels,structured_capability,publication_visibility,2026-07,admin_graphql_publication,READ,publishablePublish/unpublish and publication config where applicable,Connector/channel publication,channels,INITIAL_RESEARCH
Publication,collectionPublicationsV3,structured_capability,publication_visibility,2026-07,admin_graphql_publication,READ,publishablePublish/unpublish and publication config where applicable,Connector/channel publication,collectionPublicationsV3,INITIAL_RESEARCH
Publication,collections,structured_capability,publication_visibility,2026-07,admin_graphql_publication,READ,publishablePublish/unpublish and publication config where applicable,Connector/channel publication,collections,INITIAL_RESEARCH
Publication,hasCollection,derived_projection,publication_visibility,2026-07,admin_graphql_publication,READ,publishablePublish/unpublish and publication config where applicable,Connector/channel publication,hasCollection,INITIAL_RESEARCH
Publication,id,external_system_metadata,publication_visibility,2026-07,admin_graphql_publication,READ,publishablePublish/unpublish and publication config where applicable,Connector/channel publication,id,INITIAL_RESEARCH
Publication,includedProducts,structured_capability,publication_visibility,2026-07,admin_graphql_publication,READ,publishablePublish/unpublish and publication config where applicable,Connector/channel publication,includedProducts,INITIAL_RESEARCH
Publication,includedProductsCount,derived_projection,publication_visibility,2026-07,admin_graphql_publication,READ,publishablePublish/unpublish and publication config where applicable,Connector/channel publication,includedProductsCount,INITIAL_RESEARCH
Publication,operation,derived_projection,publication_visibility,2026-07,admin_graphql_publication,READ,publishablePublish/unpublish and publication config where applicable,Connector/channel publication,operation,INITIAL_RESEARCH
Publication,productPublicationsV3,structured_capability,publication_visibility,2026-07,admin_graphql_publication,READ,publishablePublish/unpublish and publication config where applicable,Connector/channel publication,productPublicationsV3,INITIAL_RESEARCH
Publication,products,structured_capability,publication_visibility,2026-07,admin_graphql_publication,READ,publishablePublish/unpublish and publication config where applicable,Connector/channel publication,products,INITIAL_RESEARCH
Publication,supportsFuturePublishing,derived_projection,publication_visibility,2026-07,admin_graphql_publication,READ,publishablePublish/unpublish and publication config where applicable,Connector/channel publication,supportsFuturePublishing,INITIAL_RESEARCH
PriceList,catalog,structured_capability,pricing_contextual_catalogs,2026-07,admin_graphql_pricelists,READ,price-list mutations/fixed-price mutations,Pricing,catalog,INITIAL_RESEARCH
PriceList,currency,connector_context,pricing_contextual_catalogs,2026-07,admin_graphql_pricelists,READ,price-list mutations/fixed-price mutations,Pricing,currency,INITIAL_RESEARCH
PriceList,fixedPricesCount,derived_projection,pricing_contextual_catalogs,2026-07,admin_graphql_pricelists,READ,price-list mutations/fixed-price mutations,Pricing,fixedPricesCount,INITIAL_RESEARCH
PriceList,id,external_system_metadata,pricing_contextual_catalogs,2026-07,admin_graphql_pricelists,READ,price-list mutations/fixed-price mutations,Pricing,id,INITIAL_RESEARCH
PriceList,name,connector_context,pricing_contextual_catalogs,2026-07,admin_graphql_pricelists,READ,price-list mutations/fixed-price mutations,Pricing,name,INITIAL_RESEARCH
PriceList,parent,structured_capability,pricing_contextual_catalogs,2026-07,admin_graphql_pricelists,READ,price-list mutations/fixed-price mutations,Pricing,parent,INITIAL_RESEARCH
PriceList,prices,structured_capability,pricing_contextual_catalogs,2026-07,admin_graphql_pricelists,READ,price-list mutations/fixed-price mutations,Pricing,prices,INITIAL_RESEARCH
PriceList,quantityRules,structured_capability,quantity_pricing,2026-07,admin_graphql_pricelists,READ,WRITE via catalog/B2B quantity-rule mutations where supported,Pricing,quantity rules,INITIAL_RESEARCH
Media,mediaContentType,domain_value,media,2026-07,admin_graphql_media,READ,write through media create/input,Media,IMAGE/VIDEO/MODEL_3D/EXTERNAL_VIDEO type,INITIAL_RESEARCH
Media,alt,semantic_field,media,2026-07,admin_graphql_media,READ,media update,Media,alt text,INITIAL_RESEARCH
Media,preview,derived_projection,media,2026-07,admin_graphql_media,READ,read-only generated preview,Media,preview,INITIAL_RESEARCH
Media,status,derived_projection,media,2026-07,admin_graphql_media,READ,system processing state,Media,processing status,INITIAL_RESEARCH
Media,mediaErrors,derived_projection,media,2026-07,admin_graphql_media,READ,system errors,Media,processing errors,INITIAL_RESEARCH
Media,mediaWarnings,derived_projection,media,2026-07,admin_graphql_media,READ,system warnings,Media,processing warnings,INITIAL_RESEARCH
Media,id,external_system_metadata,media,2026-07,admin_graphql_media,READ,system-owned,External identity,media GID,INITIAL_RESEARCH
ProductBundleComponent,componentProduct,structured_capability,bundle_composition,2026-07,admin_graphql_bundles,READ,bundle create/update,Product composition,component Product,INITIAL_RESEARCH
ProductBundleComponent,componentVariants,structured_capability,bundle_composition,2026-07,admin_graphql_bundles,READ,bundle create/update,Product composition,component variants,INITIAL_RESEARCH
ProductBundleComponent,componentVariantsCount,derived_projection,bundle_composition,2026-07,admin_graphql_bundles,READ,read-only,Product composition,count,INITIAL_RESEARCH
ProductBundleComponent,optionSelections,structured_capability,bundle_composition,2026-07,admin_graphql_bundles,READ,bundle create/update,Product composition,option selection mapping,INITIAL_RESEARCH
ProductBundleComponent,quantity,domain_value,bundle_composition,2026-07,admin_graphql_bundles,READ,bundle create/update,Product composition,component quantity,INITIAL_RESEARCH
ProductBundleComponent,quantityOption,structured_capability,bundle_composition,2026-07,admin_graphql_bundles,READ,bundle create/update,Product composition,quantity option,INITIAL_RESEARCH
CombinedListing,combinedListingChildren,structured_capability,combined_listings,2026-07,admin_graphql_combined_listings,READ,feature-specific write surfaces,Product family/composition,child products,INITIAL_RESEARCH
CombinedListing,parentProduct,structured_capability,combined_listings,2026-07,admin_graphql_combined_listings,READ,feature-specific write surfaces,Product family/composition,parent product,INITIAL_RESEARCH
CombinedListingChild,parentVariant,structured_capability,combined_listings,2026-07,admin_graphql_combined_listings,READ,feature-specific write surfaces,Product family/composition,parent variant,INITIAL_RESEARCH
CombinedListingChild,product,structured_capability,combined_listings,2026-07,admin_graphql_combined_listings,READ,feature-specific write surfaces,Product family/composition,child product,INITIAL_RESEARCH
SellingPlanGroup,sellingPlans,structured_capability,selling_plans_purchase_options,2026-07,admin_graphql_selling_plans,READ,WRITE via selling-plan group mutations where applicable,Purchase options/Pricing,sellingPlans,LEAD_COMPLETENESS_PASS
SellingPlanGroup,products,structured_capability,selling_plans_purchase_options,2026-07,admin_graphql_selling_plans,READ,WRITE via selling-plan group mutations where applicable,Purchase options/Pricing,products,LEAD_COMPLETENESS_PASS
SellingPlanGroup,productVariants,structured_capability,selling_plans_purchase_options,2026-07,admin_graphql_selling_plans,READ,WRITE via selling-plan group mutations where applicable,Purchase options/Pricing,productVariants,LEAD_COMPLETENESS_PASS
SellingPlan,billingPolicy,structured_capability,selling_plans_purchase_options,2026-07,admin_graphql_selling_plans,READ,WRITE via SellingPlanInput where applicable,Purchase options/Pricing,billingPolicy,LEAD_COMPLETENESS_PASS
SellingPlan,deliveryPolicy,structured_capability,selling_plans_purchase_options,2026-07,admin_graphql_selling_plans,READ,WRITE via SellingPlanInput where applicable,Purchase options/Pricing,deliveryPolicy,LEAD_COMPLETENESS_PASS
SellingPlan,pricingPolicies,structured_capability,selling_plans_purchase_options,2026-07,admin_graphql_selling_plans,READ,WRITE via SellingPlanInput where applicable,Purchase options/Pricing,pricingPolicies,LEAD_COMPLETENESS_PASS
SellingPlan,options,structured_capability,selling_plans_purchase_options,2026-07,admin_graphql_selling_plans,READ,WRITE via SellingPlanInput where applicable,Purchase options/Pricing,options,LEAD_COMPLETENESS_PASS
SellingPlan,category,domain_value,selling_plans_purchase_options,2026-07,admin_graphql_selling_plans,READ,WRITE via SellingPlanInput where applicable,Purchase options/Pricing,category,LEAD_COMPLETENESS_PASS
DeliveryProfile,id,external_system_metadata,delivery_profiles,2026-07,admin_graphql_delivery_profiles,READ,system-owned/read-only projection,External identity,profile GID,INITIAL_RESEARCH
DeliveryProfile,name,connector_context,delivery_profiles,2026-07,admin_graphql_delivery_profiles,READ,WRITE for app-owned profile/association where supported; merchant-owned delivery-profile APIs are deprecated under market-driven shipping,Fulfillment/shipping,profile name,INITIAL_RESEARCH
DeliveryProfile,profileItems,structured_capability,delivery_profiles,2026-07,admin_graphql_delivery_profiles,READ,WRITE for app-owned profile/association where supported; merchant-owned delivery-profile APIs are deprecated under market-driven shipping,Fulfillment/shipping,assigned products/variants,INITIAL_RESEARCH
DeliveryProfile,profileLocationGroups,structured_capability,delivery_profiles,2026-07,admin_graphql_delivery_profiles,READ,WRITE for app-owned profile/association where supported; merchant-owned delivery-profile APIs are deprecated under market-driven shipping,Fulfillment/shipping,locations/zones/rates,INITIAL_RESEARCH
DeliveryProfile,productVariantsCount,derived_projection,delivery_profiles,2026-07,admin_graphql_delivery_profiles,READ,system-owned/read-only projection,Fulfillment/shipping,count,INITIAL_RESEARCH
DeliveryProfile,coversAllItems,derived_projection,delivery_profiles,2026-07,admin_graphql_delivery_profiles,READ,WRITE for app-owned DeliveryProfile in 2026-07; merchant-owned shipping is moving to Markets,Fulfillment/shipping,coverage projection,INITIAL_RESEARCH
Translation,locale,connector_context,markets_localization,2026-07,admin_graphql_translations,READ,translationsRegister,Localization,locale,INITIAL_RESEARCH
Translation,key,schema_metadata,markets_localization,2026-07,admin_graphql_translations,READ,translationsRegister,Localization,translatable field key,INITIAL_RESEARCH
Translation,value,semantic_field,markets_localization,2026-07,admin_graphql_translations,READ,translationsRegister,Localization,localized value,INITIAL_RESEARCH
Translation,marketId,connector_context,markets_localization,2026-07,admin_graphql_translations,READ,translationsRegister where market-specific,Localization/market,market context,INITIAL_RESEARCH
TranslatableContent,digest,external_system_metadata,markets_localization,2026-07,admin_graphql_translations,READ,required compare token for translationsRegister,Localization,source-content digest,INITIAL_RESEARCH
TranslatableContent,key,schema_metadata,markets_localization,2026-07,admin_graphql_translations,READ,read-only source key,Localization,key,INITIAL_RESEARCH
TranslatableContent,value,semantic_field,markets_localization,2026-07,admin_graphql_translations,READ,source content written through owning resource,Localization,source value,INITIAL_RESEARCH
ShopLocale,locale,connector_context,markets_localization,2026-07,admin_graphql_translations,READ,shopLocaleUpdate,Localization,locale code,INITIAL_RESEARCH
ShopLocale,primary,connector_context,markets_localization,2026-07,admin_graphql_translations,READ,locale configuration,Localization,primary flag,INITIAL_RESEARCH
ShopLocale,published,connector_context,markets_localization,2026-07,admin_graphql_translations,READ,shopLocaleUpdate,Localization,published flag,INITIAL_RESEARCH
ProductCSV,Title,semantic_field,product_content,2026-07,product_csv,EXPORT representation,IMPORT representation; destructive/conditional semantics must be honored,Bulk import/export representation,Product title,INITIAL_RESEARCH
ProductCSV,URL handle,connector_context,seo_routing,2026-07,product_csv,EXPORT representation,IMPORT representation; destructive/conditional semantics must be honored,Bulk import/export representation,handle/slug,INITIAL_RESEARCH
ProductCSV,Description,semantic_field,product_content,2026-07,product_csv,EXPORT representation,IMPORT representation; destructive/conditional semantics must be honored,Bulk import/export representation,HTML product description,INITIAL_RESEARCH
ProductCSV,Vendor,semantic_field,product_content,2026-07,product_csv,EXPORT representation,IMPORT representation; destructive/conditional semantics must be honored,Bulk import/export representation,vendor,INITIAL_RESEARCH
ProductCSV,Product category,connector_context,taxonomy_standard_category,2026-07,product_csv,EXPORT representation,IMPORT representation; destructive/conditional semantics must be honored,Bulk import/export representation,Shopify taxonomy category,INITIAL_RESEARCH
ProductCSV,Type,semantic_field,merchant_classification,2026-07,product_csv,EXPORT representation,IMPORT representation; destructive/conditional semantics must be honored,Bulk import/export representation,merchant product type,INITIAL_RESEARCH
ProductCSV,Tags,semantic_field,merchant_classification,2026-07,product_csv,EXPORT representation,IMPORT representation; destructive/conditional semantics must be honored,Bulk import/export representation,tags,INITIAL_RESEARCH
ProductCSV,Published on online store,connector_context,publication_visibility,2026-07,product_csv,EXPORT representation,IMPORT representation; destructive/conditional semantics must be honored,Bulk import/export representation,online-store publication flag,INITIAL_RESEARCH
ProductCSV,Status,semantic_field,product_identity_lifecycle,2026-07,product_csv,EXPORT representation,IMPORT representation; destructive/conditional semantics must be honored,Bulk import/export representation,Product status,INITIAL_RESEARCH
ProductCSV,SKU,semantic_field,variant_identity,2026-07,product_csv,EXPORT representation,IMPORT representation; destructive/conditional semantics must be honored,Bulk import/export representation,variant SKU,INITIAL_RESEARCH
ProductCSV,Barcode,semantic_field,variant_identity,2026-07,product_csv,EXPORT representation,IMPORT representation; destructive/conditional semantics must be honored,Bulk import/export representation,variant barcode,INITIAL_RESEARCH
ProductCSV,Option1 name,schema_metadata,variant_options,2026-07,product_csv,EXPORT representation,IMPORT representation; destructive/conditional semantics must be honored,Bulk import/export representation,option dimension name,INITIAL_RESEARCH
ProductCSV,Option1 value,schema_metadata,variant_options,2026-07,product_csv,EXPORT representation,IMPORT representation; destructive/conditional semantics must be honored,Bulk import/export representation,option value,INITIAL_RESEARCH
ProductCSV,Option2 name,schema_metadata,variant_options,2026-07,product_csv,EXPORT representation,IMPORT representation; destructive/conditional semantics must be honored,Bulk import/export representation,option dimension name,INITIAL_RESEARCH
ProductCSV,Option2 value,schema_metadata,variant_options,2026-07,product_csv,EXPORT representation,IMPORT representation; destructive/conditional semantics must be honored,Bulk import/export representation,option value,INITIAL_RESEARCH
ProductCSV,Option3 name,schema_metadata,variant_options,2026-07,product_csv,EXPORT representation,IMPORT representation; destructive/conditional semantics must be honored,Bulk import/export representation,option dimension name,INITIAL_RESEARCH
ProductCSV,Option3 value,schema_metadata,variant_options,2026-07,product_csv,EXPORT representation,IMPORT representation; destructive/conditional semantics must be honored,Bulk import/export representation,option value,INITIAL_RESEARCH
ProductCSV,Option LinkedTo,schema_metadata,variant_options,2026-07,product_csv,EXPORT representation,IMPORT representation; destructive/conditional semantics must be honored,Bulk import/export representation,linked metafield/metaobject taxonomy relation,INITIAL_RESEARCH
ProductCSV,Price,domain_value,pricing_base,2026-07,product_csv,EXPORT representation,IMPORT representation; destructive/conditional semantics must be honored,Bulk import/export representation,variant price,INITIAL_RESEARCH
ProductCSV,Compare-at price,domain_value,pricing_base,2026-07,product_csv,EXPORT representation,IMPORT representation; destructive/conditional semantics must be honored,Bulk import/export representation,variant compare-at,INITIAL_RESEARCH
ProductCSV,Cost per item,domain_value,pricing_base,2026-07,product_csv,EXPORT representation,IMPORT representation; destructive/conditional semantics must be honored,Bulk import/export representation,InventoryItem cost,INITIAL_RESEARCH
ProductCSV,Charge tax,domain_value,tax_fulfillment,2026-07,product_csv,EXPORT representation,IMPORT representation; destructive/conditional semantics must be honored,Bulk import/export representation,taxable,INITIAL_RESEARCH
ProductCSV,Inventory tracker,domain_value,inventory_item,2026-07,product_csv,EXPORT representation,IMPORT representation; destructive/conditional semantics must be honored,Bulk import/export representation,inventory tracking policy,INITIAL_RESEARCH
ProductCSV,Inventory quantity,domain_value,inventory_locations_quantities,2026-07,product_csv,EXPORT representation,IMPORT representation; destructive/conditional semantics must be honored,Bulk import/export representation,quantity representation,INITIAL_RESEARCH
ProductCSV,Continue selling when out of stock,domain_value,inventory_item,2026-07,product_csv,EXPORT representation,IMPORT representation; destructive/conditional semantics must be honored,Bulk import/export representation,inventory policy,INITIAL_RESEARCH
ProductCSV,Requires shipping,semantic_field,shipping_customs,2026-07,product_csv,EXPORT representation,IMPORT representation; destructive/conditional semantics must be honored,Bulk import/export representation,shipping requirement,INITIAL_RESEARCH
ProductCSV,Weight,semantic_field,shipping_customs,2026-07,product_csv,EXPORT representation,IMPORT representation; destructive/conditional semantics must be honored,Bulk import/export representation,physical weight,INITIAL_RESEARCH
ProductCSV,Weight unit,schema_metadata,shipping_customs,2026-07,product_csv,EXPORT representation,IMPORT representation; destructive/conditional semantics must be honored,Bulk import/export representation,weight unit,INITIAL_RESEARCH
ProductCSV,HS code,semantic_field,shipping_customs,2026-07,product_csv,EXPORT representation,IMPORT representation; destructive/conditional semantics must be honored,Bulk import/export representation,harmonized system code,INITIAL_RESEARCH
ProductCSV,Country of origin,semantic_field,shipping_customs,2026-07,product_csv,EXPORT representation,IMPORT representation; destructive/conditional semantics must be honored,Bulk import/export representation,origin country,INITIAL_RESEARCH
ProductCSV,Image URL,structured_capability,media,2026-07,product_csv,EXPORT representation,IMPORT representation; destructive/conditional semantics must be honored,Bulk import/export representation,image source URL,INITIAL_RESEARCH
ProductCSV,Image position,domain_value,media,2026-07,product_csv,EXPORT representation,IMPORT representation; destructive/conditional semantics must be honored,Bulk import/export representation,image ordering,INITIAL_RESEARCH
ProductCSV,Image alt text,semantic_field,media,2026-07,product_csv,EXPORT representation,IMPORT representation; destructive/conditional semantics must be honored,Bulk import/export representation,media alt,INITIAL_RESEARCH
ProductCSV,Variant image URL,structured_capability,media,2026-07,product_csv,EXPORT representation,IMPORT representation; destructive/conditional semantics must be honored,Bulk import/export representation,variant image association,INITIAL_RESEARCH
ProductCSV,SEO title,semantic_field,seo_routing,2026-07,product_csv,EXPORT representation,IMPORT representation; destructive/conditional semantics must be honored,Bulk import/export representation,SEO title,INITIAL_RESEARCH
ProductCSV,SEO description,semantic_field,seo_routing,2026-07,product_csv,EXPORT representation,IMPORT representation; destructive/conditional semantics must be honored,Bulk import/export representation,SEO description,INITIAL_RESEARCH
ProductCSV,Gift card,domain_value,gift_card_product,2026-07,product_csv,EXPORT representation,IMPORT representation; destructive/conditional semantics must be honored,Bulk import/export representation,gift-card Product flag/representation,INITIAL_RESEARCH
ProductCSV,Included / [Market],connector_context,pricing_contextual_catalogs,2026-07,product_csv,EXPORT representation,IMPORT representation; destructive/conditional semantics must be honored,Bulk import/export representation,dynamic Market inclusion,INITIAL_RESEARCH
ProductCSV,Price / [Market],domain_value,pricing_contextual_catalogs,2026-07,product_csv,EXPORT representation,IMPORT representation; destructive/conditional semantics must be honored,Bulk import/export representation,dynamic Market price,INITIAL_RESEARCH
ProductCSV,Compare-at price / [Market],domain_value,pricing_contextual_catalogs,2026-07,product_csv,EXPORT representation,IMPORT representation; destructive/conditional semantics must be honored,Bulk import/export representation,dynamic Market compare-at,INITIAL_RESEARCH
ProductCSV,product.metafields.<namespace>.<key>,structured_capability,dynamic_metafields,2026-07,product_csv,EXPORT representation,IMPORT representation; destructive/conditional semantics must be honored,Bulk import/export representation,dynamic Product metafield column,INITIAL_RESEARCH
ProductSync,productSet,structured_capability,product_sync_mutation,2026-07,admin_graphql_product_set,mutation result / operation,WRITE: external-source sync mutation; list fields replace omitted existing entries,Connector sync orchestration,sync-oriented mutation with replacement semantics,INITIAL_RESEARCH
ProductSync,synchronous,connector_context,product_sync_mutation,2026-07,admin_graphql_product_set,operation mode,WRITE input controls sync vs async execution,Connector sync orchestration,execution mode,INITIAL_RESEARCH
ProductSync,identifier,external_system_metadata,product_sync_mutation,2026-07,admin_graphql_product_set,lookup identity input,WRITE lookup selector,External identity,ProductSetIdentifiers,INITIAL_RESEARCH
ProductSync,list_replacement_semantics,structured_capability,product_sync_mutation,2026-07,admin_graphql_product_set,documented mutation behavior,collections/metafields/variants omitted from supplied list are deleted; scalar omissions unchanged,Connector Safe Sync/reconciliation,destructive list reconciliation rule,INITIAL_RESEARCH
TaxonomyCategory,ancestorIds,schema_metadata,taxonomy_standard_category,2026-07,admin_graphql_taxonomy,READ,Shopify-owned taxonomy; Product.category assignment is writable separately,Taxonomy/channel mapping,ancestor category IDs,INITIAL_RESEARCH
TaxonomyCategory,attributes,structured_capability,taxonomy_standard_category,2026-07,admin_graphql_taxonomy,READ,Shopify-owned taxonomy; Product.category assignment is writable separately,Taxonomy/channel mapping,category-specific taxonomy attributes,INITIAL_RESEARCH
TaxonomyCategory,childrenIds,schema_metadata,taxonomy_standard_category,2026-07,admin_graphql_taxonomy,READ,Shopify-owned taxonomy; Product.category assignment is writable separately,Taxonomy/channel mapping,child category IDs,INITIAL_RESEARCH
TaxonomyCategory,fullName,schema_metadata,taxonomy_standard_category,2026-07,admin_graphql_taxonomy,READ,Shopify-owned taxonomy; Product.category assignment is writable separately,Taxonomy/channel mapping,full taxonomy path,INITIAL_RESEARCH
TaxonomyCategory,id,external_system_metadata,taxonomy_standard_category,2026-07,admin_graphql_taxonomy,READ,Shopify-owned taxonomy; Product.category assignment is writable separately,Taxonomy/channel mapping,TaxonomyCategory GID,INITIAL_RESEARCH
TaxonomyCategory,isArchived,schema_metadata,taxonomy_standard_category,2026-07,admin_graphql_taxonomy,READ,Shopify-owned taxonomy; Product.category assignment is writable separately,Taxonomy/channel mapping,archive state,INITIAL_RESEARCH
TaxonomyCategory,isLeaf,derived_projection,taxonomy_standard_category,2026-07,admin_graphql_taxonomy,READ,Shopify-owned taxonomy; Product.category assignment is writable separately,Taxonomy/channel mapping,tree leaf flag,INITIAL_RESEARCH
TaxonomyCategory,isRoot,derived_projection,taxonomy_standard_category,2026-07,admin_graphql_taxonomy,READ,Shopify-owned taxonomy; Product.category assignment is writable separately,Taxonomy/channel mapping,tree root flag,INITIAL_RESEARCH
TaxonomyCategory,level,schema_metadata,taxonomy_standard_category,2026-07,admin_graphql_taxonomy,READ,Shopify-owned taxonomy; Product.category assignment is writable separately,Taxonomy/channel mapping,tree depth,INITIAL_RESEARCH
TaxonomyCategory,name,schema_metadata,taxonomy_standard_category,2026-07,admin_graphql_taxonomy,READ,Shopify-owned taxonomy; Product.category assignment is writable separately,Taxonomy/channel mapping,category label,INITIAL_RESEARCH
TaxonomyCategory,parentId,external_system_metadata,taxonomy_standard_category,2026-07,admin_graphql_taxonomy,READ,Shopify-owned taxonomy; Product.category assignment is writable separately,Taxonomy/channel mapping,parent category GID,INITIAL_RESEARCH
TaxonomyCategoryAttribute,possibleTypes,schema_metadata,taxonomy_standard_category,2026-07,admin_graphql_taxonomy,READ,Shopify-owned taxonomy schema,Taxonomy/channel mapping,TaxonomyAttribute | TaxonomyChoiceListAttribute | TaxonomyMeasurementAttribute,INITIAL_RESEARCH
TaxonomyAttribute,id,schema_metadata,taxonomy_standard_category,2026-07,admin_graphql_taxonomy,READ,Shopify-owned taxonomy schema,Taxonomy/channel mapping,taxonomy attribute GID,INITIAL_RESEARCH
PriceListPrice,compareAtPrice,domain_value,pricing_contextual_catalogs,2026-07,admin_graphql_pricelists,READ,WRITE via PriceList fixed-price / quantity-pricing mutations where supported,Pricing,context price compare-at,INITIAL_RESEARCH
PriceListPrice,originType,derived_projection,pricing_contextual_catalogs,2026-07,admin_graphql_pricelists,READ,WRITE via PriceList fixed-price / quantity-pricing mutations where supported,Pricing,fixed vs relative origin,INITIAL_RESEARCH
PriceListPrice,price,domain_value,pricing_contextual_catalogs,2026-07,admin_graphql_pricelists,READ,WRITE via PriceList fixed-price / quantity-pricing mutations where supported,Pricing,context price,INITIAL_RESEARCH
PriceListPrice,quantityPriceBreaks,structured_capability,quantity_pricing,2026-07,admin_graphql_pricelists,READ,WRITE via PriceList fixed-price / quantity-pricing mutations where supported,Pricing,quantity price breaks,INITIAL_RESEARCH
PriceListPrice,variant,external_system_metadata,pricing_contextual_catalogs,2026-07,admin_graphql_pricelists,READ,WRITE via PriceList fixed-price / quantity-pricing mutations where supported,Pricing,ProductVariant reference,INITIAL_RESEARCH
QuantityPriceBreak,id,external_system_metadata,quantity_pricing,2026-07,admin_graphql_pricelists,READ,WRITE through quantity pricing mutations; exact mutation/input certification pending,Pricing,quantity break GID,INITIAL_RESEARCH
QuantityPriceBreak,minimumQuantity,domain_value,quantity_pricing,2026-07,admin_graphql_pricelists,READ,WRITE through quantity pricing mutations; exact mutation/input certification pending,Pricing,minimum quantity threshold,INITIAL_RESEARCH
QuantityPriceBreak,price,domain_value,quantity_pricing,2026-07,admin_graphql_pricelists,READ,WRITE through quantity pricing mutations; exact mutation/input certification pending,Pricing,tier price,INITIAL_RESEARCH
QuantityPriceBreak,priceList,external_system_metadata,quantity_pricing,2026-07,admin_graphql_pricelists,READ,WRITE through quantity pricing mutations; exact mutation/input certification pending,Pricing,PriceList reference,INITIAL_RESEARCH
QuantityPriceBreak,variant,external_system_metadata,quantity_pricing,2026-07,admin_graphql_pricelists,READ,WRITE through quantity pricing mutations; exact mutation/input certification pending,Pricing,ProductVariant reference,INITIAL_RESEARCH
MediaImage,alt,semantic_field,media,2026-07,admin_graphql_media,READ,WRITE through FileSet/media operations where field is accepted; processing fields system-owned,Media,MediaImage alt,INITIAL_RESEARCH
MediaImage,createdAt,external_system_metadata,media,2026-07,admin_graphql_media,READ,WRITE through FileSet/media operations where field is accepted; processing fields system-owned,Media,MediaImage createdAt,INITIAL_RESEARCH
MediaImage,fileErrors,derived_projection,media,2026-07,admin_graphql_media,READ,WRITE through FileSet/media operations where field is accepted; processing fields system-owned,Media,MediaImage fileErrors,INITIAL_RESEARCH
MediaImage,fileStatus,derived_projection,media,2026-07,admin_graphql_media,READ,WRITE through FileSet/media operations where field is accepted; processing fields system-owned,Media,MediaImage fileStatus,INITIAL_RESEARCH
MediaImage,id,external_system_metadata,media,2026-07,admin_graphql_media,READ,WRITE through FileSet/media operations where field is accepted; processing fields system-owned,Media,MediaImage id,INITIAL_RESEARCH
MediaImage,image,structured_capability,media,2026-07,admin_graphql_media,READ,WRITE through FileSet/media operations where field is accepted; processing fields system-owned,Media,MediaImage image,INITIAL_RESEARCH
MediaImage,mediaContentType,structured_capability,media,2026-07,admin_graphql_media,READ,WRITE through FileSet/media operations where field is accepted; processing fields system-owned,Media,MediaImage mediaContentType,INITIAL_RESEARCH
MediaImage,mediaErrors,derived_projection,media,2026-07,admin_graphql_media,READ,WRITE through FileSet/media operations where field is accepted; processing fields system-owned,Media,MediaImage mediaErrors,INITIAL_RESEARCH
MediaImage,mediaWarnings,derived_projection,media,2026-07,admin_graphql_media,READ,WRITE through FileSet/media operations where field is accepted; processing fields system-owned,Media,MediaImage mediaWarnings,INITIAL_RESEARCH
MediaImage,mimeType,derived_projection,media,2026-07,admin_graphql_media,READ,WRITE through FileSet/media operations where field is accepted; processing fields system-owned,Media,MediaImage mimeType,INITIAL_RESEARCH
MediaImage,originalSource,structured_capability,media,2026-07,admin_graphql_media,READ,WRITE through FileSet/media operations where field is accepted; processing fields system-owned,Media,MediaImage originalSource,INITIAL_RESEARCH
MediaImage,preview,derived_projection,media,2026-07,admin_graphql_media,READ,WRITE through FileSet/media operations where field is accepted; processing fields system-owned,Media,MediaImage preview,INITIAL_RESEARCH
MediaImage,status,derived_projection,media,2026-07,admin_graphql_media,READ,WRITE through FileSet/media operations where field is accepted; processing fields system-owned,Media,MediaImage status,INITIAL_RESEARCH
MediaImage,translations,structured_capability,media,2026-07,admin_graphql_media,READ,WRITE through FileSet/media operations where field is accepted; processing fields system-owned,Media,MediaImage translations,INITIAL_RESEARCH
MediaImage,updatedAt,external_system_metadata,media,2026-07,admin_graphql_media,READ,WRITE through FileSet/media operations where field is accepted; processing fields system-owned,Media,MediaImage updatedAt,INITIAL_RESEARCH
Video,alt,semantic_field,media,2026-07,admin_graphql_media,READ,WRITE through FileSet/media operations where field is accepted; processing fields system-owned,Media,Video alt,INITIAL_RESEARCH
Video,createdAt,external_system_metadata,media,2026-07,admin_graphql_media,READ,WRITE through FileSet/media operations where field is accepted; processing fields system-owned,Media,Video createdAt,INITIAL_RESEARCH
Video,duration,derived_projection,media,2026-07,admin_graphql_media,READ,WRITE through FileSet/media operations where field is accepted; processing fields system-owned,Media,Video duration,INITIAL_RESEARCH
Video,fileErrors,derived_projection,media,2026-07,admin_graphql_media,READ,WRITE through FileSet/media operations where field is accepted; processing fields system-owned,Media,Video fileErrors,INITIAL_RESEARCH
Video,filename,structured_capability,media,2026-07,admin_graphql_media,READ,WRITE through FileSet/media operations where field is accepted; processing fields system-owned,Media,Video filename,INITIAL_RESEARCH
Video,fileStatus,derived_projection,media,2026-07,admin_graphql_media,READ,WRITE through FileSet/media operations where field is accepted; processing fields system-owned,Media,Video fileStatus,INITIAL_RESEARCH
Video,id,external_system_metadata,media,2026-07,admin_graphql_media,READ,WRITE through FileSet/media operations where field is accepted; processing fields system-owned,Media,Video id,INITIAL_RESEARCH
Video,mediaContentType,structured_capability,media,2026-07,admin_graphql_media,READ,WRITE through FileSet/media operations where field is accepted; processing fields system-owned,Media,Video mediaContentType,INITIAL_RESEARCH
Video,mediaErrors,derived_projection,media,2026-07,admin_graphql_media,READ,WRITE through FileSet/media operations where field is accepted; processing fields system-owned,Media,Video mediaErrors,INITIAL_RESEARCH
Video,mediaWarnings,derived_projection,media,2026-07,admin_graphql_media,READ,WRITE through FileSet/media operations where field is accepted; processing fields system-owned,Media,Video mediaWarnings,INITIAL_RESEARCH
Video,originalSource,structured_capability,media,2026-07,admin_graphql_media,READ,WRITE through FileSet/media operations where field is accepted; processing fields system-owned,Media,Video originalSource,INITIAL_RESEARCH
Video,preview,derived_projection,media,2026-07,admin_graphql_media,READ,WRITE through FileSet/media operations where field is accepted; processing fields system-owned,Media,Video preview,INITIAL_RESEARCH
Video,sources,structured_capability,media,2026-07,admin_graphql_media,READ,WRITE through FileSet/media operations where field is accepted; processing fields system-owned,Media,Video sources,INITIAL_RESEARCH
Video,status,derived_projection,media,2026-07,admin_graphql_media,READ,WRITE through FileSet/media operations where field is accepted; processing fields system-owned,Media,Video status,INITIAL_RESEARCH
Video,updatedAt,external_system_metadata,media,2026-07,admin_graphql_media,READ,WRITE through FileSet/media operations where field is accepted; processing fields system-owned,Media,Video updatedAt,INITIAL_RESEARCH
Model3d,alt,semantic_field,media,2026-07,admin_graphql_media,READ,WRITE through FileSet/media operations where field is accepted; processing fields system-owned,Media,Model3d alt,INITIAL_RESEARCH
Model3d,boundingBox,derived_projection,media,2026-07,admin_graphql_media,READ,WRITE through FileSet/media operations where field is accepted; processing fields system-owned,Media,Model3d boundingBox,INITIAL_RESEARCH
Model3d,createdAt,external_system_metadata,media,2026-07,admin_graphql_media,READ,WRITE through FileSet/media operations where field is accepted; processing fields system-owned,Media,Model3d createdAt,INITIAL_RESEARCH
Model3d,fileErrors,derived_projection,media,2026-07,admin_graphql_media,READ,WRITE through FileSet/media operations where field is accepted; processing fields system-owned,Media,Model3d fileErrors,INITIAL_RESEARCH
Model3d,filename,structured_capability,media,2026-07,admin_graphql_media,READ,WRITE through FileSet/media operations where field is accepted; processing fields system-owned,Media,Model3d filename,INITIAL_RESEARCH
Model3d,fileStatus,derived_projection,media,2026-07,admin_graphql_media,READ,WRITE through FileSet/media operations where field is accepted; processing fields system-owned,Media,Model3d fileStatus,INITIAL_RESEARCH
Model3d,id,external_system_metadata,media,2026-07,admin_graphql_media,READ,WRITE through FileSet/media operations where field is accepted; processing fields system-owned,Media,Model3d id,INITIAL_RESEARCH
Model3d,mediaContentType,structured_capability,media,2026-07,admin_graphql_media,READ,WRITE through FileSet/media operations where field is accepted; processing fields system-owned,Media,Model3d mediaContentType,INITIAL_RESEARCH
Model3d,mediaErrors,derived_projection,media,2026-07,admin_graphql_media,READ,WRITE through FileSet/media operations where field is accepted; processing fields system-owned,Media,Model3d mediaErrors,INITIAL_RESEARCH
Model3d,mediaWarnings,derived_projection,media,2026-07,admin_graphql_media,READ,WRITE through FileSet/media operations where field is accepted; processing fields system-owned,Media,Model3d mediaWarnings,INITIAL_RESEARCH
Model3d,originalSource,structured_capability,media,2026-07,admin_graphql_media,READ,WRITE through FileSet/media operations where field is accepted; processing fields system-owned,Media,Model3d originalSource,INITIAL_RESEARCH
Model3d,preview,derived_projection,media,2026-07,admin_graphql_media,READ,WRITE through FileSet/media operations where field is accepted; processing fields system-owned,Media,Model3d preview,INITIAL_RESEARCH
Model3d,sources,structured_capability,media,2026-07,admin_graphql_media,READ,WRITE through FileSet/media operations where field is accepted; processing fields system-owned,Media,Model3d sources,INITIAL_RESEARCH
Model3d,status,derived_projection,media,2026-07,admin_graphql_media,READ,WRITE through FileSet/media operations where field is accepted; processing fields system-owned,Media,Model3d status,INITIAL_RESEARCH
Model3d,updatedAt,external_system_metadata,media,2026-07,admin_graphql_media,READ,WRITE through FileSet/media operations where field is accepted; processing fields system-owned,Media,Model3d updatedAt,INITIAL_RESEARCH
ExternalVideo,alt,semantic_field,media,2026-07,admin_graphql_media,READ,WRITE through FileSet/media operations where field is accepted; processing fields system-owned,Media,ExternalVideo alt,INITIAL_RESEARCH
ExternalVideo,createdAt,external_system_metadata,media,2026-07,admin_graphql_media,READ,WRITE through FileSet/media operations where field is accepted; processing fields system-owned,Media,ExternalVideo createdAt,INITIAL_RESEARCH
ExternalVideo,embedUrl,derived_projection,media,2026-07,admin_graphql_media,READ,WRITE through FileSet/media operations where field is accepted; processing fields system-owned,Media,ExternalVideo embedUrl,INITIAL_RESEARCH
ExternalVideo,fileErrors,derived_projection,media,2026-07,admin_graphql_media,READ,WRITE through FileSet/media operations where field is accepted; processing fields system-owned,Media,ExternalVideo fileErrors,INITIAL_RESEARCH
ExternalVideo,fileStatus,derived_projection,media,2026-07,admin_graphql_media,READ,WRITE through FileSet/media operations where field is accepted; processing fields system-owned,Media,ExternalVideo fileStatus,INITIAL_RESEARCH
ExternalVideo,host,derived_projection,media,2026-07,admin_graphql_media,READ,WRITE through FileSet/media operations where field is accepted; processing fields system-owned,Media,ExternalVideo host,INITIAL_RESEARCH
ExternalVideo,id,external_system_metadata,media,2026-07,admin_graphql_media,READ,WRITE through FileSet/media operations where field is accepted; processing fields system-owned,Media,ExternalVideo id,INITIAL_RESEARCH
ExternalVideo,mediaContentType,structured_capability,media,2026-07,admin_graphql_media,READ,WRITE through FileSet/media operations where field is accepted; processing fields system-owned,Media,ExternalVideo mediaContentType,INITIAL_RESEARCH
ExternalVideo,mediaErrors,derived_projection,media,2026-07,admin_graphql_media,READ,WRITE through FileSet/media operations where field is accepted; processing fields system-owned,Media,ExternalVideo mediaErrors,INITIAL_RESEARCH
ExternalVideo,mediaWarnings,derived_projection,media,2026-07,admin_graphql_media,READ,WRITE through FileSet/media operations where field is accepted; processing fields system-owned,Media,ExternalVideo mediaWarnings,INITIAL_RESEARCH
ExternalVideo,originUrl,derived_projection,media,2026-07,admin_graphql_media,READ,WRITE through FileSet/media operations where field is accepted; processing fields system-owned,Media,ExternalVideo originUrl,INITIAL_RESEARCH
ExternalVideo,preview,derived_projection,media,2026-07,admin_graphql_media,READ,WRITE through FileSet/media operations where field is accepted; processing fields system-owned,Media,ExternalVideo preview,INITIAL_RESEARCH
ExternalVideo,status,derived_projection,media,2026-07,admin_graphql_media,READ,WRITE through FileSet/media operations where field is accepted; processing fields system-owned,Media,ExternalVideo status,INITIAL_RESEARCH
ExternalVideo,updatedAt,external_system_metadata,media,2026-07,admin_graphql_media,READ,WRITE through FileSet/media operations where field is accepted; processing fields system-owned,Media,ExternalVideo updatedAt,INITIAL_RESEARCH
ExternalVideo,updateStatus,derived_projection,media,2026-07,admin_graphql_media,READ,WRITE through FileSet/media operations where field is accepted; processing fields system-owned,Media,ExternalVideo updateStatus,INITIAL_RESEARCH
GiftCardProductSetInput,collections,structured_capability,gift_card_product,2026-07,admin_graphql_gift_card_product,input schema,WRITE via giftCardProductSet; availability/version must be confirmed on target,Gift-card Product capability,collections,INITIAL_RESEARCH
GiftCardProductSetInput,crossCurrencyRedeemable,domain_value,gift_card_product,2026-07,admin_graphql_gift_card_product,input schema,WRITE via giftCardProductSet; availability/version must be confirmed on target,Gift-card Product capability,crossCurrencyRedeemable,INITIAL_RESEARCH
GiftCardProductSetInput,descriptionHtml,semantic_field,gift_card_product,2026-07,admin_graphql_gift_card_product,input schema,WRITE via giftCardProductSet; availability/version must be confirmed on target,Gift-card Product capability,descriptionHtml,INITIAL_RESEARCH
GiftCardProductSetInput,files,structured_capability,gift_card_product,2026-07,admin_graphql_gift_card_product,input schema,WRITE via giftCardProductSet; availability/version must be confirmed on target,Gift-card Product capability,files,INITIAL_RESEARCH
GiftCardProductSetInput,giftCardTemplateSuffix,connector_context,gift_card_product,2026-07,admin_graphql_gift_card_product,input schema,WRITE via giftCardProductSet; availability/version must be confirmed on target,Gift-card Product capability,giftCardTemplateSuffix,INITIAL_RESEARCH
GiftCardProductSetInput,handle,connector_context,gift_card_product,2026-07,admin_graphql_gift_card_product,input schema,WRITE via giftCardProductSet; availability/version must be confirmed on target,Gift-card Product capability,handle,INITIAL_RESEARCH
GiftCardProductSetInput,issuanceCurrency,domain_value,gift_card_product,2026-07,admin_graphql_gift_card_product,input schema,WRITE via giftCardProductSet; availability/version must be confirmed on target,Gift-card Product capability,issuanceCurrency,INITIAL_RESEARCH
GiftCardProductSetInput,metafields,structured_capability,gift_card_product,2026-07,admin_graphql_gift_card_product,input schema,WRITE via giftCardProductSet; availability/version must be confirmed on target,Gift-card Product capability,metafields,INITIAL_RESEARCH
GiftCardProductSetInput,productOptions,structured_capability,gift_card_product,2026-07,admin_graphql_gift_card_product,input schema,WRITE via giftCardProductSet; availability/version must be confirmed on target,Gift-card Product capability,productOptions,INITIAL_RESEARCH
GiftCardProductSetInput,productType,semantic_field,gift_card_product,2026-07,admin_graphql_gift_card_product,input schema,WRITE via giftCardProductSet; availability/version must be confirmed on target,Gift-card Product capability,productType,INITIAL_RESEARCH
GiftCardProductSetInput,redirectNewHandle,connector_context,gift_card_product,2026-07,admin_graphql_gift_card_product,input schema,WRITE via giftCardProductSet; availability/version must be confirmed on target,Gift-card Product capability,redirectNewHandle,INITIAL_RESEARCH
GiftCardProductSetInput,seo,structured_capability,gift_card_product,2026-07,admin_graphql_gift_card_product,input schema,WRITE via giftCardProductSet; availability/version must be confirmed on target,Gift-card Product capability,seo,INITIAL_RESEARCH
GiftCardProductSetInput,status,semantic_field,gift_card_product,2026-07,admin_graphql_gift_card_product,input schema,WRITE via giftCardProductSet; availability/version must be confirmed on target,Gift-card Product capability,status,INITIAL_RESEARCH
GiftCardProductSetInput,tags,semantic_field,gift_card_product,2026-07,admin_graphql_gift_card_product,input schema,WRITE via giftCardProductSet; availability/version must be confirmed on target,Gift-card Product capability,tags,INITIAL_RESEARCH
GiftCardProductSetInput,templateSuffix,connector_context,gift_card_product,2026-07,admin_graphql_gift_card_product,input schema,WRITE via giftCardProductSet; availability/version must be confirmed on target,Gift-card Product capability,templateSuffix,INITIAL_RESEARCH
GiftCardProductSetInput,title,semantic_field,gift_card_product,2026-07,admin_graphql_gift_card_product,input schema,WRITE via giftCardProductSet; availability/version must be confirmed on target,Gift-card Product capability,title,INITIAL_RESEARCH
GiftCardProductSetInput,variants,structured_capability,gift_card_product,2026-07,admin_graphql_gift_card_product,input schema,WRITE via giftCardProductSet; availability/version must be confirmed on target,Gift-card Product capability,variants,INITIAL_RESEARCH
GiftCardProductSetInput,vendor,semantic_field,gift_card_product,2026-07,admin_graphql_gift_card_product,input schema,WRITE via giftCardProductSet; availability/version must be confirmed on target,Gift-card Product capability,vendor,INITIAL_RESEARCH
GiftCardProductVariantSetInput,barcode,semantic_field,gift_card_product,2026-07,admin_graphql_gift_card_product,input schema,WRITE via giftCardProductSet; gift-card variant defaults force non-taxable/no-shipping/untracked inventory,Gift-card Product capability,barcode,INITIAL_RESEARCH
GiftCardProductVariantSetInput,file,structured_capability,gift_card_product,2026-07,admin_graphql_gift_card_product,input schema,WRITE via giftCardProductSet; gift-card variant defaults force non-taxable/no-shipping/untracked inventory,Gift-card Product capability,file,INITIAL_RESEARCH
GiftCardProductVariantSetInput,id,external_system_metadata,gift_card_product,2026-07,admin_graphql_gift_card_product,input schema,WRITE via giftCardProductSet; gift-card variant defaults force non-taxable/no-shipping/untracked inventory,Gift-card Product capability,id,INITIAL_RESEARCH
GiftCardProductVariantSetInput,metafields,structured_capability,gift_card_product,2026-07,admin_graphql_gift_card_product,input schema,WRITE via giftCardProductSet; gift-card variant defaults force non-taxable/no-shipping/untracked inventory,Gift-card Product capability,metafields,INITIAL_RESEARCH
GiftCardProductVariantSetInput,optionValues,structured_capability,gift_card_product,2026-07,admin_graphql_gift_card_product,input schema,WRITE via giftCardProductSet; gift-card variant defaults force non-taxable/no-shipping/untracked inventory,Gift-card Product capability,optionValues,INITIAL_RESEARCH
GiftCardProductVariantSetInput,position,domain_value,gift_card_product,2026-07,admin_graphql_gift_card_product,input schema,WRITE via giftCardProductSet; gift-card variant defaults force non-taxable/no-shipping/untracked inventory,Gift-card Product capability,position,INITIAL_RESEARCH
GiftCardProductVariantSetInput,price,domain_value,gift_card_product,2026-07,admin_graphql_gift_card_product,input schema,WRITE via giftCardProductSet; gift-card variant defaults force non-taxable/no-shipping/untracked inventory,Gift-card Product capability,price,INITIAL_RESEARCH
GiftCardProductVariantSetInput,published,domain_value,gift_card_product,2026-07,admin_graphql_gift_card_product,input schema,WRITE via giftCardProductSet; gift-card variant defaults force non-taxable/no-shipping/untracked inventory,Gift-card Product capability,published,INITIAL_RESEARCH
GiftCardProductVariantSetInput,sku,semantic_field,gift_card_product,2026-07,admin_graphql_gift_card_product,input schema,WRITE via giftCardProductSet; gift-card variant defaults force non-taxable/no-shipping/untracked inventory,Gift-card Product capability,sku,INITIAL_RESEARCH
StandardMetafieldDefinition,descriptors.subtitle,schema_metadata,product_content,current standard definition list,shopify_standard_metafields,standard definition/template READ,values readable/writable when enabled and access permits; enable via standard definition mechanisms,Cross-platform semantic candidate / connector schema,Product subtitle [single_line_text_field] on PRODUCT;PRODUCTVARIANT,INITIAL_RESEARCH
StandardMetafieldDefinition,descriptors.care_guide,schema_metadata,product_content,current standard definition list,shopify_standard_metafields,standard definition/template READ,values readable/writable when enabled and access permits; enable via standard definition mechanisms,Cross-platform semantic candidate / connector schema,Care guide [multi_line_text_field] on PRODUCT;PRODUCTVARIANT,INITIAL_RESEARCH
StandardMetafieldDefinition,facts.isbn,schema_metadata,variant_identity,current standard definition list,shopify_standard_metafields,standard definition/template READ,values readable/writable when enabled and access permits; enable via standard definition mechanisms,Cross-platform semantic candidate / connector schema,ISBN [single_line_text_field] on PRODUCT;PRODUCTVARIANT,INITIAL_RESEARCH
StandardMetafieldDefinition,facts.upc,schema_metadata,variant_identity,current standard definition list,shopify_standard_metafields,standard definition/template READ,values readable/writable when enabled and access permits; enable via standard definition mechanisms,Cross-platform semantic candidate / connector schema,UPC [single_line_text_field] on PRODUCT;PRODUCTVARIANT,INITIAL_RESEARCH
StandardMetafieldDefinition,facts.ean,schema_metadata,variant_identity,current standard definition list,shopify_standard_metafields,standard definition/template READ,values readable/writable when enabled and access permits; enable via standard definition mechanisms,Cross-platform semantic candidate / connector schema,EAN [single_line_text_field] on PRODUCT;PRODUCTVARIANT,INITIAL_RESEARCH
StandardMetafieldDefinition,reviews.rating,schema_metadata,reviews_ratings,current standard definition list,shopify_standard_metafields,standard definition/template READ,values readable/writable when enabled and access permits; enable via standard definition mechanisms,Cross-platform semantic candidate / connector schema,Product rating [rating] on PRODUCT;PRODUCTVARIANT,INITIAL_RESEARCH
StandardMetafieldDefinition,reviews.rating_count,schema_metadata,reviews_ratings,current standard definition list,shopify_standard_metafields,standard definition/template READ,values readable/writable when enabled and access permits; enable via standard definition mechanisms,Cross-platform semantic candidate / connector schema,Product rating count [number_integer] on PRODUCT;PRODUCTVARIANT,INITIAL_RESEARCH
StandardMetafieldDefinition,shopify--discovery--product_recommendation.related_products,schema_metadata,collections_relations,current standard definition list,shopify_standard_metafields,standard definition/template READ,values readable/writable when enabled and access permits; enable via standard definition mechanisms,Cross-platform semantic candidate / connector schema,Related products [list.product_reference] on PRODUCT,INITIAL_RESEARCH
StandardMetafieldDefinition,shopify--discovery--product_recommendation.related_products_display,schema_metadata,presentation_template,current standard definition list,shopify_standard_metafields,standard definition/template READ,values readable/writable when enabled and access permits; enable via standard definition mechanisms,Cross-platform semantic candidate / connector schema,Related products setting [single_line_text_field] on PRODUCT,INITIAL_RESEARCH
StandardMetafieldDefinition,shopify--discovery--product_search_boost.queries,schema_metadata,seo_routing,current standard definition list,shopify_standard_metafields,standard definition/template READ,values readable/writable when enabled and access permits; enable via standard definition mechanisms,Cross-platform semantic candidate / connector schema,Search product boosts [list.single_line_text_field] on PRODUCT,INITIAL_RESEARCH
StandardMetafieldDefinition,shopify--discovery--product_recommendation.complementary_products,schema_metadata,collections_relations,current standard definition list,shopify_standard_metafields,standard definition/template READ,values readable/writable when enabled and access permits; enable via standard definition mechanisms,Cross-platform semantic candidate / connector schema,Complementary products [list.product_reference] on PRODUCT,INITIAL_RESEARCH
StandardMetafieldDefinition,import_information.trade_item_description,schema_metadata,shipping_customs,current standard definition list,shopify_standard_metafields,standard definition/template READ,values readable/writable when enabled and access permits; enable via standard definition mechanisms,Cross-platform semantic candidate / connector schema,Trade item description [multi_line_text_field] on PRODUCT;PRODUCTVARIANT,INITIAL_RESEARCH
StandardMetafieldDefinition,import_information.product_transport_declaration,schema_metadata,shipping_customs,current standard definition list,shopify_standard_metafields,standard definition/template READ,values readable/writable when enabled and access permits; enable via standard definition mechanisms,Cross-platform semantic candidate / connector schema,Product transport declaration [list.single_line_text_field] on PRODUCT;PRODUCTVARIANT,INITIAL_RESEARCH
StandardMetafieldDefinition,shopify.external_url,schema_metadata,seo_routing,current standard definition list,shopify_standard_metafields,standard definition/template READ,values readable/writable when enabled and access permits; enable via standard definition mechanisms,Cross-platform semantic candidate / connector schema,External URL [url] on PRODUCTVARIANT,INITIAL_RESEARCH
StandardMetafieldDefinition,shopify.unavailable_reason,schema_metadata,product_identity_lifecycle,current standard definition list,shopify_standard_metafields,standard definition/template READ,values readable/writable when enabled and access permits; enable via standard definition mechanisms,Cross-platform semantic candidate / connector schema,Unavailable reason [single_line_text_field] on PRODUCT,INITIAL_RESEARCH
StandardMetaobjectDefinition,product_review,structured_capability,reviews_ratings,current standard definition list,shopify_standard_metaobjects,standard definition/template READ,available only to approved partners; enable/use per standard metaobject rules,Reviews/ratings capability,structured Product Review metaobject,INITIAL_RESEARCH
ProductSetIdentifiers,customId,structured_capability,product_sync_mutation,2026-07,admin_graphql_product_set,input identifier,WRITE identifier for productSet/giftCardProductSet upsert,External identity / connector sync,unique metafield value custom identifier,LEAD_COMPLETENESS_PASS
ProductSetIdentifiers,handle,connector_context,product_sync_mutation,2026-07,admin_graphql_product_set,input identifier,WRITE identifier for productSet/giftCardProductSet upsert,External identity / connector sync,Shopify handle identifier,LEAD_COMPLETENESS_PASS
ProductSetIdentifiers,id,external_system_metadata,product_sync_mutation,2026-07,admin_graphql_product_set,input identifier,WRITE identifier for productSet/giftCardProductSet upsert,External identity / connector sync,Shopify Product GID,LEAD_COMPLETENESS_PASS
ProductSetOperation,id,external_system_metadata,product_sync_mutation,2026-07,admin_graphql_product_set,READ via productOperation query,system-owned async operation result,Connector sync orchestration,operation GID,LEAD_COMPLETENESS_PASS
ProductSetOperation,product,structured_capability,product_sync_mutation,2026-07,admin_graphql_product_set,READ via productOperation query,system-owned async operation result,Connector sync orchestration,created/updated Product result,LEAD_COMPLETENESS_PASS
ProductSetOperation,status,external_system_metadata,product_sync_mutation,2026-07,admin_graphql_product_set,READ via productOperation query,system-owned async operation result,Connector sync orchestration,CREATED / ACTIVE / COMPLETE,LEAD_COMPLETENESS_PASS
ProductSetOperation,userErrors,structured_capability,product_sync_mutation,2026-07,admin_graphql_product_set,READ via productOperation query,system-owned async operation result,Connector sync orchestration,async mutation user-error list,LEAD_COMPLETENESS_PASS
GenericFile,alt,semantic_field,media,2026-07,admin_graphql_files,READ,file update/create where supported,Media/assets,alt,LEAD_COMPLETENESS_PASS
GenericFile,createdAt,external_system_metadata,media,2026-07,admin_graphql_files,READ,system-owned,Media/assets,createdAt,LEAD_COMPLETENESS_PASS
GenericFile,fileErrors,derived_projection,media,2026-07,admin_graphql_files,READ,system-owned,Media/assets,fileErrors,LEAD_COMPLETENESS_PASS
GenericFile,fileStatus,derived_projection,media,2026-07,admin_graphql_files,READ,system-owned,Media/assets,fileStatus,LEAD_COMPLETENESS_PASS
GenericFile,id,external_system_metadata,media,2026-07,admin_graphql_files,READ,system-owned GID,Media/assets,id,LEAD_COMPLETENESS_PASS
GenericFile,mimeType,derived_projection,media,2026-07,admin_graphql_files,READ,system-detected,Media/assets,mimeType,LEAD_COMPLETENESS_PASS
GenericFile,originalFileSize,derived_projection,media,2026-07,admin_graphql_files,READ,system-detected,Media/assets,originalFileSize,LEAD_COMPLETENESS_PASS
GenericFile,preview,derived_projection,media,2026-07,admin_graphql_files,READ,system-generated,Media/assets,preview,LEAD_COMPLETENESS_PASS
GenericFile,updatedAt,external_system_metadata,media,2026-07,admin_graphql_files,READ,system-owned,Media/assets,updatedAt,LEAD_COMPLETENESS_PASS
GenericFile,url,derived_projection,media,2026-07,admin_graphql_files,READ,system file URL,Media/assets,url,LEAD_COMPLETENESS_PASS
CollectionSource,app,external_system_metadata,collections_relations,2026-07,admin_graphql_collection_sources,READ,source-type-specific writes,Category/relations,owning app,LEAD_COMPLETENESS_PASS
CollectionSource,description,schema_metadata,collections_relations,2026-07,admin_graphql_collection_sources,READ,source-type-specific writes,Category/relations,source description,LEAD_COMPLETENESS_PASS
CollectionSource,id,external_system_metadata,collections_relations,2026-07,admin_graphql_collection_sources,READ,source-type-specific writes,Category/relations,source GID,LEAD_COMPLETENESS_PASS
CollectionSource,title,schema_metadata,collections_relations,2026-07,admin_graphql_collection_sources,READ,source-type-specific writes,Category/relations,source title,LEAD_COMPLETENESS_PASS
CollectionConditionsSource,app,external_system_metadata,collections_relations,2026-07,admin_graphql_collection_sources,READ,collection source mutations,Category/relations,owning app,LEAD_COMPLETENESS_PASS
CollectionConditionsSource,description,schema_metadata,collections_relations,2026-07,admin_graphql_collection_sources,READ,collection source mutations,Category/relations,description,LEAD_COMPLETENESS_PASS
CollectionConditionsSource,exclusion,structured_capability,collections_relations,2026-07,admin_graphql_collection_sources,READ,collection source mutations,Category/relations,exclusion rules/selections,LEAD_COMPLETENESS_PASS
CollectionConditionsSource,id,external_system_metadata,collections_relations,2026-07,admin_graphql_collection_sources,READ,collection source mutations,Category/relations,source GID,LEAD_COMPLETENESS_PASS
CollectionConditionsSource,inclusion,structured_capability,collections_relations,2026-07,admin_graphql_collection_sources,READ,collection source mutations,Category/relations,inclusion rules/selections,LEAD_COMPLETENESS_PASS
CollectionConditionsSource,products,structured_capability,collections_relations,2026-07,admin_graphql_collection_sources,READ,collection source mutations,Category/relations,resolved products,LEAD_COMPLETENESS_PASS
CollectionConditionsSource,shareable,domain_value,collections_relations,2026-07,admin_graphql_collection_sources,READ,collection source mutations,Category/relations,source sharing/ownership policy,LEAD_COMPLETENESS_PASS
CollectionConditionsSource,targetType,schema_metadata,collections_relations,2026-07,admin_graphql_collection_sources,READ,collection source mutations,Category/relations,PRODUCTS or variant-level target semantics,LEAD_COMPLETENESS_PASS
CollectionConditionsSource,title,schema_metadata,collections_relations,2026-07,admin_graphql_collection_sources,READ,collection source mutations,Category/relations,source title,LEAD_COMPLETENESS_PASS
CollectionSubCollectionsSource,app,external_system_metadata,collections_relations,2026-07,admin_graphql_collection_sources,READ,collection source mutations; source is non-shareable,Category/relations,owning app,LEAD_COMPLETENESS_PASS
CollectionSubCollectionsSource,collections,structured_capability,collections_relations,2026-07,admin_graphql_collection_sources,READ,collection source mutations; source is non-shareable,Category/relations,referenced sub-collections,LEAD_COMPLETENESS_PASS
CollectionSubCollectionsSource,description,schema_metadata,collections_relations,2026-07,admin_graphql_collection_sources,READ,collection source mutations; source is non-shareable,Category/relations,description,LEAD_COMPLETENESS_PASS
CollectionSubCollectionsSource,id,external_system_metadata,collections_relations,2026-07,admin_graphql_collection_sources,READ,collection source mutations; source is non-shareable,Category/relations,source GID,LEAD_COMPLETENESS_PASS
CollectionSubCollectionsSource,title,schema_metadata,collections_relations,2026-07,admin_graphql_collection_sources,READ,collection source mutations; source is non-shareable,Category/relations,source title,LEAD_COMPLETENESS_PASS
CollectionLegacyRuleSet,ruleSet,structured_capability,collections_relations,2026-07,admin_graphql_collections,legacy READ/compatibility,DEPRECATED current write model; migrate to Collection sources/conditions,Category/relations,legacy smart-collection ruleSet,LEAD_COMPLETENESS_PASS
PriceListParent,adjustment,structured_capability,pricing_contextual_catalogs,2026-07,admin_graphql_pricelists,READ,WRITE via PriceList parent input,Pricing,relative price adjustment,LEAD_COMPLETENESS_PASS
PriceListParent,settings,structured_capability,pricing_contextual_catalogs,2026-07,admin_graphql_pricelists,READ,WRITE via PriceList parent input,Pricing,compare-at adjustment settings,LEAD_COMPLETENESS_PASS
PriceListAdjustment,type,domain_value,pricing_contextual_catalogs,2026-07,admin_graphql_pricelists,READ,WRITE via PriceListAdjustmentInput,Pricing,percentage adjustment type,LEAD_COMPLETENESS_PASS
PriceListAdjustment,value,domain_value,pricing_contextual_catalogs,2026-07,admin_graphql_pricelists,READ,WRITE via PriceListAdjustmentInput,Pricing,adjustment value; positive reduces and negative increases per Shopify semantics,LEAD_COMPLETENESS_PASS
PriceListAdjustmentSettings,compareAtMode,domain_value,pricing_contextual_catalogs,2026-07,admin_graphql_pricelists,READ,WRITE via PriceListAdjustmentSettingsInput,Pricing,compare-at adjustment mode,LEAD_COMPLETENESS_PASS
QuantityRule,increment,domain_value,quantity_pricing,2026-07,admin_graphql_pricelists,READ,WRITE via QuantityRuleInput/quantity pricing mutations where field writable,Pricing,allowed quantity increment,LEAD_COMPLETENESS_PASS
QuantityRule,isDefault,derived_projection,quantity_pricing,2026-07,admin_graphql_pricelists,READ,WRITE via QuantityRuleInput/quantity pricing mutations where field writable,Pricing,default-rule projection,LEAD_COMPLETENESS_PASS
QuantityRule,maximum,domain_value,quantity_pricing,2026-07,admin_graphql_pricelists,READ,WRITE via QuantityRuleInput/quantity pricing mutations where field writable,Pricing,maximum order quantity,LEAD_COMPLETENESS_PASS
QuantityRule,minimum,domain_value,quantity_pricing,2026-07,admin_graphql_pricelists,READ,WRITE via QuantityRuleInput/quantity pricing mutations where field writable,Pricing,minimum order quantity,LEAD_COMPLETENESS_PASS
QuantityRule,originType,derived_projection,quantity_pricing,2026-07,admin_graphql_pricelists,READ,WRITE via QuantityRuleInput/quantity pricing mutations where field writable,Pricing,origin/default source,LEAD_COMPLETENESS_PASS
QuantityRule,productVariant,external_system_metadata,quantity_pricing,2026-07,admin_graphql_pricelists,READ,WRITE via QuantityRuleInput/quantity pricing mutations where field writable,Pricing,variant reference,LEAD_COMPLETENESS_PASS
SellingPlanGroup,appId,external_system_metadata,selling_plans_purchase_options,2026-07,admin_graphql_selling_plans,READ,WRITE via selling-plan group mutations where applicable,Purchase options/Pricing,appId,LEAD_COMPLETENESS_PASS
SellingPlanGroup,appliesToProduct,derived_projection,selling_plans_purchase_options,2026-07,admin_graphql_selling_plans,READ,WRITE via selling-plan group mutations where applicable,Purchase options/Pricing,appliesToProduct,LEAD_COMPLETENESS_PASS
SellingPlanGroup,appliesToProductVariant,derived_projection,selling_plans_purchase_options,2026-07,admin_graphql_selling_plans,READ,WRITE via selling-plan group mutations where applicable,Purchase options/Pricing,appliesToProductVariant,LEAD_COMPLETENESS_PASS
SellingPlanGroup,appliesToProductVariants,derived_projection,selling_plans_purchase_options,2026-07,admin_graphql_selling_plans,READ,WRITE via selling-plan group mutations where applicable,Purchase options/Pricing,appliesToProductVariants,LEAD_COMPLETENESS_PASS
SellingPlanGroup,createdAt,external_system_metadata,selling_plans_purchase_options,2026-07,admin_graphql_selling_plans,READ,WRITE via selling-plan group mutations where applicable,Purchase options/Pricing,createdAt,LEAD_COMPLETENESS_PASS
SellingPlanGroup,description,semantic_field,selling_plans_purchase_options,2026-07,admin_graphql_selling_plans,READ,WRITE via selling-plan group mutations where applicable,Purchase options/Pricing,description,LEAD_COMPLETENESS_PASS
SellingPlanGroup,id,external_system_metadata,selling_plans_purchase_options,2026-07,admin_graphql_selling_plans,READ,WRITE via selling-plan group mutations where applicable,Purchase options/Pricing,id,LEAD_COMPLETENESS_PASS
SellingPlanGroup,merchantCode,schema_metadata,selling_plans_purchase_options,2026-07,admin_graphql_selling_plans,READ,WRITE via selling-plan group mutations where applicable,Purchase options/Pricing,merchantCode,LEAD_COMPLETENESS_PASS
SellingPlanGroup,name,semantic_field,selling_plans_purchase_options,2026-07,admin_graphql_selling_plans,READ,WRITE via selling-plan group mutations where applicable,Purchase options/Pricing,name,LEAD_COMPLETENESS_PASS
SellingPlanGroup,options,structured_capability,selling_plans_purchase_options,2026-07,admin_graphql_selling_plans,READ,WRITE via selling-plan group mutations where applicable,Purchase options/Pricing,options,LEAD_COMPLETENESS_PASS
SellingPlanGroup,position,domain_value,selling_plans_purchase_options,2026-07,admin_graphql_selling_plans,READ,WRITE via selling-plan group mutations where applicable,Purchase options/Pricing,position,LEAD_COMPLETENESS_PASS
SellingPlanGroup,productsCount,derived_projection,selling_plans_purchase_options,2026-07,admin_graphql_selling_plans,READ,WRITE via selling-plan group mutations where applicable,Purchase options/Pricing,productsCount,LEAD_COMPLETENESS_PASS
SellingPlanGroup,productVariantsCount,derived_projection,selling_plans_purchase_options,2026-07,admin_graphql_selling_plans,READ,WRITE via selling-plan group mutations where applicable,Purchase options/Pricing,productVariantsCount,LEAD_COMPLETENESS_PASS
SellingPlanGroup,summary,derived_projection,selling_plans_purchase_options,2026-07,admin_graphql_selling_plans,READ,WRITE via selling-plan group mutations where applicable,Purchase options/Pricing,summary,LEAD_COMPLETENESS_PASS
SellingPlanGroup,translations,structured_capability,selling_plans_purchase_options,2026-07,admin_graphql_selling_plans,READ,WRITE via selling-plan group mutations where applicable,Purchase options/Pricing,translations,LEAD_COMPLETENESS_PASS
SellingPlan,createdAt,external_system_metadata,selling_plans_purchase_options,2026-07,admin_graphql_selling_plans,READ,WRITE via SellingPlanInput where applicable,Purchase options/Pricing,createdAt,LEAD_COMPLETENESS_PASS
SellingPlan,description,semantic_field,selling_plans_purchase_options,2026-07,admin_graphql_selling_plans,READ,WRITE via SellingPlanInput where applicable,Purchase options/Pricing,description,LEAD_COMPLETENESS_PASS
SellingPlan,id,external_system_metadata,selling_plans_purchase_options,2026-07,admin_graphql_selling_plans,READ,WRITE via SellingPlanInput where applicable,Purchase options/Pricing,id,LEAD_COMPLETENESS_PASS
SellingPlan,inventoryPolicy,structured_capability,selling_plans_purchase_options,2026-07,admin_graphql_selling_plans,READ,WRITE via SellingPlanInput where applicable,Purchase options/Pricing,inventoryPolicy,LEAD_COMPLETENESS_PASS
SellingPlan,metafield,structured_capability,selling_plans_purchase_options,2026-07,admin_graphql_selling_plans,READ,WRITE via SellingPlanInput where applicable,Purchase options/Pricing,metafield,LEAD_COMPLETENESS_PASS
SellingPlan,metafields,structured_capability,selling_plans_purchase_options,2026-07,admin_graphql_selling_plans,READ,WRITE via SellingPlanInput where applicable,Purchase options/Pricing,metafields,LEAD_COMPLETENESS_PASS
SellingPlan,name,semantic_field,selling_plans_purchase_options,2026-07,admin_graphql_selling_plans,READ,WRITE via SellingPlanInput where applicable,Purchase options/Pricing,name,LEAD_COMPLETENESS_PASS
SellingPlan,position,domain_value,selling_plans_purchase_options,2026-07,admin_graphql_selling_plans,READ,WRITE via SellingPlanInput where applicable,Purchase options/Pricing,position,LEAD_COMPLETENESS_PASS
SellingPlan,translations,structured_capability,selling_plans_purchase_options,2026-07,admin_graphql_selling_plans,READ,WRITE via SellingPlanInput where applicable,Purchase options/Pricing,translations,LEAD_COMPLETENESS_PASS
TaxonomyChoiceListAttribute,id,external_system_metadata,taxonomy_standard_category,2026-07,admin_graphql_taxonomy,READ,Shopify-owned taxonomy schema; Product assignment is separate,Taxonomy/channel mapping,id,LEAD_COMPLETENESS_PASS
TaxonomyChoiceListAttribute,name,schema_metadata,taxonomy_standard_category,2026-07,admin_graphql_taxonomy,READ,Shopify-owned taxonomy schema; Product assignment is separate,Taxonomy/channel mapping,name,LEAD_COMPLETENESS_PASS
TaxonomyChoiceListAttribute,values,structured_capability,taxonomy_standard_category,2026-07,admin_graphql_taxonomy,READ,Shopify-owned taxonomy schema; Product assignment is separate,Taxonomy/channel mapping,values,LEAD_COMPLETENESS_PASS
TaxonomyMeasurementAttribute,id,external_system_metadata,taxonomy_standard_category,2026-07,admin_graphql_taxonomy,READ,Shopify-owned taxonomy schema; Product assignment is separate,Taxonomy/channel mapping,id,LEAD_COMPLETENESS_PASS
TaxonomyMeasurementAttribute,name,schema_metadata,taxonomy_standard_category,2026-07,admin_graphql_taxonomy,READ,Shopify-owned taxonomy schema; Product assignment is separate,Taxonomy/channel mapping,name,LEAD_COMPLETENESS_PASS
TaxonomyMeasurementAttribute,options,structured_capability,taxonomy_standard_category,2026-07,admin_graphql_taxonomy,READ,Shopify-owned taxonomy schema; Product assignment is separate,Taxonomy/channel mapping,options,LEAD_COMPLETENESS_PASS
BulkOperationCapability,bulkOperationRunQuery,structured_capability,connector_bulk_transport,2026-07,admin_graphql_bulk_operations,async query execution,starts bulk query; current 2026-07 concurrency applies,Connector transport/runtime,high-volume READ,LEAD_COMPLETENESS_PASS
BulkOperationCapability,bulkOperationRunMutation,structured_capability,connector_bulk_transport,2026-07,admin_graphql_bulk_operations,async mutation result,executes one mutation per JSONL input line via staged upload,Connector transport/runtime,high-volume WRITE,LEAD_COMPLETENESS_PASS
BulkOperationCapability,query_connection_limit,connector_context,connector_bulk_transport,2026-07,admin_graphql_bulk_operations,up to five connections / depth-two nesting documented,,Connector transport/runtime,bulk query shape constraint,LEAD_COMPLETENESS_PASS
BulkOperationCapability,result_retention,connector_context,connector_bulk_transport,2026-07,admin_graphql_bulk_operations,result URLs retained seven days,,Connector transport/runtime,ephemeral result retention,LEAD_COMPLETENESS_PASS
BulkOperationCapability,query_concurrency,connector_context,connector_bulk_transport,2026-07,admin_graphql_bulk_operations,up to five bulk query operations per app/shop from 2026-01+,,Connector transport/runtime,per-shop concurrency,LEAD_COMPLETENESS_PASS
BulkOperationCapability,mutation_jsonl,structured_capability,connector_bulk_transport,2026-07,admin_graphql_bulk_operations,JSONL output/result,staged-upload JSONL input; each line separate mutation execution,Connector transport/runtime,bulk mutation input/output format,LEAD_COMPLETENESS_PASS
BulkOperationCapability,partialDataUrl,derived_projection,connector_bulk_transport,2026-07,admin_graphql_bulk_operations,partial result URL on failed operation,system-owned,Connector transport/runtime,partial failure evidence,LEAD_COMPLETENESS_PASS
BulkOperationCapability,objectCount,derived_projection,connector_bulk_transport,2026-07,admin_graphql_bulk_operations,processed object count,system-owned,Connector transport/runtime,progress evidence,LEAD_COMPLETENESS_PASS
BulkOperationCapability,rootObjectCount,derived_projection,connector_bulk_transport,2026-07,admin_graphql_bulk_operations,processed root object count,system-owned,Connector transport/runtime,progress evidence,LEAD_COMPLETENESS_PASS
BulkOperationCapability,status,external_system_metadata,connector_bulk_transport,2026-07,admin_graphql_bulk_operations,operation status,system-owned,Connector transport/runtime,operation lifecycle,LEAD_COMPLETENESS_PASS
WebhookSubscription,apiVersion,connector_context,connector_freshness_events,2026-07,shopify_webhooks,READ subscription config,WRITE subscription/app config,Connector freshness/runtime,payload serialization API version,LEAD_COMPLETENESS_PASS
WebhookSubscription,filter,connector_context,connector_freshness_events,2026-07,shopify_webhooks,READ subscription config,WRITE subscription/app config,Connector freshness/runtime,delivery filter,LEAD_COMPLETENESS_PASS
WebhookSubscription,format,connector_context,connector_freshness_events,2026-07,shopify_webhooks,READ subscription config,WRITE subscription/app config,Connector freshness/runtime,delivery format,LEAD_COMPLETENESS_PASS
WebhookSubscription,id,external_system_metadata,connector_freshness_events,2026-07,shopify_webhooks,READ subscription config,WRITE subscription/app config,Connector freshness/runtime,subscription GID,LEAD_COMPLETENESS_PASS
WebhookSubscription,includeFields,connector_context,connector_freshness_events,2026-07,shopify_webhooks,READ subscription config,WRITE subscription/app config,Connector freshness/runtime,payload field inclusion,LEAD_COMPLETENESS_PASS
WebhookSubscription,metafieldNamespaces,connector_context,connector_freshness_events,2026-07,shopify_webhooks,READ subscription config,WRITE subscription/app config,Connector freshness/runtime,included metafield namespaces,LEAD_COMPLETENESS_PASS
WebhookSubscription,metafields,connector_context,connector_freshness_events,2026-07,shopify_webhooks,READ subscription config,WRITE subscription/app config,Connector freshness/runtime,included metafield identifiers,LEAD_COMPLETENESS_PASS
WebhookSubscription,name,connector_context,connector_freshness_events,2026-07,shopify_webhooks,READ subscription config,WRITE subscription/app config,Connector freshness/runtime,subscription label,LEAD_COMPLETENESS_PASS
WebhookSubscription,topic,connector_context,connector_freshness_events,2026-07,shopify_webhooks,READ subscription config,WRITE subscription/app config,Connector freshness/runtime,event topic,LEAD_COMPLETENESS_PASS
WebhookSubscription,uri,connector_context,connector_freshness_events,2026-07,shopify_webhooks,READ subscription config,WRITE subscription/app config,Connector freshness/runtime,destination URI,LEAD_COMPLETENESS_PASS
InventoryItem,variant,structured_capability,variant_identity,2026-07,admin_graphql_inventory,READ relationship,system relationship; Product/variant mutations own association,Product catalogue / external identity,associated ProductVariant,LEAD_COMPLETENESS_PASS
SellingPlan,metafieldDefinitions,schema_metadata,selling_plans_purchase_options,2026-07,admin_graphql_selling_plans,READ definitions,"definition writes through metafield-definition surfaces, not SellingPlan scalar mutation",Purchase options / connector schema,selling-plan metafield definitions,LEAD_COMPLETENESS_PASS
Metafield,description,schema_metadata,dynamic_metafields,2026-07,admin_graphql_metafields,READ,definition/owner controlled; not a generic value write,Connector schema / dynamic fields,metafield description,LEAD_COMPLETENESS_PASS
Metaobject,staffMember,external_system_metadata,metaobject_structures,2026-07,admin_graphql_metaobjects,READ creator/staff attribution,system-owned,Connector metadata,associated staff member,LEAD_COMPLETENESS_PASS
DeliveryProfile,activeMethodDefinitionsCount,derived_projection,delivery_profiles,2026-07,admin_graphql_delivery_profiles,READ,system-owned/read-only projection,Fulfillment/shipping,active delivery method count,LEAD_COMPLETENESS_PASS
DeliveryProfile,default,derived_projection,delivery_profiles,2026-07,admin_graphql_delivery_profiles,READ,system-owned/read-only projection,Fulfillment/shipping,whether this is shop default profile,LEAD_COMPLETENESS_PASS
DeliveryProfile,locationsWithoutRatesCount,derived_projection,delivery_profiles,2026-07,admin_graphql_delivery_profiles,READ,system-owned/read-only projection,Fulfillment/shipping,locations without rates count,LEAD_COMPLETENESS_PASS
DeliveryProfile,originLocationCount,derived_projection,delivery_profiles,2026-07,admin_graphql_delivery_profiles,READ,system-owned/read-only projection,Fulfillment/shipping,origin location count,LEAD_COMPLETENESS_PASS
DeliveryProfile,sellingPlanGroups,structured_capability,delivery_profiles,2026-07,admin_graphql_delivery_profiles,READ,WRITE for app-owned profile/association where supported; merchant-owned delivery-profile APIs are deprecated under market-driven shipping,Fulfillment/shipping,associated SellingPlanGroups,LEAD_COMPLETENESS_PASS
DeliveryProfile,unassignedLocations,structured_capability,delivery_profiles,2026-07,admin_graphql_delivery_profiles,READ,WRITE for app-owned profile/association where supported; merchant-owned delivery-profile APIs are deprecated under market-driven shipping,Fulfillment/shipping,unassigned locations projection,LEAD_COMPLETENESS_PASS
DeliveryProfile,unassignedLocationsPaginated,structured_capability,delivery_profiles,2026-07,admin_graphql_delivery_profiles,READ,WRITE for app-owned profile/association where supported; merchant-owned delivery-profile APIs are deprecated under market-driven shipping,Fulfillment/shipping,paginated unassigned locations,LEAD_COMPLETENESS_PASS
DeliveryProfile,version,external_system_metadata,delivery_profiles,2026-07,admin_graphql_delivery_profiles,READ,system-owned/read-only projection,Fulfillment/shipping,profile version,LEAD_COMPLETENESS_PASS
DeliveryProfile,zoneCountryCount,derived_projection,delivery_profiles,2026-07,admin_graphql_delivery_profiles,READ,system-owned/read-only projection,Fulfillment/shipping,zone country count,LEAD_COMPLETENESS_PASS
DeliveryProfile,productVariantsCountV2,derived_projection,delivery_profiles,2026-07,admin_graphql_delivery_profiles,READ,system-owned/read-only projection,Fulfillment/shipping,variant count projection V2,LEAD_COMPLETENESS_PASS
Market,assignedCustomization,structured_capability,pricing_contextual_catalogs,2026-07,admin_graphql_catalogs_markets,READ,WRITE via marketCreate/marketUpdate where mutable; counts/system identity are read-only,Pricing / channel context,Market.assignedCustomization,LEAD_COMPLETENESS_PASS
Market,catalogs,structured_capability,pricing_contextual_catalogs,2026-07,admin_graphql_catalogs_markets,READ,WRITE via marketCreate/marketUpdate where mutable; counts/system identity are read-only,Pricing / channel context,Market.catalogs,LEAD_COMPLETENESS_PASS
Market,catalogsCount,derived_projection,pricing_contextual_catalogs,2026-07,admin_graphql_catalogs_markets,READ,system-owned/read-only projection,Pricing / channel context,Market.catalogsCount,LEAD_COMPLETENESS_PASS
Market,conditions,structured_capability,pricing_contextual_catalogs,2026-07,admin_graphql_catalogs_markets,READ,WRITE via marketCreate/marketUpdate where mutable; counts/system identity are read-only,Pricing / channel context,Market.conditions,LEAD_COMPLETENESS_PASS
Market,currencySettings,structured_capability,pricing_contextual_catalogs,2026-07,admin_graphql_catalogs_markets,READ,WRITE via marketCreate/marketUpdate where mutable; counts/system identity are read-only,Pricing / channel context,Market.currencySettings,LEAD_COMPLETENESS_PASS
Market,delivery,structured_capability,pricing_contextual_catalogs,2026-07,admin_graphql_catalogs_markets,READ,WRITE via marketCreate/marketUpdate where mutable; counts/system identity are read-only,Pricing / channel context,Market.delivery,LEAD_COMPLETENESS_PASS
Market,discounts,structured_capability,pricing_contextual_catalogs,2026-07,admin_graphql_catalogs_markets,READ,WRITE via marketCreate/marketUpdate where mutable; counts/system identity are read-only,Pricing / channel context,Market.discounts,LEAD_COMPLETENESS_PASS
Market,discountsCount,derived_projection,pricing_contextual_catalogs,2026-07,admin_graphql_catalogs_markets,READ,system-owned/read-only projection,Pricing / channel context,Market.discountsCount,LEAD_COMPLETENESS_PASS
Market,handle,connector_context,pricing_contextual_catalogs,2026-07,admin_graphql_catalogs_markets,READ,WRITE via marketCreate/marketUpdate where mutable; counts/system identity are read-only,Pricing / channel context,Market.handle,LEAD_COMPLETENESS_PASS
Market,id,external_system_metadata,pricing_contextual_catalogs,2026-07,admin_graphql_catalogs_markets,READ,system-owned/read-only projection,Pricing / channel context,Market.id,LEAD_COMPLETENESS_PASS
Market,metafield,structured_capability,pricing_contextual_catalogs,2026-07,admin_graphql_catalogs_markets,READ,WRITE via marketCreate/marketUpdate where mutable; counts/system identity are read-only,Pricing / channel context,Market.metafield,LEAD_COMPLETENESS_PASS
Market,metafields,structured_capability,pricing_contextual_catalogs,2026-07,admin_graphql_catalogs_markets,READ,WRITE via marketCreate/marketUpdate where mutable; counts/system identity are read-only,Pricing / channel context,Market.metafields,LEAD_COMPLETENESS_PASS
Market,name,connector_context,pricing_contextual_catalogs,2026-07,admin_graphql_catalogs_markets,READ,WRITE via marketCreate/marketUpdate where mutable; counts/system identity are read-only,Pricing / channel context,Market.name,LEAD_COMPLETENESS_PASS
Market,priceInclusions,structured_capability,pricing_contextual_catalogs,2026-07,admin_graphql_catalogs_markets,READ,WRITE via marketCreate/marketUpdate where mutable; counts/system identity are read-only,Pricing / channel context,Market.priceInclusions,LEAD_COMPLETENESS_PASS
Market,status,connector_context,pricing_contextual_catalogs,2026-07,admin_graphql_catalogs_markets,READ,WRITE via marketCreate/marketUpdate where mutable; counts/system identity are read-only,Pricing / channel context,Market.status,LEAD_COMPLETENESS_PASS
Market,type,connector_context,pricing_contextual_catalogs,2026-07,admin_graphql_catalogs_markets,READ,WRITE via marketCreate/marketUpdate where mutable; counts/system identity are read-only,Pricing / channel context,Market.type,LEAD_COMPLETENESS_PASS
Market,webPresences,structured_capability,pricing_contextual_catalogs,2026-07,admin_graphql_catalogs_markets,READ,WRITE via marketCreate/marketUpdate where mutable; counts/system identity are read-only,Pricing / channel context,Market.webPresences,LEAD_COMPLETENESS_PASS
ProductFeed,channelId,connector_context,channel_product_feeds,2026-07,admin_graphql_product_feeds,READ,WRITE via ProductFeedInput on create where field mutable,Connector/channel transport,ProductFeed.channelId,LEAD_COMPLETENESS_PASS
ProductFeed,country,connector_context,channel_product_feeds,2026-07,admin_graphql_product_feeds,READ,WRITE via ProductFeedInput on create where field mutable,Connector/channel transport,ProductFeed.country,LEAD_COMPLETENESS_PASS
ProductFeed,id,external_system_metadata,channel_product_feeds,2026-07,admin_graphql_product_feeds,READ,system-owned,Connector/channel transport,ProductFeed.id,LEAD_COMPLETENESS_PASS
ProductFeed,language,connector_context,channel_product_feeds,2026-07,admin_graphql_product_feeds,READ,WRITE via ProductFeedInput on create where field mutable,Connector/channel transport,ProductFeed.language,LEAD_COMPLETENESS_PASS
ProductFeed,status,derived_projection,channel_product_feeds,2026-07,admin_graphql_product_feeds,READ,system-owned,Connector/channel transport,ProductFeed.status,LEAD_COMPLETENESS_PASS
ProductFeedCapability,productFeedCreate,structured_capability,channel_product_feeds,2026-07,admin_graphql_product_feeds,mutation capability,creates a ProductFeed for channel/country/language,Connector/channel transport,channel feed creation,LEAD_COMPLETENESS_PASS
ProductFeedCapability,productFeedDelete,structured_capability,channel_product_feeds,2026-07,admin_graphql_product_feeds,mutation capability,deletes ProductFeed,Connector/channel transport,channel feed deletion,LEAD_COMPLETENESS_PASS
ProductFeedCapability,productFullSync,structured_capability,channel_product_feeds,2026-07,admin_graphql_product_feeds,mutation capability,requests a full or time-bounded feed resynchronization,Connector/channel transport,channel feed synchronization,LEAD_COMPLETENESS_PASS
InventoryMutationCapability,inventoryMoveQuantities,structured_capability,inventory_locations_quantities,2026-07,admin_graphql_inventory_mutations,mutation capability,consequential WRITE; idempotency/CAS semantics as applicable,Inventory,multi-state/location quantity move,LEAD_COMPLETENESS_PASS
InventoryMutationCapability,inventoryBulkToggleActivation,structured_capability,inventory_locations_quantities,2026-07,admin_graphql_inventory_mutations,mutation capability,consequential WRITE; idempotency/CAS semantics as applicable,Inventory,location activation topology,LEAD_COMPLETENESS_PASS
MutationCapability,productOptionsReorder,structured_capability,variant_options,2026-07,admin_graphql_options,mutation capability,WRITE via named mutation,Connector/domain adapter,Product option/value ordering,LEAD_COMPLETENESS_PASS
MutationCapability,productVariantsBulkReorder,structured_capability,variant_identity,2026-07,admin_graphql_variant_bulk_input,mutation capability,WRITE via named mutation,Connector/domain adapter,variant ordering,LEAD_COMPLETENESS_PASS
MutationCapability,productVariantAppendMedia,structured_capability,media,2026-07,admin_graphql_media,mutation capability,WRITE via named mutation,Connector/domain adapter,variant-media association,LEAD_COMPLETENESS_PASS
MutationCapability,productVariantDetachMedia,structured_capability,media,2026-07,admin_graphql_media,mutation capability,WRITE via named mutation,Connector/domain adapter,variant-media disassociation,LEAD_COMPLETENESS_PASS
MutationCapability,fileCreate,structured_capability,media,2026-07,admin_graphql_files,mutation capability,WRITE via named mutation,Connector/domain adapter,file asset creation,LEAD_COMPLETENESS_PASS
MutationCapability,fileUpdate,structured_capability,media,2026-07,admin_graphql_files,mutation capability,WRITE via named mutation,Connector/domain adapter,file asset update,LEAD_COMPLETENESS_PASS
MarketDeliveryConfigurations,shipping,structured_capability,market_delivery_shipping,2026-07,admin_graphql_catalogs_markets,READ from Market.delivery.shipping / shipping option graph,WRITE through corresponding 2026-07 market-driven shipping input where mutable,Fulfillment/shipping channel context,MarketDeliveryConfigurations.shipping,LEAD_COMPLETENESS_PASS
ShippingConfiguration,isEnabled,connector_context,market_delivery_shipping,2026-07,admin_graphql_catalogs_markets,READ from Market.delivery.shipping / shipping option graph,WRITE through corresponding 2026-07 market-driven shipping input where mutable,Fulfillment/shipping channel context,ShippingConfiguration.isEnabled,LEAD_COMPLETENESS_PASS
ShippingConfiguration,optionDefinitions,structured_capability,market_delivery_shipping,2026-07,admin_graphql_catalogs_markets,READ from Market.delivery.shipping / shipping option graph,WRITE through corresponding 2026-07 market-driven shipping input where mutable,Fulfillment/shipping channel context,ShippingConfiguration.optionDefinitions,LEAD_COMPLETENESS_PASS
ShippingConfiguration,optionDefinitionsCount,derived_projection,market_delivery_shipping,2026-07,admin_graphql_catalogs_markets,READ from Market.delivery.shipping / shipping option graph,system-owned derived count,Fulfillment/shipping channel context,ShippingConfiguration.optionDefinitionsCount,LEAD_COMPLETENESS_PASS
DeliveryOptionDefinition,currency,domain_value,market_delivery_shipping,2026-07,admin_graphql_catalogs_markets,READ from Market.delivery.shipping / shipping option graph,WRITE through corresponding 2026-07 market-driven shipping input where mutable,Fulfillment/shipping channel context,DeliveryOptionDefinition.currency,LEAD_COMPLETENESS_PASS
DeliveryOptionDefinition,description,connector_context,market_delivery_shipping,2026-07,admin_graphql_catalogs_markets,READ from Market.delivery.shipping / shipping option graph,WRITE through corresponding 2026-07 market-driven shipping input where mutable,Fulfillment/shipping channel context,DeliveryOptionDefinition.description,LEAD_COMPLETENESS_PASS
DeliveryOptionDefinition,freeDeliveryMinimumValue,domain_value,market_delivery_shipping,2026-07,admin_graphql_catalogs_markets,READ from Market.delivery.shipping / shipping option graph,WRITE through corresponding 2026-07 market-driven shipping input where mutable,Fulfillment/shipping channel context,DeliveryOptionDefinition.freeDeliveryMinimumValue,LEAD_COMPLETENESS_PASS
DeliveryOptionDefinition,id,external_system_metadata,market_delivery_shipping,2026-07,admin_graphql_catalogs_markets,READ from Market.delivery.shipping / shipping option graph,system-owned external identity,Fulfillment/shipping channel context,DeliveryOptionDefinition.id,LEAD_COMPLETENESS_PASS
DeliveryOptionDefinition,includedCollections,structured_capability,market_delivery_shipping,2026-07,admin_graphql_catalogs_markets,READ from Market.delivery.shipping / shipping option graph,WRITE through corresponding 2026-07 market-driven shipping input where mutable,Fulfillment/shipping channel context,DeliveryOptionDefinition.includedCollections,LEAD_COMPLETENESS_PASS
DeliveryOptionDefinition,includedLocations,structured_capability,market_delivery_shipping,2026-07,admin_graphql_catalogs_markets,READ from Market.delivery.shipping / shipping option graph,WRITE through corresponding 2026-07 market-driven shipping input where mutable,Fulfillment/shipping channel context,DeliveryOptionDefinition.includedLocations,LEAD_COMPLETENESS_PASS
DeliveryOptionDefinition,isActive,connector_context,market_delivery_shipping,2026-07,admin_graphql_catalogs_markets,READ from Market.delivery.shipping / shipping option graph,WRITE through corresponding 2026-07 market-driven shipping input where mutable,Fulfillment/shipping channel context,DeliveryOptionDefinition.isActive,LEAD_COMPLETENESS_PASS
DeliveryFlatRateOptionDefinition,currency,domain_value,market_delivery_shipping,2026-07,admin_graphql_catalogs_markets,READ from Market.delivery.shipping / shipping option graph,WRITE through corresponding 2026-07 market-driven shipping input where mutable,Fulfillment/shipping channel context,DeliveryFlatRateOptionDefinition.currency,LEAD_COMPLETENESS_PASS
DeliveryFlatRateOptionDefinition,description,connector_context,market_delivery_shipping,2026-07,admin_graphql_catalogs_markets,READ from Market.delivery.shipping / shipping option graph,WRITE through corresponding 2026-07 market-driven shipping input where mutable,Fulfillment/shipping channel context,DeliveryFlatRateOptionDefinition.description,LEAD_COMPLETENESS_PASS
DeliveryFlatRateOptionDefinition,freeDeliveryMinimumValue,domain_value,market_delivery_shipping,2026-07,admin_graphql_catalogs_markets,READ from Market.delivery.shipping / shipping option graph,WRITE through corresponding 2026-07 market-driven shipping input where mutable,Fulfillment/shipping channel context,DeliveryFlatRateOptionDefinition.freeDeliveryMinimumValue,LEAD_COMPLETENESS_PASS
DeliveryFlatRateOptionDefinition,id,external_system_metadata,market_delivery_shipping,2026-07,admin_graphql_catalogs_markets,READ from Market.delivery.shipping / shipping option graph,system-owned external identity,Fulfillment/shipping channel context,DeliveryFlatRateOptionDefinition.id,LEAD_COMPLETENESS_PASS
DeliveryFlatRateOptionDefinition,includedCollections,structured_capability,market_delivery_shipping,2026-07,admin_graphql_catalogs_markets,READ from Market.delivery.shipping / shipping option graph,WRITE through corresponding 2026-07 market-driven shipping input where mutable,Fulfillment/shipping channel context,DeliveryFlatRateOptionDefinition.includedCollections,LEAD_COMPLETENESS_PASS
DeliveryFlatRateOptionDefinition,includedLocations,structured_capability,market_delivery_shipping,2026-07,admin_graphql_catalogs_markets,READ from Market.delivery.shipping / shipping option graph,WRITE through corresponding 2026-07 market-driven shipping input where mutable,Fulfillment/shipping channel context,DeliveryFlatRateOptionDefinition.includedLocations,LEAD_COMPLETENESS_PASS
DeliveryFlatRateOptionDefinition,isActive,connector_context,market_delivery_shipping,2026-07,admin_graphql_catalogs_markets,READ from Market.delivery.shipping / shipping option graph,WRITE through corresponding 2026-07 market-driven shipping input where mutable,Fulfillment/shipping channel context,DeliveryFlatRateOptionDefinition.isActive,LEAD_COMPLETENESS_PASS
DeliveryFlatRateOptionDefinition,name,connector_context,market_delivery_shipping,2026-07,admin_graphql_catalogs_markets,READ from Market.delivery.shipping / shipping option graph,WRITE through corresponding 2026-07 market-driven shipping input where mutable,Fulfillment/shipping channel context,DeliveryFlatRateOptionDefinition.name,LEAD_COMPLETENESS_PASS
DeliveryFlatRateOptionDefinition,rateGroups,structured_capability,market_delivery_shipping,2026-07,admin_graphql_catalogs_markets,READ from Market.delivery.shipping / shipping option graph,WRITE through corresponding 2026-07 market-driven shipping input where mutable,Fulfillment/shipping channel context,DeliveryFlatRateOptionDefinition.rateGroups,LEAD_COMPLETENESS_PASS
DeliveryCarrierCalculatedOptionDefinition,currency,domain_value,market_delivery_shipping,2026-07,admin_graphql_catalogs_markets,READ from Market.delivery.shipping / shipping option graph,WRITE through corresponding 2026-07 market-driven shipping input where mutable,Fulfillment/shipping channel context,DeliveryCarrierCalculatedOptionDefinition.currency,LEAD_COMPLETENESS_PASS
DeliveryCarrierCalculatedOptionDefinition,description,connector_context,market_delivery_shipping,2026-07,admin_graphql_catalogs_markets,READ from Market.delivery.shipping / shipping option graph,WRITE through corresponding 2026-07 market-driven shipping input where mutable,Fulfillment/shipping channel context,DeliveryCarrierCalculatedOptionDefinition.description,LEAD_COMPLETENESS_PASS
DeliveryCarrierCalculatedOptionDefinition,freeDeliveryMinimumValue,domain_value,market_delivery_shipping,2026-07,admin_graphql_catalogs_markets,READ from Market.delivery.shipping / shipping option graph,WRITE through corresponding 2026-07 market-driven shipping input where mutable,Fulfillment/shipping channel context,DeliveryCarrierCalculatedOptionDefinition.freeDeliveryMinimumValue,LEAD_COMPLETENESS_PASS
DeliveryCarrierCalculatedOptionDefinition,id,external_system_metadata,market_delivery_shipping,2026-07,admin_graphql_catalogs_markets,READ from Market.delivery.shipping / shipping option graph,system-owned external identity,Fulfillment/shipping channel context,DeliveryCarrierCalculatedOptionDefinition.id,LEAD_COMPLETENESS_PASS
DeliveryCarrierCalculatedOptionDefinition,includedCollections,structured_capability,market_delivery_shipping,2026-07,admin_graphql_catalogs_markets,READ from Market.delivery.shipping / shipping option graph,WRITE through corresponding 2026-07 market-driven shipping input where mutable,Fulfillment/shipping channel context,DeliveryCarrierCalculatedOptionDefinition.includedCollections,LEAD_COMPLETENESS_PASS
DeliveryCarrierCalculatedOptionDefinition,includedLocations,structured_capability,market_delivery_shipping,2026-07,admin_graphql_catalogs_markets,READ from Market.delivery.shipping / shipping option graph,WRITE through corresponding 2026-07 market-driven shipping input where mutable,Fulfillment/shipping channel context,DeliveryCarrierCalculatedOptionDefinition.includedLocations,LEAD_COMPLETENESS_PASS
DeliveryCarrierCalculatedOptionDefinition,isActive,connector_context,market_delivery_shipping,2026-07,admin_graphql_catalogs_markets,READ from Market.delivery.shipping / shipping option graph,WRITE through corresponding 2026-07 market-driven shipping input where mutable,Fulfillment/shipping channel context,DeliveryCarrierCalculatedOptionDefinition.isActive,LEAD_COMPLETENESS_PASS
DeliveryCarrierCalculatedOptionDefinition,rateGroups,structured_capability,market_delivery_shipping,2026-07,admin_graphql_catalogs_markets,READ from Market.delivery.shipping / shipping option graph,WRITE through corresponding 2026-07 market-driven shipping input where mutable,Fulfillment/shipping channel context,DeliveryCarrierCalculatedOptionDefinition.rateGroups,LEAD_COMPLETENESS_PASS
DeliveryValueBasedOptionDefinition,currency,domain_value,market_delivery_shipping,2026-07,admin_graphql_catalogs_markets,READ from Market.delivery.shipping / shipping option graph,WRITE through corresponding 2026-07 market-driven shipping input where mutable,Fulfillment/shipping channel context,DeliveryValueBasedOptionDefinition.currency,LEAD_COMPLETENESS_PASS
DeliveryValueBasedOptionDefinition,description,connector_context,market_delivery_shipping,2026-07,admin_graphql_catalogs_markets,READ from Market.delivery.shipping / shipping option graph,WRITE through corresponding 2026-07 market-driven shipping input where mutable,Fulfillment/shipping channel context,DeliveryValueBasedOptionDefinition.description,LEAD_COMPLETENESS_PASS
DeliveryValueBasedOptionDefinition,freeDeliveryMinimumValue,domain_value,market_delivery_shipping,2026-07,admin_graphql_catalogs_markets,READ from Market.delivery.shipping / shipping option graph,WRITE through corresponding 2026-07 market-driven shipping input where mutable,Fulfillment/shipping channel context,DeliveryValueBasedOptionDefinition.freeDeliveryMinimumValue,LEAD_COMPLETENESS_PASS
DeliveryValueBasedOptionDefinition,id,external_system_metadata,market_delivery_shipping,2026-07,admin_graphql_catalogs_markets,READ from Market.delivery.shipping / shipping option graph,system-owned external identity,Fulfillment/shipping channel context,DeliveryValueBasedOptionDefinition.id,LEAD_COMPLETENESS_PASS
DeliveryValueBasedOptionDefinition,includedCollections,structured_capability,market_delivery_shipping,2026-07,admin_graphql_catalogs_markets,READ from Market.delivery.shipping / shipping option graph,WRITE through corresponding 2026-07 market-driven shipping input where mutable,Fulfillment/shipping channel context,DeliveryValueBasedOptionDefinition.includedCollections,LEAD_COMPLETENESS_PASS
DeliveryValueBasedOptionDefinition,includedLocations,structured_capability,market_delivery_shipping,2026-07,admin_graphql_catalogs_markets,READ from Market.delivery.shipping / shipping option graph,WRITE through corresponding 2026-07 market-driven shipping input where mutable,Fulfillment/shipping channel context,DeliveryValueBasedOptionDefinition.includedLocations,LEAD_COMPLETENESS_PASS
DeliveryValueBasedOptionDefinition,isActive,connector_context,market_delivery_shipping,2026-07,admin_graphql_catalogs_markets,READ from Market.delivery.shipping / shipping option graph,WRITE through corresponding 2026-07 market-driven shipping input where mutable,Fulfillment/shipping channel context,DeliveryValueBasedOptionDefinition.isActive,LEAD_COMPLETENESS_PASS
DeliveryValueBasedOptionDefinition,name,connector_context,market_delivery_shipping,2026-07,admin_graphql_catalogs_markets,READ from Market.delivery.shipping / shipping option graph,WRITE through corresponding 2026-07 market-driven shipping input where mutable,Fulfillment/shipping channel context,DeliveryValueBasedOptionDefinition.name,LEAD_COMPLETENESS_PASS
DeliveryValueBasedOptionDefinition,rateGroups,structured_capability,market_delivery_shipping,2026-07,admin_graphql_catalogs_markets,READ from Market.delivery.shipping / shipping option graph,WRITE through corresponding 2026-07 market-driven shipping input where mutable,Fulfillment/shipping channel context,DeliveryValueBasedOptionDefinition.rateGroups,LEAD_COMPLETENESS_PASS
DeliveryWeightBasedOptionDefinition,currency,domain_value,market_delivery_shipping,2026-07,admin_graphql_catalogs_markets,READ from Market.delivery.shipping / shipping option graph,WRITE through corresponding 2026-07 market-driven shipping input where mutable,Fulfillment/shipping channel context,DeliveryWeightBasedOptionDefinition.currency,LEAD_COMPLETENESS_PASS
DeliveryWeightBasedOptionDefinition,description,connector_context,market_delivery_shipping,2026-07,admin_graphql_catalogs_markets,READ from Market.delivery.shipping / shipping option graph,WRITE through corresponding 2026-07 market-driven shipping input where mutable,Fulfillment/shipping channel context,DeliveryWeightBasedOptionDefinition.description,LEAD_COMPLETENESS_PASS
DeliveryWeightBasedOptionDefinition,freeDeliveryMinimumValue,domain_value,market_delivery_shipping,2026-07,admin_graphql_catalogs_markets,READ from Market.delivery.shipping / shipping option graph,WRITE through corresponding 2026-07 market-driven shipping input where mutable,Fulfillment/shipping channel context,DeliveryWeightBasedOptionDefinition.freeDeliveryMinimumValue,LEAD_COMPLETENESS_PASS
DeliveryWeightBasedOptionDefinition,id,external_system_metadata,market_delivery_shipping,2026-07,admin_graphql_catalogs_markets,READ from Market.delivery.shipping / shipping option graph,system-owned external identity,Fulfillment/shipping channel context,DeliveryWeightBasedOptionDefinition.id,LEAD_COMPLETENESS_PASS
DeliveryWeightBasedOptionDefinition,includedCollections,structured_capability,market_delivery_shipping,2026-07,admin_graphql_catalogs_markets,READ from Market.delivery.shipping / shipping option graph,WRITE through corresponding 2026-07 market-driven shipping input where mutable,Fulfillment/shipping channel context,DeliveryWeightBasedOptionDefinition.includedCollections,LEAD_COMPLETENESS_PASS
DeliveryWeightBasedOptionDefinition,includedLocations,structured_capability,market_delivery_shipping,2026-07,admin_graphql_catalogs_markets,READ from Market.delivery.shipping / shipping option graph,WRITE through corresponding 2026-07 market-driven shipping input where mutable,Fulfillment/shipping channel context,DeliveryWeightBasedOptionDefinition.includedLocations,LEAD_COMPLETENESS_PASS
DeliveryWeightBasedOptionDefinition,isActive,connector_context,market_delivery_shipping,2026-07,admin_graphql_catalogs_markets,READ from Market.delivery.shipping / shipping option graph,WRITE through corresponding 2026-07 market-driven shipping input where mutable,Fulfillment/shipping channel context,DeliveryWeightBasedOptionDefinition.isActive,LEAD_COMPLETENESS_PASS
DeliveryWeightBasedOptionDefinition,name,connector_context,market_delivery_shipping,2026-07,admin_graphql_catalogs_markets,READ from Market.delivery.shipping / shipping option graph,WRITE through corresponding 2026-07 market-driven shipping input where mutable,Fulfillment/shipping channel context,DeliveryWeightBasedOptionDefinition.name,LEAD_COMPLETENESS_PASS
DeliveryWeightBasedOptionDefinition,rateGroups,structured_capability,market_delivery_shipping,2026-07,admin_graphql_catalogs_markets,READ from Market.delivery.shipping / shipping option graph,WRITE through corresponding 2026-07 market-driven shipping input where mutable,Fulfillment/shipping channel context,DeliveryWeightBasedOptionDefinition.rateGroups,LEAD_COMPLETENESS_PASS
DeliveryCarrierCalculatedRateGroup,absoluteAdjustment,domain_value,market_delivery_shipping,2026-07,admin_graphql_catalogs_markets,READ from Market.delivery.shipping / shipping option graph,WRITE through corresponding 2026-07 market-driven shipping input where mutable,Fulfillment/shipping channel context,DeliveryCarrierCalculatedRateGroup.absoluteAdjustment,LEAD_COMPLETENESS_PASS
DeliveryCarrierCalculatedRateGroup,autoIncludeNewServices,connector_context,market_delivery_shipping,2026-07,admin_graphql_catalogs_markets,READ from Market.delivery.shipping / shipping option graph,WRITE through corresponding 2026-07 market-driven shipping input where mutable,Fulfillment/shipping channel context,DeliveryCarrierCalculatedRateGroup.autoIncludeNewServices,LEAD_COMPLETENESS_PASS
DeliveryCarrierCalculatedRateGroup,carrierService,structured_capability,market_delivery_shipping,2026-07,admin_graphql_catalogs_markets,READ from Market.delivery.shipping / shipping option graph,WRITE through corresponding 2026-07 market-driven shipping input where mutable,Fulfillment/shipping channel context,DeliveryCarrierCalculatedRateGroup.carrierService,LEAD_COMPLETENESS_PASS
DeliveryCarrierCalculatedRateGroup,conditions,structured_capability,market_delivery_shipping,2026-07,admin_graphql_catalogs_markets,READ from Market.delivery.shipping / shipping option graph,WRITE through corresponding 2026-07 market-driven shipping input where mutable,Fulfillment/shipping channel context,DeliveryCarrierCalculatedRateGroup.conditions,LEAD_COMPLETENESS_PASS
DeliveryCarrierCalculatedRateGroup,id,external_system_metadata,market_delivery_shipping,2026-07,admin_graphql_catalogs_markets,READ from Market.delivery.shipping / shipping option graph,system-owned external identity,Fulfillment/shipping channel context,DeliveryCarrierCalculatedRateGroup.id,LEAD_COMPLETENESS_PASS
DeliveryCarrierCalculatedRateGroup,percentageAdjustment,domain_value,market_delivery_shipping,2026-07,admin_graphql_catalogs_markets,READ from Market.delivery.shipping / shipping option graph,WRITE through corresponding 2026-07 market-driven shipping input where mutable,Fulfillment/shipping channel context,DeliveryCarrierCalculatedRateGroup.percentageAdjustment,LEAD_COMPLETENESS_PASS
DeliveryCarrierCalculatedRateGroup,serviceConfiguration,structured_capability,market_delivery_shipping,2026-07,admin_graphql_catalogs_markets,READ from Market.delivery.shipping / shipping option graph,WRITE through corresponding 2026-07 market-driven shipping input where mutable,Fulfillment/shipping channel context,DeliveryCarrierCalculatedRateGroup.serviceConfiguration,LEAD_COMPLETENESS_PASS
DeliveryFlatRateGroup,conditions,structured_capability,market_delivery_shipping,2026-07,admin_graphql_catalogs_markets,READ from Market.delivery.shipping / shipping option graph,WRITE through corresponding 2026-07 market-driven shipping input where mutable,Fulfillment/shipping channel context,DeliveryFlatRateGroup.conditions,LEAD_COMPLETENESS_PASS
DeliveryFlatRateGroup,id,external_system_metadata,market_delivery_shipping,2026-07,admin_graphql_catalogs_markets,READ from Market.delivery.shipping / shipping option graph,system-owned external identity,Fulfillment/shipping channel context,DeliveryFlatRateGroup.id,LEAD_COMPLETENESS_PASS
DeliveryFlatRateGroup,rate,connector_context,market_delivery_shipping,2026-07,admin_graphql_catalogs_markets,READ from Market.delivery.shipping / shipping option graph,WRITE through corresponding 2026-07 market-driven shipping input where mutable,Fulfillment/shipping channel context,DeliveryFlatRateGroup.rate,LEAD_COMPLETENESS_PASS
DeliveryValueBasedRateGroup,conditions,structured_capability,market_delivery_shipping,2026-07,admin_graphql_catalogs_markets,READ from Market.delivery.shipping / shipping option graph,WRITE through corresponding 2026-07 market-driven shipping input where mutable,Fulfillment/shipping channel context,DeliveryValueBasedRateGroup.conditions,LEAD_COMPLETENESS_PASS
DeliveryValueBasedRateGroup,id,external_system_metadata,market_delivery_shipping,2026-07,admin_graphql_catalogs_markets,READ from Market.delivery.shipping / shipping option graph,system-owned external identity,Fulfillment/shipping channel context,DeliveryValueBasedRateGroup.id,LEAD_COMPLETENESS_PASS
DeliveryValueBasedRateGroup,rates,structured_capability,market_delivery_shipping,2026-07,admin_graphql_catalogs_markets,READ from Market.delivery.shipping / shipping option graph,WRITE through corresponding 2026-07 market-driven shipping input where mutable,Fulfillment/shipping channel context,DeliveryValueBasedRateGroup.rates,LEAD_COMPLETENESS_PASS
DeliveryWeightBasedRateGroup,conditions,structured_capability,market_delivery_shipping,2026-07,admin_graphql_catalogs_markets,READ from Market.delivery.shipping / shipping option graph,WRITE through corresponding 2026-07 market-driven shipping input where mutable,Fulfillment/shipping channel context,DeliveryWeightBasedRateGroup.conditions,LEAD_COMPLETENESS_PASS
DeliveryWeightBasedRateGroup,id,external_system_metadata,market_delivery_shipping,2026-07,admin_graphql_catalogs_markets,READ from Market.delivery.shipping / shipping option graph,system-owned external identity,Fulfillment/shipping channel context,DeliveryWeightBasedRateGroup.id,LEAD_COMPLETENESS_PASS
DeliveryWeightBasedRateGroup,rates,structured_capability,market_delivery_shipping,2026-07,admin_graphql_catalogs_markets,READ from Market.delivery.shipping / shipping option graph,WRITE through corresponding 2026-07 market-driven shipping input where mutable,Fulfillment/shipping channel context,DeliveryWeightBasedRateGroup.rates,LEAD_COMPLETENESS_PASS
DeliveryRateGroupConditions,collections,connector_context,market_delivery_shipping,2026-07,admin_graphql_catalogs_markets,READ from Market.delivery.shipping / shipping option graph,WRITE through corresponding 2026-07 market-driven shipping input where mutable,Fulfillment/shipping channel context,DeliveryRateGroupConditions.collections,LEAD_COMPLETENESS_PASS
DeliveryRateGroupConditions,collectionsCount,derived_projection,market_delivery_shipping,2026-07,admin_graphql_catalogs_markets,READ from Market.delivery.shipping / shipping option graph,system-owned derived count,Fulfillment/shipping channel context,DeliveryRateGroupConditions.collectionsCount,LEAD_COMPLETENESS_PASS
DeliveryRateGroupConditions,originLocations,connector_context,market_delivery_shipping,2026-07,admin_graphql_catalogs_markets,READ from Market.delivery.shipping / shipping option graph,WRITE through corresponding 2026-07 market-driven shipping input where mutable,Fulfillment/shipping channel context,DeliveryRateGroupConditions.originLocations,LEAD_COMPLETENESS_PASS
DeliveryRateGroupConditions,originLocationsCount,derived_projection,market_delivery_shipping,2026-07,admin_graphql_catalogs_markets,READ from Market.delivery.shipping / shipping option graph,system-owned derived count,Fulfillment/shipping channel context,DeliveryRateGroupConditions.originLocationsCount,LEAD_COMPLETENESS_PASS
DeliveryFlatRate,id,external_system_metadata,market_delivery_shipping,2026-07,admin_graphql_catalogs_markets,READ from Market.delivery.shipping / shipping option graph,system-owned external identity,Fulfillment/shipping channel context,DeliveryFlatRate.id,LEAD_COMPLETENESS_PASS
DeliveryFlatRate,price,domain_value,market_delivery_shipping,2026-07,admin_graphql_catalogs_markets,READ from Market.delivery.shipping / shipping option graph,WRITE through corresponding 2026-07 market-driven shipping input where mutable,Fulfillment/shipping channel context,DeliveryFlatRate.price,LEAD_COMPLETENESS_PASS
DeliveryFlatRate,transitTimeMaxSeconds,domain_value,market_delivery_shipping,2026-07,admin_graphql_catalogs_markets,READ from Market.delivery.shipping / shipping option graph,WRITE through corresponding 2026-07 market-driven shipping input where mutable,Fulfillment/shipping channel context,DeliveryFlatRate.transitTimeMaxSeconds,LEAD_COMPLETENESS_PASS
DeliveryFlatRate,transitTimeMinSeconds,domain_value,market_delivery_shipping,2026-07,admin_graphql_catalogs_markets,READ from Market.delivery.shipping / shipping option graph,WRITE through corresponding 2026-07 market-driven shipping input where mutable,Fulfillment/shipping channel context,DeliveryFlatRate.transitTimeMinSeconds,LEAD_COMPLETENESS_PASS
DeliveryValueBasedRate,id,external_system_metadata,market_delivery_shipping,2026-07,admin_graphql_catalogs_markets,READ from Market.delivery.shipping / shipping option graph,system-owned external identity,Fulfillment/shipping channel context,DeliveryValueBasedRate.id,LEAD_COMPLETENESS_PASS
DeliveryValueBasedRate,maxValue,connector_context,market_delivery_shipping,2026-07,admin_graphql_catalogs_markets,READ from Market.delivery.shipping / shipping option graph,WRITE through corresponding 2026-07 market-driven shipping input where mutable,Fulfillment/shipping channel context,DeliveryValueBasedRate.maxValue,LEAD_COMPLETENESS_PASS
DeliveryValueBasedRate,minValue,connector_context,market_delivery_shipping,2026-07,admin_graphql_catalogs_markets,READ from Market.delivery.shipping / shipping option graph,WRITE through corresponding 2026-07 market-driven shipping input where mutable,Fulfillment/shipping channel context,DeliveryValueBasedRate.minValue,LEAD_COMPLETENESS_PASS
DeliveryValueBasedRate,price,domain_value,market_delivery_shipping,2026-07,admin_graphql_catalogs_markets,READ from Market.delivery.shipping / shipping option graph,WRITE through corresponding 2026-07 market-driven shipping input where mutable,Fulfillment/shipping channel context,DeliveryValueBasedRate.price,LEAD_COMPLETENESS_PASS
DeliveryValueBasedRate,transitTimeMaxSeconds,domain_value,market_delivery_shipping,2026-07,admin_graphql_catalogs_markets,READ from Market.delivery.shipping / shipping option graph,WRITE through corresponding 2026-07 market-driven shipping input where mutable,Fulfillment/shipping channel context,DeliveryValueBasedRate.transitTimeMaxSeconds,LEAD_COMPLETENESS_PASS
DeliveryValueBasedRate,transitTimeMinSeconds,domain_value,market_delivery_shipping,2026-07,admin_graphql_catalogs_markets,READ from Market.delivery.shipping / shipping option graph,WRITE through corresponding 2026-07 market-driven shipping input where mutable,Fulfillment/shipping channel context,DeliveryValueBasedRate.transitTimeMinSeconds,LEAD_COMPLETENESS_PASS
DeliveryWeightBasedRate,id,external_system_metadata,market_delivery_shipping,2026-07,admin_graphql_catalogs_markets,READ from Market.delivery.shipping / shipping option graph,system-owned external identity,Fulfillment/shipping channel context,DeliveryWeightBasedRate.id,LEAD_COMPLETENESS_PASS
DeliveryWeightBasedRate,maxWeight,domain_value,market_delivery_shipping,2026-07,admin_graphql_catalogs_markets,READ from Market.delivery.shipping / shipping option graph,WRITE through corresponding 2026-07 market-driven shipping input where mutable,Fulfillment/shipping channel context,DeliveryWeightBasedRate.maxWeight,LEAD_COMPLETENESS_PASS
DeliveryWeightBasedRate,minWeight,domain_value,market_delivery_shipping,2026-07,admin_graphql_catalogs_markets,READ from Market.delivery.shipping / shipping option graph,WRITE through corresponding 2026-07 market-driven shipping input where mutable,Fulfillment/shipping channel context,DeliveryWeightBasedRate.minWeight,LEAD_COMPLETENESS_PASS
DeliveryWeightBasedRate,price,domain_value,market_delivery_shipping,2026-07,admin_graphql_catalogs_markets,READ from Market.delivery.shipping / shipping option graph,WRITE through corresponding 2026-07 market-driven shipping input where mutable,Fulfillment/shipping channel context,DeliveryWeightBasedRate.price,LEAD_COMPLETENESS_PASS
DeliveryWeightBasedRate,transitTimeMaxSeconds,domain_value,market_delivery_shipping,2026-07,admin_graphql_catalogs_markets,READ from Market.delivery.shipping / shipping option graph,WRITE through corresponding 2026-07 market-driven shipping input where mutable,Fulfillment/shipping channel context,DeliveryWeightBasedRate.transitTimeMaxSeconds,LEAD_COMPLETENESS_PASS
DeliveryWeightBasedRate,transitTimeMinSeconds,domain_value,market_delivery_shipping,2026-07,admin_graphql_catalogs_markets,READ from Market.delivery.shipping / shipping option graph,WRITE through corresponding 2026-07 market-driven shipping input where mutable,Fulfillment/shipping channel context,DeliveryWeightBasedRate.transitTimeMinSeconds,LEAD_COMPLETENESS_PASS
MarketConditions,channelsCondition,structured_capability,pricing_contextual_catalogs,2026-07,admin_graphql_catalogs_markets,READ from Market.conditions / region condition graph,WRITE through MarketCreateInput/MarketUpdateInput conditions where supported,Connector/channel market context,MarketConditions.channelsCondition,LEAD_COMPLETENESS_PASS
MarketConditions,companyLocationsCondition,structured_capability,pricing_contextual_catalogs,2026-07,admin_graphql_catalogs_markets,READ from Market.conditions / region condition graph,WRITE through MarketCreateInput/MarketUpdateInput conditions where supported,Connector/channel market context,MarketConditions.companyLocationsCondition,LEAD_COMPLETENESS_PASS
MarketConditions,conditionTypes,derived_projection,pricing_contextual_catalogs,2026-07,admin_graphql_catalogs_markets,READ from Market.conditions / region condition graph,system-owned/derived market condition projection,Connector/channel market context,MarketConditions.conditionTypes,LEAD_COMPLETENESS_PASS
MarketConditions,locationsCondition,structured_capability,pricing_contextual_catalogs,2026-07,admin_graphql_catalogs_markets,READ from Market.conditions / region condition graph,WRITE through MarketCreateInput/MarketUpdateInput conditions where supported,Connector/channel market context,MarketConditions.locationsCondition,LEAD_COMPLETENESS_PASS
MarketConditions,regionsCondition,structured_capability,pricing_contextual_catalogs,2026-07,admin_graphql_catalogs_markets,READ from Market.conditions / region condition graph,WRITE through MarketCreateInput/MarketUpdateInput conditions where supported,Connector/channel market context,MarketConditions.regionsCondition,LEAD_COMPLETENESS_PASS
MarketRegion,id,external_system_metadata,pricing_contextual_catalogs,2026-07,admin_graphql_catalogs_markets,READ from Market.conditions / region condition graph,system-owned external identity,Connector/channel market context,MarketRegion.id,LEAD_COMPLETENESS_PASS
MarketRegion,name,connector_context,pricing_contextual_catalogs,2026-07,admin_graphql_catalogs_markets,READ from Market.conditions / region condition graph,WRITE through MarketCreateInput/MarketUpdateInput conditions where supported,Connector/channel market context,MarketRegion.name,LEAD_COMPLETENESS_PASS
MarketRegionCountry,code,connector_context,pricing_contextual_catalogs,2026-07,admin_graphql_catalogs_markets,READ from Market.conditions / region condition graph,WRITE through MarketCreateInput/MarketUpdateInput conditions where supported,Connector/channel market context,MarketRegionCountry.code,LEAD_COMPLETENESS_PASS
MarketRegionCountry,currency,connector_context,pricing_contextual_catalogs,2026-07,admin_graphql_catalogs_markets,READ from Market.conditions / region condition graph,WRITE through MarketCreateInput/MarketUpdateInput conditions where supported,Connector/channel market context,MarketRegionCountry.currency,LEAD_COMPLETENESS_PASS
MarketRegionCountry,id,external_system_metadata,pricing_contextual_catalogs,2026-07,admin_graphql_catalogs_markets,READ from Market.conditions / region condition graph,system-owned external identity,Connector/channel market context,MarketRegionCountry.id,LEAD_COMPLETENESS_PASS
MarketRegionCountry,name,connector_context,pricing_contextual_catalogs,2026-07,admin_graphql_catalogs_markets,READ from Market.conditions / region condition graph,WRITE through MarketCreateInput/MarketUpdateInput conditions where supported,Connector/channel market context,MarketRegionCountry.name,LEAD_COMPLETENESS_PASS
MarketRegionSubdivision,code,connector_context,pricing_contextual_catalogs,2026-07,admin_graphql_catalogs_markets,READ from Market.conditions / region condition graph,WRITE through MarketCreateInput/MarketUpdateInput conditions where supported,Connector/channel market context,MarketRegionSubdivision.code,LEAD_COMPLETENESS_PASS
MarketRegionSubdivision,country,structured_capability,pricing_contextual_catalogs,2026-07,admin_graphql_catalogs_markets,READ from Market.conditions / region condition graph,WRITE through MarketCreateInput/MarketUpdateInput conditions where supported,Connector/channel market context,MarketRegionSubdivision.country,LEAD_COMPLETENESS_PASS
MarketRegionSubdivision,id,external_system_metadata,pricing_contextual_catalogs,2026-07,admin_graphql_catalogs_markets,READ from Market.conditions / region condition graph,system-owned external identity,Connector/channel market context,MarketRegionSubdivision.id,LEAD_COMPLETENESS_PASS
MarketRegionSubdivision,name,connector_context,pricing_contextual_catalogs,2026-07,admin_graphql_catalogs_markets,READ from Market.conditions / region condition graph,WRITE through MarketCreateInput/MarketUpdateInput conditions where supported,Connector/channel market context,MarketRegionSubdivision.name,LEAD_COMPLETENESS_PASS
ChannelsCondition,applicationLevel,connector_context,pricing_contextual_catalogs,2026-07,admin_graphql_catalogs_markets,READ from Market.conditions / region condition graph,WRITE through MarketCreateInput/MarketUpdateInput conditions where supported,Connector/channel market context,ChannelsCondition.applicationLevel,LEAD_COMPLETENESS_PASS
ChannelsCondition,channels,structured_capability,pricing_contextual_catalogs,2026-07,admin_graphql_catalogs_markets,READ from Market.conditions / region condition graph,WRITE through MarketCreateInput/MarketUpdateInput conditions where supported,Connector/channel market context,ChannelsCondition.channels,LEAD_COMPLETENESS_PASS
ChannelsCondition,channelsCount,derived_projection,pricing_contextual_catalogs,2026-07,admin_graphql_catalogs_markets,READ from Market.conditions / region condition graph,system-owned/derived market condition projection,Connector/channel market context,ChannelsCondition.channelsCount,LEAD_COMPLETENESS_PASS
CompanyLocationsCondition,applicationLevel,connector_context,pricing_contextual_catalogs,2026-07,admin_graphql_catalogs_markets,READ from Market.conditions / region condition graph,WRITE through MarketCreateInput/MarketUpdateInput conditions where supported,Connector/channel market context,CompanyLocationsCondition.applicationLevel,LEAD_COMPLETENESS_PASS
CompanyLocationsCondition,companyLocations,structured_capability,pricing_contextual_catalogs,2026-07,admin_graphql_catalogs_markets,READ from Market.conditions / region condition graph,WRITE through MarketCreateInput/MarketUpdateInput conditions where supported,Connector/channel market context,CompanyLocationsCondition.companyLocations,LEAD_COMPLETENESS_PASS
LocationsCondition,applicationLevel,connector_context,pricing_contextual_catalogs,2026-07,admin_graphql_catalogs_markets,READ from Market.conditions / region condition graph,WRITE through MarketCreateInput/MarketUpdateInput conditions where supported,Connector/channel market context,LocationsCondition.applicationLevel,LEAD_COMPLETENESS_PASS
LocationsCondition,locations,structured_capability,pricing_contextual_catalogs,2026-07,admin_graphql_catalogs_markets,READ from Market.conditions / region condition graph,WRITE through MarketCreateInput/MarketUpdateInput conditions where supported,Connector/channel market context,LocationsCondition.locations,LEAD_COMPLETENESS_PASS
RegionsCondition,applicationLevel,connector_context,pricing_contextual_catalogs,2026-07,admin_graphql_catalogs_markets,READ from Market.conditions / region condition graph,WRITE through MarketCreateInput/MarketUpdateInput conditions where supported,Connector/channel market context,RegionsCondition.applicationLevel,LEAD_COMPLETENESS_PASS
RegionsCondition,regions,structured_capability,pricing_contextual_catalogs,2026-07,admin_graphql_catalogs_markets,READ from Market.conditions / region condition graph,WRITE through MarketCreateInput/MarketUpdateInput conditions where supported,Connector/channel market context,RegionsCondition.regions,LEAD_COMPLETENESS_PASS
